species	imgt_gene_id	functionality	gene_definition	allele_count	chromosome	chromosomal_localization	ligm_db_accessions	ncbi_gene_id
Bos taurus	TRAC	F	Bos taurus T cell receptor alpha constant	2	10		BK064707	-
Bos taurus	TRAJ1	F	Bos taurus T cell receptor alpha joining 1	1	10		BK064707	-
Bos taurus	TRAJ10	F	Bos taurus T cell receptor alpha joining 10	1	10		BK064707	-
Bos taurus	TRAJ11	F	Bos taurus T cell receptor alpha joining 11	2	10		BK064707	-
Bos taurus	TRAJ12	F	Bos taurus T cell receptor alpha joining 12	1	10		BK064707	-
Bos taurus	TRAJ13	P	Bos taurus T cell receptor alpha joining 13	2	10		BK064707	-
Bos taurus	TRAJ14	P	Bos taurus T cell receptor alpha joining 14	2	10		BK064707	-
Bos taurus	TRAJ15	F  P	Bos taurus T cell receptor alpha joining 15	2	10		BK064707	-
Bos taurus	TRAJ16	F	Bos taurus T cell receptor alpha joining 16	1	10		BK064707	-
Bos taurus	TRAJ17	F	Bos taurus T cell receptor alpha joining 17	1	10		BK064707	-
Bos taurus	TRAJ18	F	Bos taurus T cell receptor alpha joining 18	1	10		BK064707	-
Bos taurus	TRAJ19	P	Bos taurus T cell receptor alpha joining 19	1	10		BK064707	-
Bos taurus	TRAJ2	F	Bos taurus T cell receptor alpha joining 2	1	10		BK064707	-
Bos taurus	TRAJ20	F	Bos taurus T cell receptor alpha joining 20	1	10		BK064707	-
Bos taurus	TRAJ21	F	Bos taurus T cell receptor alpha joining 21	1	10		BK064707	-
Bos taurus	TRAJ22	F	Bos taurus T cell receptor alpha joining 22	1	10		BK064707	-
Bos taurus	TRAJ23	F	Bos taurus T cell receptor alpha joining 23	1	10		BK064707	-
Bos taurus	TRAJ24	F	Bos taurus T cell receptor alpha joining 24	1	10		BK064707	-
Bos taurus	TRAJ25	F	Bos taurus T cell receptor alpha joining 25	2	10		BK064707	-
Bos taurus	TRAJ26	ORF	Bos taurus T cell receptor alpha joining 26	1	10		BK064707	-
Bos taurus	TRAJ27	F	Bos taurus T cell receptor alpha joining 27	1	10		BK064707	-
Bos taurus	TRAJ28	F	Bos taurus T cell receptor alpha joining 28	1	10		BK064707	-
Bos taurus	TRAJ29	F	Bos taurus T cell receptor alpha joining 29	1	10		BK064707	-
Bos taurus	TRAJ3	F	Bos taurus T cell receptor alpha joining 3	1	10		BK064707	-
Bos taurus	TRAJ30	F	Bos taurus T cell receptor alpha joining 30	1	10		BK064707	-
Bos taurus	TRAJ31	F	Bos taurus T cell receptor alpha joining 31	2	10		BK064707	-
Bos taurus	TRAJ32	F	Bos taurus T cell receptor alpha joining 32	1	10		BK064707	-
Bos taurus	TRAJ33	F	Bos taurus T cell receptor alpha joining 33	1	10		BK064707	-
Bos taurus	TRAJ34	F	Bos taurus T cell receptor alpha joining 34	1	10		BK064707	-
Bos taurus	TRAJ35	ORF	Bos taurus T cell receptor alpha joining 35	1	10		BK064707	-
Bos taurus	TRAJ36	F	Bos taurus T cell receptor alpha joining 36	1	10		BK064707	-
Bos taurus	TRAJ37	F	Bos taurus T cell receptor alpha joining 37	2	10		BK064707	-
Bos taurus	TRAJ38	F	Bos taurus T cell receptor alpha joining 38	1	10		BK064707	-
Bos taurus	TRAJ39	F	Bos taurus T cell receptor alpha joining 39	2	10		BK064707	-
Bos taurus	TRAJ4	F  P	Bos taurus T cell receptor alpha joining 4	2	10		BK064707	-
Bos taurus	TRAJ40	F	Bos taurus T cell receptor alpha joining 40	1	10		BK064707	-
Bos taurus	TRAJ41	F	Bos taurus T cell receptor alpha joining 41	2	10		BK064707	-
Bos taurus	TRAJ42	F	Bos taurus T cell receptor alpha joining 42	1	10		BK064707	-
Bos taurus	TRAJ43	F	Bos taurus T cell receptor alpha joining 43	1	10		BK064707	-
Bos taurus	TRAJ44	F	Bos taurus T cell receptor alpha joining 44	1	10		BK064707	-
Bos taurus	TRAJ45	F	Bos taurus T cell receptor alpha joining 45	2	10		BK064707	-
Bos taurus	TRAJ46	F	Bos taurus T cell receptor alpha joining 46	1	10		BK064707	-
Bos taurus	TRAJ47	F	Bos taurus T cell receptor alpha joining 47	1	10		BK064707	-
Bos taurus	TRAJ48	F	Bos taurus T cell receptor alpha joining 48	1	10		BK064707	-
Bos taurus	TRAJ49	F	Bos taurus T cell receptor alpha joining 49	1	10		BK064707	-
Bos taurus	TRAJ5	F	Bos taurus T cell receptor alpha joining 5	1	10		BK064707	-
Bos taurus	TRAJ50	F	Bos taurus T cell receptor alpha joining 50	1	10		BK064707	-
Bos taurus	TRAJ52	F	Bos taurus T cell receptor alpha joining 52	1	10		BK064707	-
Bos taurus	TRAJ53	F	Bos taurus T cell receptor alpha joining 53	1	10		BK064707	-
Bos taurus	TRAJ54	F	Bos taurus T cell receptor alpha joining 54	1	10		BK064707	-
Bos taurus	TRAJ56	F	Bos taurus T cell receptor alpha joining 56	1	10		BK064707	-
Bos taurus	TRAJ57	F	Bos taurus T cell receptor alpha joining 57	1	10		BK064707	-
Bos taurus	TRAJ58	F	Bos taurus T cell receptor alpha joining 58	1	10		BK064707	-
Bos taurus	TRAJ59	F	Bos taurus T cell receptor alpha joining 59	1	10		BK064707	-
Bos taurus	TRAJ6	F	Bos taurus T cell receptor alpha joining 6	1	10		BK064707	-
Bos taurus	TRAJ60	F	Bos taurus T cell receptor alpha joining 60	1	10		BK064707	-
Bos taurus	TRAJ61	P	Bos taurus T cell receptor alpha joining 61	1	10		BK064707	-
Bos taurus	TRAJ7	F	Bos taurus T cell receptor alpha joining 7	1	10		BK064707	-
Bos taurus	TRAJ8-1	F	Bos taurus T cell receptor alpha joining 8-1	1	10		BK064707	-
Bos taurus	TRAJ8-2	F	Bos taurus T cell receptor alpha joining 8-2	2	10		BK064707	-
Bos taurus	TRAJ9	F	Bos taurus T cell receptor alpha joining 9	1	10		BK064707	-
Bos taurus	TRAV1	F	Bos taurus T cell receptor alpha variable 1	1	10		BK064707	-
Bos taurus	TRAV10-1	P	Bos taurus T cell receptor alpha variable 10-1	1	10		BK064707	-
Bos taurus	TRAV10-2	P	Bos taurus T cell receptor alpha variable 10-2	1	10		BK064707	-
Bos taurus	TRAV10-3	ORF	Bos taurus T cell receptor alpha variable 10-3	1	10		BK064707	-
Bos taurus	TRAV11-1	P	Bos taurus T cell receptor alpha variable 11-1	1	10		BK064707	-
Bos taurus	TRAV11-2	P	Bos taurus T cell receptor alpha variable 11-2	1	10		BK064707	-
Bos taurus	TRAV11-3	P	Bos taurus T cell receptor alpha variable 11-3	1	10		BK064707	-
Bos taurus	TRAV12-1	F	Bos taurus T cell receptor alpha variable 12-1	1	10		BK064707	-
Bos taurus	TRAV12-2	F  P	Bos taurus T cell receptor alpha variable 12-2	3	10		BK064707	-
Bos taurus	TRAV12-3	F	Bos taurus T cell receptor alpha variable 12-3	1	10		BK064707	-
Bos taurus	TRAV13-1	F	Bos taurus T cell receptor alpha variable 13-1	2	10		BK064707	-
Bos taurus	TRAV13-2	P	Bos taurus T cell receptor alpha variable 13-2	1	10		BK064707	-
Bos taurus	TRAV13-3	P	Bos taurus T cell receptor alpha variable 13-3	3	10		BK064707	-
Bos taurus	TRAV13-4	F	Bos taurus T cell receptor alpha variable 13-4	2	10		BK064707	-
Bos taurus	TRAV14-1	F	Bos taurus T cell receptor alpha variable 14-1	1	10		BK064707	-
Bos taurus	TRAV14-2	P	Bos taurus T cell receptor alpha variable 14-2	1	10		BK064707	-
Bos taurus	TRAV14-3	F  P	Bos taurus T cell receptor alpha variable 14-3	3	10		BK064707	-
Bos taurus	TRAV14-4	ORF	Bos taurus T cell receptor alpha variable 14-4	2	10		BK064707	-
Bos taurus	TRAV16	F	Bos taurus T cell receptor alpha variable 16	1	10		BK064707	-
Bos taurus	TRAV17-1	P	Bos taurus T cell receptor alpha variable 17-1	1	10		BK064707	-
Bos taurus	TRAV17-2	F	Bos taurus T cell receptor alpha variable 17-2	2	10		BK064707	-
Bos taurus	TRAV17-3	P	Bos taurus T cell receptor alpha variable 17-3	1	10		BK064707	-
Bos taurus	TRAV18-1	F  ORF	Bos taurus T cell receptor alpha variable 18-1	3	10		BK064707	-
Bos taurus	TRAV18-2	ORF	Bos taurus T cell receptor alpha variable 18-2	1	10		BK064707	-
Bos taurus	TRAV18-3	P	Bos taurus T cell receptor alpha variable 18-3	2	10		BK064707	-
Bos taurus	TRAV18-4	F	Bos taurus T cell receptor alpha variable 18-4	1	10		BK064707	-
Bos taurus	TRAV18-5	ORF	Bos taurus T cell receptor alpha variable 18-5	1	10		BK064707	-
Bos taurus	TRAV19-1	F	Bos taurus T cell receptor alpha variable 19-1	1	10		BK064707	-
Bos taurus	TRAV19-2	F	Bos taurus T cell receptor alpha variable 19-2	1	10		BK064707	-
Bos taurus	TRAV19-3	F  ORF  P	Bos taurus T cell receptor alpha variable 19-3	3	10		BK064707	-
Bos taurus	TRAV19-4	P	Bos taurus T cell receptor alpha variable 19-4	2	10		BK064707	-
Bos taurus	TRAV2-1	F	Bos taurus T cell receptor alpha variable 2-1	1	10		BK064707	-
Bos taurus	TRAV2-2	F	Bos taurus T cell receptor alpha variable 2-2	1	10		BK064707	-
Bos taurus	TRAV2-3	P	Bos taurus T cell receptor alpha variable 2-3	1	10		BK064707	-
Bos taurus	TRAV2-4	P	Bos taurus T cell receptor alpha variable 2-4	1	10		BK064707	-
Bos taurus	TRAV2-5	F	Bos taurus T cell receptor alpha variable 2-5	1	10		BK064707	-
Bos taurus	TRAV2-6	F	Bos taurus T cell receptor alpha variable 2-6	1	10		BK064707	-
Bos taurus	TRAV2-7	F	Bos taurus T cell receptor alpha variable 2-7	1	10		BK064707	-
Bos taurus	TRAV20-1	F	Bos taurus T cell receptor alpha variable 20-1	2	10		BK064707	-
Bos taurus	TRAV20-2	P	Bos taurus T cell receptor alpha variable 20-2	1	10		BK064707	-
Bos taurus	TRAV20-3	F	Bos taurus T cell receptor alpha variable 20-3	1	10		BK064707	-
Bos taurus	TRAV20-4	ORF	Bos taurus T cell receptor alpha variable 20-4	1	10		BK064707	-
Bos taurus	TRAV21-1	ORF	Bos taurus T cell receptor alpha variable 21-1	1	10		BK064707	-
Bos taurus	TRAV21-2	P	Bos taurus T cell receptor alpha variable 21-2	1	10		BK064707	-
Bos taurus	TRAV21-3	F	Bos taurus T cell receptor alpha variable 21-3	3	10		BK064707	-
Bos taurus	TRAV21-4	F	Bos taurus T cell receptor alpha variable 21-4	1	10		BK064707	-
Bos taurus	TRAV22-1	F  ORF	Bos taurus T cell receptor alpha variable 22-1	3	10		BK064707	-
Bos taurus	TRAV22-10	ORF	Bos taurus T cell receptor alpha variable 22-10	1	10		BK064707	-
Bos taurus	TRAV22-11	F	Bos taurus T cell receptor alpha variable 22-11	1	10		BK064707	-
Bos taurus	TRAV22-12	P	Bos taurus T cell receptor alpha variable 22-12	1	10		BK064707	-
Bos taurus	TRAV22-13	P	Bos taurus T cell receptor alpha variable 22-13	1	10		BK064707	-
Bos taurus	TRAV22-14	F	Bos taurus T cell receptor alpha variable 22-14	2	10		BK064707	-
Bos taurus	TRAV22-15	ORF	Bos taurus T cell receptor alpha variable 22-15	1	10		BK064707	-
Bos taurus	TRAV22-16	F	Bos taurus T cell receptor alpha variable 22-16	1	10		BK064707	-
Bos taurus	TRAV22-2	F	Bos taurus T cell receptor alpha variable 22-2	1	10		BK064707	-
Bos taurus	TRAV22-3	ORF	Bos taurus T cell receptor alpha variable 22-3	1	10		BK064707	-
Bos taurus	TRAV22-4	F	Bos taurus T cell receptor alpha variable 22-4	1	10		BK064707	-
Bos taurus	TRAV22-5	P	Bos taurus T cell receptor alpha variable 22-5	2	10		BK064707	-
Bos taurus	TRAV22-6	P	Bos taurus T cell receptor alpha variable 22-6	1	10		BK064707	-
Bos taurus	TRAV22-7	F  P	Bos taurus T cell receptor alpha variable 22-7	3	10		BK064707	-
Bos taurus	TRAV22-8	F	Bos taurus T cell receptor alpha variable 22-8	1	10		BK064707	-
Bos taurus	TRAV22-9	P	Bos taurus T cell receptor alpha variable 22-9	2	10		BK064707	-
Bos taurus	TRAV23-1	F	Bos taurus T cell receptor alpha variable 23-1	2	10		BK064707	-
Bos taurus	TRAV23-10	P	Bos taurus T cell receptor alpha variable 23-10	1	10		BK064707	-
Bos taurus	TRAV23-11	ORF  P	Bos taurus T cell receptor alpha variable 23-11	2	10		BK064707	-
Bos taurus	TRAV23-12	P	Bos taurus T cell receptor alpha variable 23-12	2	10		BK064707	-
Bos taurus	TRAV23-2	P	Bos taurus T cell receptor alpha variable 23-2	1	10		BK064707	-
Bos taurus	TRAV23-3	P	Bos taurus T cell receptor alpha variable 23-3	1	10		BK064707	-
Bos taurus	TRAV23-4	P	Bos taurus T cell receptor alpha variable 23-4	2	10		BK064707	-
Bos taurus	TRAV23-5	P	Bos taurus T cell receptor alpha variable 23-5	1	10		BK064707	-
Bos taurus	TRAV23-6	P	Bos taurus T cell receptor alpha variable 23-6	2	10		BK064707	-
Bos taurus	TRAV23-7	P	Bos taurus T cell receptor alpha variable 23-7	2	10		BK064707	-
Bos taurus	TRAV23-8	P	Bos taurus T cell receptor alpha variable 23-8	1	10		BK064707	-
Bos taurus	TRAV23-8D	ORF  P	Bos taurus T cell receptor alpha variable 23-8D	2	10		BK064707	-
Bos taurus	TRAV23-9	P	Bos taurus T cell receptor alpha variable 23-9	1	10		BK064707	-
Bos taurus	TRAV24-1	P	Bos taurus T cell receptor alpha variable 24-1	1	10		BK064707	-
Bos taurus	TRAV24-1D	P	Bos taurus T cell receptor alpha variable 24-1D	1	10		BK064707	-
Bos taurus	TRAV24-2	F  ORF	Bos taurus T cell receptor alpha variable 24-2	2	10		BK064707	-
Bos taurus	TRAV24-3	P	Bos taurus T cell receptor alpha variable 24-3	1	10		BK064707	-
Bos taurus	TRAV24-4	F	Bos taurus T cell receptor alpha variable 24-4	1	10		BK064707	-
Bos taurus	TRAV24-5	P	Bos taurus T cell receptor alpha variable 24-5	2	10		BK064707	-
Bos taurus	TRAV24-6	P	Bos taurus T cell receptor alpha variable 24-6	2	10		BK064707	-
Bos taurus	TRAV25-1	F	Bos taurus T cell receptor alpha variable 25-1	1	10		BK064707	-
Bos taurus	TRAV25-10	P	Bos taurus T cell receptor alpha variable 25-10	1	10		BK064707	-
Bos taurus	TRAV25-11	P	Bos taurus T cell receptor alpha variable 25-11	1	10		BK064707	-
Bos taurus	TRAV25-12	F  P	Bos taurus T cell receptor alpha variable 25-12	2	10		BK064707	-
Bos taurus	TRAV25-13	F	Bos taurus T cell receptor alpha variable 25-13	2	10		BK064707	-
Bos taurus	TRAV25-14	ORF	Bos taurus T cell receptor alpha variable 25-14	1	10		BK064707	-
Bos taurus	TRAV25-2	P	Bos taurus T cell receptor alpha variable 25-2	1	10		BK064707	-
Bos taurus	TRAV25-3	P	Bos taurus T cell receptor alpha variable 25-3	1	10		BK064707	-
Bos taurus	TRAV25-3D	P	Bos taurus T cell receptor alpha variable 25-3D	1	10		BK064707	-
Bos taurus	TRAV25-4	F	Bos taurus T cell receptor alpha variable 25-4	1	10		BK064707	-
Bos taurus	TRAV25-5	P	Bos taurus T cell receptor alpha variable 25-5	1	10		BK064707	-
Bos taurus	TRAV25-6	P	Bos taurus T cell receptor alpha variable 25-6	1	10		BK064707	-
Bos taurus	TRAV25-7	P	Bos taurus T cell receptor alpha variable 25-7	1	10		BK064707	-
Bos taurus	TRAV25-8	F	Bos taurus T cell receptor alpha variable 25-8	2	10		BK064707	-
Bos taurus	TRAV25-9	P	Bos taurus T cell receptor alpha variable 25-9	1	10		BK064707	-
Bos taurus	TRAV26	P	Bos taurus T cell receptor alpha variable 26	3	10		BK064707	-
Bos taurus	TRAV27	ORF  P	Bos taurus T cell receptor alpha variable 27	2	10		BK064707	-
Bos taurus	TRAV28-1	F	Bos taurus T cell receptor alpha variable 28-1	2	10		BK064707	-
Bos taurus	TRAV28-2	P	Bos taurus T cell receptor alpha variable 28-2	1	10		BK064707	-
Bos taurus	TRAV28-3	F	Bos taurus T cell receptor alpha variable 28-3	2	10		BK064707	-
Bos taurus	TRAV29-1	ORF	Bos taurus T cell receptor alpha variable 29-1	1	10		BK064707	-
Bos taurus	TRAV29-2	F	Bos taurus T cell receptor alpha variable 29-2	3	10		BK064707	-
Bos taurus	TRAV3-1	F	Bos taurus T cell receptor alpha variable 3-1	1	10		BK064707	-
Bos taurus	TRAV3-2	F	Bos taurus T cell receptor alpha variable 3-2	1	10		BK064707	-
Bos taurus	TRAV3-3	F  P	Bos taurus T cell receptor alpha variable 3-3	2	10		BK064707	-
Bos taurus	TRAV3-4	F	Bos taurus T cell receptor alpha variable 3-4	1	10		BK064707	-
Bos taurus	TRAV3-5	F	Bos taurus T cell receptor alpha variable 3-5	1	10		BK064707	-
Bos taurus	TRAV3-6	F	Bos taurus T cell receptor alpha variable 3-6	1	10		BK064707	-
Bos taurus	TRAV3-7	F	Bos taurus T cell receptor alpha variable 3-7	1	10		BK064707	-
Bos taurus	TRAV33-1	P	Bos taurus T cell receptor alpha variable 33-1	1	10		BK064707	-
Bos taurus	TRAV33-2	P	Bos taurus T cell receptor alpha variable 33-2	2	10		BK064707	-
Bos taurus	TRAV33-3	F  P	Bos taurus T cell receptor alpha variable 33-3	4	10		BK064707	-
Bos taurus	TRAV34-1	P	Bos taurus T cell receptor alpha variable 34-1	2	10		BK064707	-
Bos taurus	TRAV34-2	P	Bos taurus T cell receptor alpha variable 34-2	2	10		BK064707	-
Bos taurus	TRAV35-1	F	Bos taurus T cell receptor alpha variable 35-1	1	10		BK064707	-
Bos taurus	TRAV35-2	F	Bos taurus T cell receptor alpha variable 35-2	1	10		BK064707	-
Bos taurus	TRAV36-1	P	Bos taurus T cell receptor alpha variable 36-1	1	10		BK064707	-
Bos taurus	TRAV36-2	F	Bos taurus T cell receptor alpha variable 36-2	1	10		BK064707	-
Bos taurus	TRAV37-1	P	Bos taurus T cell receptor alpha variable 37-1	1	10		BK064707	-
Bos taurus	TRAV37-2	P	Bos taurus T cell receptor alpha variable 37-2	1	10		BK064707	-
Bos taurus	TRAV38-1	F	Bos taurus T cell receptor alpha variable 38-1	2	10		BK064707	-
Bos taurus	TRAV38-2	F	Bos taurus T cell receptor alpha variable 38-2	2	10		BK064707	-
Bos taurus	TRAV38-3	F	Bos taurus T cell receptor alpha variable 38-3	2	10		BK064707	-
Bos taurus	TRAV38-4	F	Bos taurus T cell receptor alpha variable 38-4	1	10		BK064707	-
Bos taurus	TRAV38-5	F	Bos taurus T cell receptor alpha variable 38-5	1	10		BK064707	-
Bos taurus	TRAV38-6	F	Bos taurus T cell receptor alpha variable 38-6	1	10		BK064707	-
Bos taurus	TRAV39-1	F	Bos taurus T cell receptor alpha variable 39-1	1	10		BK064707	-
Bos taurus	TRAV39-2	ORF	Bos taurus T cell receptor alpha variable 39-2	1	10		BK064707	-
Bos taurus	TRAV4	P	Bos taurus T cell receptor alpha variable 4	1	10		BK064707	-
Bos taurus	TRAV40	P	Bos taurus T cell receptor alpha variable 40	1	10		BK064707	-
Bos taurus	TRAV41	F	Bos taurus T cell receptor alpha variable 41	1	10		BK064707	-
Bos taurus	TRAV43-1	F	Bos taurus T cell receptor alpha variable 43-1	1	10		BK064707	-
Bos taurus	TRAV43-2	F	Bos taurus T cell receptor alpha variable 43-2	1	10		BK064707	-
Bos taurus	TRAV43-3	F	Bos taurus T cell receptor alpha variable 43-3	4	10		BK064707	-
Bos taurus	TRAV44-1	F	Bos taurus T cell receptor alpha variable 44-1	1	10		BK064707	-
Bos taurus	TRAV44-10	F	Bos taurus T cell receptor alpha variable 44-10	1	10		BK064707	-
Bos taurus	TRAV44-11	P	Bos taurus T cell receptor alpha variable 44-11	1	10		BK064707	-
Bos taurus	TRAV44-12	P	Bos taurus T cell receptor alpha variable 44-12	1	10		BK064707	-
Bos taurus	TRAV44-13	P	Bos taurus T cell receptor alpha variable 44-13	1	10		BK064707	-
Bos taurus	TRAV44-14	P	Bos taurus T cell receptor alpha variable 44-14	2	10		BK064707	-
Bos taurus	TRAV44-15	ORF	Bos taurus T cell receptor alpha variable 44-15	1	10		BK064707	-
Bos taurus	TRAV44-16	F  P	Bos taurus T cell receptor alpha variable 44-16	2	10		BK064707	-
Bos taurus	TRAV44-17	P	Bos taurus T cell receptor alpha variable 44-17	2	10		BK064707	-
Bos taurus	TRAV44-18	F	Bos taurus T cell receptor alpha variable 44-18	1	10		BK064707	-
Bos taurus	TRAV44-2	P	Bos taurus T cell receptor alpha variable 44-2	1	10		BK064707	-
Bos taurus	TRAV44-3	F	Bos taurus T cell receptor alpha variable 44-3	1	10		BK064707	-
Bos taurus	TRAV44-4	F	Bos taurus T cell receptor alpha variable 44-4	1	10		BK064707	-
Bos taurus	TRAV44-5	P	Bos taurus T cell receptor alpha variable 44-5	2	10		BK064707	-
Bos taurus	TRAV44-6	F	Bos taurus T cell receptor alpha variable 44-6	1	10		BK064707	-
Bos taurus	TRAV44-7	P	Bos taurus T cell receptor alpha variable 44-7	1	10		BK064707	-
Bos taurus	TRAV44-8	F	Bos taurus T cell receptor alpha variable 44-8	1	10		BK064707	-
Bos taurus	TRAV44-9	F	Bos taurus T cell receptor alpha variable 44-9	1	10		BK064707	-
Bos taurus	TRAV45-1	P	Bos taurus T cell receptor alpha variable 45-1	1	10		BK064707	-
Bos taurus	TRAV45-10	ORF	Bos taurus T cell receptor alpha variable 45-10	1	10		BK064707	-
Bos taurus	TRAV45-11	F	Bos taurus T cell receptor alpha variable 45-11	1	10		BK064707	-
Bos taurus	TRAV45-12	F	Bos taurus T cell receptor alpha variable 45-12	1	10		BK064707	-
Bos taurus	TRAV45-13	F  P	Bos taurus T cell receptor alpha variable 45-13	2	10		BK064707	-
Bos taurus	TRAV45-14	F  P	Bos taurus T cell receptor alpha variable 45-14	2	10		BK064707	-
Bos taurus	TRAV45-15	F	Bos taurus T cell receptor alpha variable 45-15	2	10		BK064707	-
Bos taurus	TRAV45-2	F	Bos taurus T cell receptor alpha variable 45-2	2	10		BK064707	-
Bos taurus	TRAV45-3	F	Bos taurus T cell receptor alpha variable 45-3	1	10		BK064707	-
Bos taurus	TRAV45-4	F	Bos taurus T cell receptor alpha variable 45-4	1	10		BK064707	-
Bos taurus	TRAV45-5	(F)  F	Bos taurus T cell receptor alpha variable 45-5	2	10		BK064707	-
Bos taurus	TRAV45-6	F	Bos taurus T cell receptor alpha variable 45-6	2	10		BK064707	-
Bos taurus	TRAV45-7	F	Bos taurus T cell receptor alpha variable 45-7	1	10		BK064707	-
Bos taurus	TRAV45-8	F	Bos taurus T cell receptor alpha variable 45-8	1	10		BK064707	-
Bos taurus	TRAV45-9	P	Bos taurus T cell receptor alpha variable 45-9	2	10		BK064707	-
Bos taurus	TRAV46	P	Bos taurus T cell receptor alpha variable 46	1	10		BK064707	-
Bos taurus	TRAV5	F	Bos taurus T cell receptor alpha variable 5	3	10		BK064707	-
Bos taurus	TRAV6	P	Bos taurus T cell receptor alpha variable 6	2	10		BK064707	-
Bos taurus	TRAV8-1	F	Bos taurus T cell receptor alpha variable 8-1	3	10		BK064707	-
Bos taurus	TRAV8-2	P	Bos taurus T cell receptor alpha variable 8-2	1	10		BK064707	-
Bos taurus	TRAV8-3	P	Bos taurus T cell receptor alpha variable 8-3	3	10		BK064707	-
Bos taurus	TRAV8-4	P	Bos taurus T cell receptor alpha variable 8-4	1	10		BK064707	-
Bos taurus	TRAV8-5	P	Bos taurus T cell receptor alpha variable 8-5	1	10		BK064707	-
Bos taurus	TRAV9-1	F	Bos taurus T cell receptor alpha variable 9-1	3	10		BK064707	-
Bos taurus	TRAV9-2	P	Bos taurus T cell receptor alpha variable 9-2	1	10		BK064707	-
Bos taurus	TRAV9-3	F	Bos taurus T cell receptor alpha variable 9-3	1	10		BK064707	-
Bos taurus	TRAV9-4	P	Bos taurus T cell receptor alpha variable 9-4	1	10		BK064707	-
Bos taurus	TRAV9-5	F	Bos taurus T cell receptor alpha variable 9-5	1	10		BK064707	-
Bos taurus	TRAV9-6	F	Bos taurus T cell receptor alpha variable 9-6	2	10		BK064707	-
Bos taurus	TRBC1	F	Bos taurus T cell receptor beta constant 1	2	4		IMGT000084	-
Bos taurus	TRBC2	F	Bos taurus T cell receptor beta constant 2	2	4		IMGT000084	-
Bos taurus	TRBC3	F	Bos taurus T cell receptor beta constant 3	2	4		IMGT000084	-
Bos taurus	TRBD1	F	Bos taurus T cell receptor beta diversity 1	1	4		IMGT000084	-
Bos taurus	TRBD2	F	Bos taurus T cell receptor beta diversity 2	1	4		IMGT000084	-
Bos taurus	TRBD3	F	Bos taurus T cell receptor beta diversity 3	1	4		IMGT000084	-
Bos taurus	TRBJ1-1	F	Bos taurus T cell receptor beta joining 1-1	1	4		IMGT000084	-
Bos taurus	TRBJ1-2	F	Bos taurus T cell receptor beta joining 1-2	1	4		IMGT000084	-
Bos taurus	TRBJ1-3	ORF	Bos taurus T cell receptor beta joining 1-3	1	4		IMGT000084	-
Bos taurus	TRBJ1-4	F	Bos taurus T cell receptor beta joining 1-4	1	4		IMGT000084	-
Bos taurus	TRBJ1-5	ORF	Bos taurus T cell receptor beta joining 1-5	1	4		IMGT000084	-
Bos taurus	TRBJ1-6	ORF	Bos taurus T cell receptor beta joining 1-6	1	4		IMGT000084	-
Bos taurus	TRBJ2-1	F	Bos taurus T cell receptor beta joining 2-1	2	4		IMGT000084	-
Bos taurus	TRBJ2-2	F	Bos taurus T cell receptor beta joining 2-2	1	4		IMGT000084	-
Bos taurus	TRBJ2-3	F	Bos taurus T cell receptor beta joining 2-3	2	4		IMGT000084	-
Bos taurus	TRBJ2-4	F	Bos taurus T cell receptor beta joining 2-4	1	4		IMGT000084	-
Bos taurus	TRBJ2-5	F	Bos taurus T cell receptor beta joining 2-5	1	4		IMGT000084	-
Bos taurus	TRBJ2-6	F	Bos taurus T cell receptor beta joining 2-6	2	4		IMGT000084	-
Bos taurus	TRBJ2-7	F	Bos taurus T cell receptor beta joining 2-7	1	4		IMGT000084	-
Bos taurus	TRBJ3-1	F	Bos taurus T cell receptor beta joining 3-1	1	4		IMGT000084	-
Bos taurus	TRBJ3-2	F	Bos taurus T cell receptor beta joining 3-2	1	4		IMGT000084	-
Bos taurus	TRBJ3-3	F	Bos taurus T cell receptor beta joining 3-3	1	4		IMGT000084	-
Bos taurus	TRBJ3-4	F	Bos taurus T cell receptor beta joining 3-4	1	4		IMGT000084	-
Bos taurus	TRBJ3-5	F	Bos taurus T cell receptor beta joining 3-5	1	4		IMGT000084	-
Bos taurus	TRBJ3-6	P	Bos taurus T cell receptor beta joining 3-6	1	4		IMGT000084	-
Bos taurus	TRBV1	F	Bos taurus T cell receptor beta variable 1	1	4		IMGT000084	-
Bos taurus	TRBV10	P	Bos taurus T cell receptor beta variable 10	1	4		IMGT000084	-
Bos taurus	TRBV11	P	Bos taurus T cell receptor beta variable 11	1	4		IMGT000084	-
Bos taurus	TRBV12-1	F	Bos taurus T cell receptor beta variable 12-1	1	4		IMGT000084	-
Bos taurus	TRBV12-2	F	Bos taurus T cell receptor beta variable 12-2	1	4		IMGT000084	-
Bos taurus	TRBV13	P	Bos taurus T cell receptor beta variable 13	1	4		IMGT000084	-
Bos taurus	TRBV14	F	Bos taurus T cell receptor beta variable 14	1	4		IMGT000084	-
Bos taurus	TRBV15	F	Bos taurus T cell receptor beta variable 15	1	4		IMGT000084	-
Bos taurus	TRBV16	P	Bos taurus T cell receptor beta variable 16	1	4		IMGT000084	-
Bos taurus	TRBV18-1	P	Bos taurus T cell receptor beta variable 18-1	1	4		IMGT000084	-
Bos taurus	TRBV18-2	P	Bos taurus T cell receptor beta variable 18-2	1	4		IMGT000084	-
Bos taurus	TRBV18-3	P	Bos taurus T cell receptor beta variable 18-3	1	4		IMGT000084	-
Bos taurus	TRBV18-4	P	Bos taurus T cell receptor beta variable 18-4	1	4		IMGT000084	-
Bos taurus	TRBV19-1	F	Bos taurus T cell receptor beta variable 19-1	1	4		IMGT000084	-
Bos taurus	TRBV19-2	P	Bos taurus T cell receptor beta variable 19-2	1	4		IMGT000084	-
Bos taurus	TRBV19-3	P	Bos taurus T cell receptor beta variable 19-3	1	4		IMGT000084	-
Bos taurus	TRBV19-4	P	Bos taurus T cell receptor beta variable 19-4	1	4		IMGT000084	-
Bos taurus	TRBV19-5	P	Bos taurus T cell receptor beta variable 19-5	1	4		IMGT000084	-
Bos taurus	TRBV19-6	ORF	Bos taurus T cell receptor beta variable 19-6	1	4		IMGT000084	-
Bos taurus	TRBV2	P	Bos taurus T cell receptor beta variable 2	1	4		IMGT000084	-
Bos taurus	TRBV20-1	F	Bos taurus T cell receptor beta variable 20-1	1	4		IMGT000084	-
Bos taurus	TRBV20-2	F	Bos taurus T cell receptor beta variable 20-2	1	4		IMGT000084	-
Bos taurus	TRBV20-3	F	Bos taurus T cell receptor beta variable 20-3	1	4		IMGT000084	-
Bos taurus	TRBV20-4	F	Bos taurus T cell receptor beta variable 20-4	1	4		IMGT000084	-
Bos taurus	TRBV20-5	F	Bos taurus T cell receptor beta variable 20-5	1	4		IMGT000084	-
Bos taurus	TRBV20-6	F	Bos taurus T cell receptor beta variable 20-6	1	4		IMGT000084	-
Bos taurus	TRBV21-1	P	Bos taurus T cell receptor beta variable 21-1	1	4		IMGT000084	-
Bos taurus	TRBV21-10	P	Bos taurus T cell receptor beta variable 21-10	1	4		IMGT000084	-
Bos taurus	TRBV21-11	ORF	Bos taurus T cell receptor beta variable 21-11	1	4		IMGT000084	-
Bos taurus	TRBV21-12	F	Bos taurus T cell receptor beta variable 21-12	1	4		IMGT000084	-
Bos taurus	TRBV21-13	P	Bos taurus T cell receptor beta variable 21-13	1	4		IMGT000084	-
Bos taurus	TRBV21-14	P	Bos taurus T cell receptor beta variable 21-14	1	4		IMGT000084	-
Bos taurus	TRBV21-15	F	Bos taurus T cell receptor beta variable 21-15	1	4		IMGT000084	-
Bos taurus	TRBV21-16	F	Bos taurus T cell receptor beta variable 21-16	1	4		IMGT000084	-
Bos taurus	TRBV21-17	F	Bos taurus T cell receptor beta variable 21-17	1	4		IMGT000084	-
Bos taurus	TRBV21-18	F	Bos taurus T cell receptor beta variable 21-18	1	4		IMGT000084	-
Bos taurus	TRBV21-19	F	Bos taurus T cell receptor beta variable 21-19	1	4		IMGT000084	-
Bos taurus	TRBV21-2	F	Bos taurus T cell receptor beta variable 21-2	1	4		IMGT000084	-
Bos taurus	TRBV21-20	P	Bos taurus T cell receptor beta variable 21-20	1	4		IMGT000084	-
Bos taurus	TRBV21-21	P	Bos taurus T cell receptor beta variable 21-21	1	4		IMGT000084	-
Bos taurus	TRBV21-22	F	Bos taurus T cell receptor beta variable 21-22	1	4		IMGT000084	-
Bos taurus	TRBV21-23	F	Bos taurus T cell receptor beta variable 21-23	1	4		IMGT000084	-
Bos taurus	TRBV21-3	P	Bos taurus T cell receptor beta variable 21-3	1	4		IMGT000084	-
Bos taurus	TRBV21-4	P	Bos taurus T cell receptor beta variable 21-4	1	4		IMGT000084	-
Bos taurus	TRBV21-5	F	Bos taurus T cell receptor beta variable 21-5	1	4		IMGT000084	-
Bos taurus	TRBV21-6	F	Bos taurus T cell receptor beta variable 21-6	1	4		IMGT000084	-
Bos taurus	TRBV21-7	P	Bos taurus T cell receptor beta variable 21-7	1	4		IMGT000084	-
Bos taurus	TRBV21-8	P	Bos taurus T cell receptor beta variable 21-8	1	4		IMGT000084	-
Bos taurus	TRBV21-9	P	Bos taurus T cell receptor beta variable 21-9	1	4		IMGT000084	-
Bos taurus	TRBV22	F	Bos taurus T cell receptor beta variable 22	1	4		IMGT000084	-
Bos taurus	TRBV23	P	Bos taurus T cell receptor beta variable 23	1	4		IMGT000084	-
Bos taurus	TRBV24	P	Bos taurus T cell receptor beta variable 24	1	4		IMGT000084	-
Bos taurus	TRBV25	F	Bos taurus T cell receptor beta variable 25	1	4		IMGT000084	-
Bos taurus	TRBV26	F	Bos taurus T cell receptor beta variable 26	1	4		IMGT000084	-
Bos taurus	TRBV27	F	Bos taurus T cell receptor beta variable 27	1	4		IMGT000084	-
Bos taurus	TRBV28	F	Bos taurus T cell receptor beta variable 28	1	4		IMGT000084	-
Bos taurus	TRBV29-1	P	Bos taurus T cell receptor beta variable 29-1	1	4		IMGT000084	-
Bos taurus	TRBV29-2	F	Bos taurus T cell receptor beta variable 29-2	1	4		IMGT000084	-
Bos taurus	TRBV29-3	F	Bos taurus T cell receptor beta variable 29-3	1	4		IMGT000084	-
Bos taurus	TRBV29-4	F	Bos taurus T cell receptor beta variable 29-4	1	4		IMGT000084	-
Bos taurus	TRBV29-5	F	Bos taurus T cell receptor beta variable 29-5	1	4		IMGT000084	-
Bos taurus	TRBV3	F	Bos taurus T cell receptor beta variable 3	1	4		IMGT000084	-
Bos taurus	TRBV30	F	Bos taurus T cell receptor beta variable 30	2	4		IMGT000084	-
Bos taurus	TRBV4	F	Bos taurus T cell receptor beta variable 4	1	4		IMGT000084	-
Bos taurus	TRBV5-1	P	Bos taurus T cell receptor beta variable 5-1	1	4		IMGT000084	-
Bos taurus	TRBV5-10	P	Bos taurus T cell receptor beta variable 5-10	1	4		IMGT000084	-
Bos taurus	TRBV5-11	F	Bos taurus T cell receptor beta variable 5-11	1	4		IMGT000084	-
Bos taurus	TRBV5-11D	F	Bos taurus T cell receptor beta variable 5-11D	1	4		IMGT000084	-
Bos taurus	TRBV5-12	F	Bos taurus T cell receptor beta variable 5-12	1	4		IMGT000084	-
Bos taurus	TRBV5-13	P	Bos taurus T cell receptor beta variable 5-13	1	4		IMGT000084	-
Bos taurus	TRBV5-13D	P	Bos taurus T cell receptor beta variable 5-13D	1	4		IMGT000084	-
Bos taurus	TRBV5-14	P	Bos taurus T cell receptor beta variable 5-14	1	4		IMGT000084	-
Bos taurus	TRBV5-15	F	Bos taurus T cell receptor beta variable 5-15	1	4		IMGT000084	-
Bos taurus	TRBV5-16	P	Bos taurus T cell receptor beta variable 5-16	1	4		IMGT000084	-
Bos taurus	TRBV5-17	F	Bos taurus T cell receptor beta variable 5-17	1	4		IMGT000084	-
Bos taurus	TRBV5-18	P	Bos taurus T cell receptor beta variable 5-18	1	4		IMGT000084	-
Bos taurus	TRBV5-19	P	Bos taurus T cell receptor beta variable 5-19	1	4		IMGT000084	-
Bos taurus	TRBV5-2	F	Bos taurus T cell receptor beta variable 5-2	1	4		IMGT000084	-
Bos taurus	TRBV5-20	F	Bos taurus T cell receptor beta variable 5-20	1	4		IMGT000084	-
Bos taurus	TRBV5-21	F	Bos taurus T cell receptor beta variable 5-21	1	4		IMGT000084	-
Bos taurus	TRBV5-22	F	Bos taurus T cell receptor beta variable 5-22	1	4		IMGT000084	-
Bos taurus	TRBV5-3	F	Bos taurus T cell receptor beta variable 5-3	1	4		IMGT000084	-
Bos taurus	TRBV5-4	P	Bos taurus T cell receptor beta variable 5-4	1	4		IMGT000084	-
Bos taurus	TRBV5-5	P	Bos taurus T cell receptor beta variable 5-5	1	4		IMGT000084	-
Bos taurus	TRBV5-5D	P	Bos taurus T cell receptor beta variable 5-5D	1	4		IMGT000084	-
Bos taurus	TRBV5-6	F	Bos taurus T cell receptor beta variable 5-6	1	4		IMGT000084	-
Bos taurus	TRBV5-7	F	Bos taurus T cell receptor beta variable 5-7	1	4		IMGT000084	-
Bos taurus	TRBV5-8	P	Bos taurus T cell receptor beta variable 5-8	1	4		IMGT000084	-
Bos taurus	TRBV5-9	P	Bos taurus T cell receptor beta variable 5-9	1	4		IMGT000084	-
Bos taurus	TRBV6-1	ORF	Bos taurus T cell receptor beta variable 6-1	1	4		IMGT000084	-
Bos taurus	TRBV6-10	P	Bos taurus T cell receptor beta variable 6-10	1	4		IMGT000084	-
Bos taurus	TRBV6-11	F	Bos taurus T cell receptor beta variable 6-11	1	4		IMGT000084	-
Bos taurus	TRBV6-12	ORF	Bos taurus T cell receptor beta variable 6-12	1	4		IMGT000084	-
Bos taurus	TRBV6-13	F	Bos taurus T cell receptor beta variable 6-13	1	4		IMGT000084	-
Bos taurus	TRBV6-14	ORF	Bos taurus T cell receptor beta variable 6-14	1	4		IMGT000084	-
Bos taurus	TRBV6-15	F	Bos taurus T cell receptor beta variable 6-15	1	4		IMGT000084	-
Bos taurus	TRBV6-15D	F	Bos taurus T cell receptor beta variable 6-15D	1	4		IMGT000084	-
Bos taurus	TRBV6-16	P	Bos taurus T cell receptor beta variable 6-16	1	4		IMGT000084	-
Bos taurus	TRBV6-17	ORF	Bos taurus T cell receptor beta variable 6-17	1	4		IMGT000084	-
Bos taurus	TRBV6-18	ORF	Bos taurus T cell receptor beta variable 6-18	1	4		IMGT000084	-
Bos taurus	TRBV6-19	F	Bos taurus T cell receptor beta variable 6-19	1	4		IMGT000084	-
Bos taurus	TRBV6-2	F	Bos taurus T cell receptor beta variable 6-2	1	4		IMGT000084	-
Bos taurus	TRBV6-20	F	Bos taurus T cell receptor beta variable 6-20	1	4		IMGT000084	-
Bos taurus	TRBV6-21	F	Bos taurus T cell receptor beta variable 6-21	1	4		IMGT000084	-
Bos taurus	TRBV6-22	ORF	Bos taurus T cell receptor beta variable 6-22	1	4		IMGT000084	-
Bos taurus	TRBV6-23	P	Bos taurus T cell receptor beta variable 6-23	1	4		IMGT000084	-
Bos taurus	TRBV6-24	F	Bos taurus T cell receptor beta variable 6-24	1	4		IMGT000084	-
Bos taurus	TRBV6-25	ORF	Bos taurus T cell receptor beta variable 6-25	1	4		IMGT000084	-
Bos taurus	TRBV6-26	F	Bos taurus T cell receptor beta variable 6-26	1	4		IMGT000084	-
Bos taurus	TRBV6-27	F	Bos taurus T cell receptor beta variable 6-27	1	4		IMGT000084	-
Bos taurus	TRBV6-28	F	Bos taurus T cell receptor beta variable 6-28	1	4		IMGT000084	-
Bos taurus	TRBV6-3	P	Bos taurus T cell receptor beta variable 6-3	1	4		IMGT000084	-
Bos taurus	TRBV6-4	P	Bos taurus T cell receptor beta variable 6-4	1	4		IMGT000084	-
Bos taurus	TRBV6-5	P	Bos taurus T cell receptor beta variable 6-5	1	4		IMGT000084	-
Bos taurus	TRBV6-6	P	Bos taurus T cell receptor beta variable 6-6	1	4		IMGT000084	-
Bos taurus	TRBV6-7	P	Bos taurus T cell receptor beta variable 6-7	1	4		IMGT000084	-
Bos taurus	TRBV6-8	P	Bos taurus T cell receptor beta variable 6-8	1	4		IMGT000084	-
Bos taurus	TRBV6-9	F	Bos taurus T cell receptor beta variable 6-9	1	4		IMGT000084	-
Bos taurus	TRBV7-1	F	Bos taurus T cell receptor beta variable 7-1	1	4		IMGT000084	-
Bos taurus	TRBV7-2	F	Bos taurus T cell receptor beta variable 7-2	1	4		IMGT000084	-
Bos taurus	TRBV8	P	Bos taurus T cell receptor beta variable 8	1	4		IMGT000084	-
Bos taurus	TRBVA	P	Bos taurus T cell receptor beta variable A	1	4		IMGT000084	-
Bos taurus	TRBVB	P	Bos taurus T cell receptor beta variable B	1	4		IMGT000084	-
Bos taurus	TRDC	F	Bos taurus T cell receptor delta constant	1	10		BK064707	-
Bos taurus	TRDD1	ORF	Bos taurus T cell receptor delta diversity 1	1	10		BK064707	-
Bos taurus	TRDD2	F	Bos taurus T cell receptor delta diversity 2	1	10		BK064707	-
Bos taurus	TRDD3	ORF	Bos taurus T cell receptor delta diversity 3	1	10		BK064707	-
Bos taurus	TRDD4	F	Bos taurus T cell receptor delta diversity 4	1	10		BK064707	-
Bos taurus	TRDD5	ORF	Bos taurus T cell receptor delta diversity 5	1	10		BK064707	-
Bos taurus	TRDD6	F	Bos taurus T cell receptor delta diversity 6	1	10		BK064707	-
Bos taurus	TRDD7	F	Bos taurus T cell receptor delta diversity 7	1	10		BK064707	-
Bos taurus	TRDD8	F	Bos taurus T cell receptor delta diversity 8	1	10		BK064707	-
Bos taurus	TRDD9	F	Bos taurus T cell receptor delta diversity 9	1	10		BK064707	-
Bos taurus	TRDJ1	F	Bos taurus T cell receptor delta joining 1	1	10		BK064707	-
Bos taurus	TRDJ2	ORF	Bos taurus T cell receptor delta joining 2	1	10		BK064707	-
Bos taurus	TRDJ3	F	Bos taurus T cell receptor delta joining 3	1	10		BK064707	-
Bos taurus	TRDJ4	F	Bos taurus T cell receptor delta joining 4	1	10		BK064707	-
Bos taurus	TRDV1-1	F	Bos taurus T cell receptor delta variable 1-1	2	10		BK064707	-
Bos taurus	TRDV1-10	F	Bos taurus T cell receptor delta variable 1-10	1	10		BK064707	-
Bos taurus	TRDV1-10D	F	Bos taurus T cell receptor delta variable 1-10D	1	10		BK064707	-
Bos taurus	TRDV1-11	F	Bos taurus T cell receptor delta variable 1-11	2	10		BK064707	-
Bos taurus	TRDV1-12	F	Bos taurus T cell receptor delta variable 1-12	1	10		BK064707	-
Bos taurus	TRDV1-13	F	Bos taurus T cell receptor delta variable 1-13	2	10		BK064707	-
Bos taurus	TRDV1-14	F	Bos taurus T cell receptor delta variable 1-14	1	10		BK064707	-
Bos taurus	TRDV1-15	F	Bos taurus T cell receptor delta variable 1-15	3	10		BK064707	-
Bos taurus	TRDV1-16	F	Bos taurus T cell receptor delta variable 1-16	1	10		BK064707	-
Bos taurus	TRDV1-17	ORF	Bos taurus T cell receptor delta variable 1-17	2	10		BK064707	-
Bos taurus	TRDV1-18	F	Bos taurus T cell receptor delta variable 1-18	1	10		BK064707	-
Bos taurus	TRDV1-19	F	Bos taurus T cell receptor delta variable 1-19	1	10		BK064707	-
Bos taurus	TRDV1-2	F	Bos taurus T cell receptor delta variable 1-2	1	10		BK064707	-
Bos taurus	TRDV1-20	P	Bos taurus T cell receptor delta variable 1-20	1	10		BK064707	-
Bos taurus	TRDV1-21	F	Bos taurus T cell receptor delta variable 1-21	1	10		BK064707	-
Bos taurus	TRDV1-22	ORF	Bos taurus T cell receptor delta variable 1-22	1	10		BK064707	-
Bos taurus	TRDV1-23	P	Bos taurus T cell receptor delta variable 1-23	1	10		BK064707	-
Bos taurus	TRDV1-24	F	Bos taurus T cell receptor delta variable 1-24	1	10		BK064707	-
Bos taurus	TRDV1-25	F	Bos taurus T cell receptor delta variable 1-25	1	10		BK064707	-
Bos taurus	TRDV1-26	P	Bos taurus T cell receptor delta variable 1-26	1	10		BK064707	-
Bos taurus	TRDV1-27	F	Bos taurus T cell receptor delta variable 1-27	2	10		BK064707	-
Bos taurus	TRDV1-28	P	Bos taurus T cell receptor delta variable 1-28	1	10		BK064707	-
Bos taurus	TRDV1-29	F	Bos taurus T cell receptor delta variable 1-29	3	10		BK064707	-
Bos taurus	TRDV1-3	F	Bos taurus T cell receptor delta variable 1-3	1	10		BK064707	-
Bos taurus	TRDV1-30	F	Bos taurus T cell receptor delta variable 1-30	1	10		BK064707	-
Bos taurus	TRDV1-31	F	Bos taurus T cell receptor delta variable 1-31	1	10		BK064707	-
Bos taurus	TRDV1-32	F	Bos taurus T cell receptor delta variable 1-32	1	10		BK064707	-
Bos taurus	TRDV1-33	F	Bos taurus T cell receptor delta variable 1-33	5	10		BK064707	-
Bos taurus	TRDV1-4	F	Bos taurus T cell receptor delta variable 1-4	1	10		BK064707	-
Bos taurus	TRDV1-5	F	Bos taurus T cell receptor delta variable 1-5	1	10		BK064707	-
Bos taurus	TRDV1-6	P	Bos taurus T cell receptor delta variable 1-6	1	10		BK064707	-
Bos taurus	TRDV1-7	F	Bos taurus T cell receptor delta variable 1-7	1	10		BK064707	-
Bos taurus	TRDV1-8	F	Bos taurus T cell receptor delta variable 1-8	2	10		BK064707	-
Bos taurus	TRDV1-9	F	Bos taurus T cell receptor delta variable 1-9	1	10		BK064707	-
Bos taurus	TRDV1S1	F	Bos taurus T cell receptor delta variable 1S1	1	10		Btau3.1_Chr10.28	-
Bos taurus	TRDV1S2	ORF	Bos taurus T cell receptor delta variable 1S2	1	10		Btau3.1_Chr10.28	-
Bos taurus	TRDV1S22	ORF	Bos taurus T cell receptor delta variable 1S22	1	10		Btau3.1_ChrUn.139	-
Bos taurus	TRDV1S29	F	Bos taurus T cell receptor delta variable 1S29	2	10		Btau3.1_ChrUn.129	-
Bos taurus	TRDV1S31	F	Bos taurus T cell receptor delta variable 1S31	1	10		Btau3.1_ChrUn.129	-
Bos taurus	TRDV1S37	F	Bos taurus T cell receptor delta variable 1S37	1	10		Btau3.1_ChrUn.298	-
Bos taurus	TRDV1S38	F	Bos taurus T cell receptor delta variable 1S38	1	10		Btau3.1_ChrUn.298	-
Bos taurus	TRDV1S4	F	Bos taurus T cell receptor delta variable 1S4	1	10		Btau3.1_Chr10.28	-
Bos taurus	TRDV1S40	F	Bos taurus T cell receptor delta variable 1S40	1	10		Btau3.1_ChrUn.857	-
Bos taurus	TRDV1S45	F	Bos taurus T cell receptor delta variable 1S45	1	10		Btau3.1_ChrUn.1758	-
Bos taurus	TRDV1S47	F	Bos taurus T cell receptor delta variable 1S47	1	10		Btau3.1_ChrUn.2188	-
Bos taurus	TRDV1S49	F	Bos taurus T cell receptor delta variable 1S49	1	10		Btau3.1_ChrUn.3566	-
Bos taurus	TRDV1S5	F	Bos taurus T cell receptor delta variable 1S5	1	10		Btau3.1_Chr10.28	-
Bos taurus	TRDV1S53	(F)	Bos taurus T cell receptor delta variable 1S53	1	10		EF175171	-
Bos taurus	TRDV1S54	(F)	Bos taurus T cell receptor delta variable 1S54	1	10		EF175172	-
Bos taurus	TRDV1S56	(F)	Bos taurus T cell receptor delta variable 1S56	1	10		D16113	-
Bos taurus	TRDV2	F	Bos taurus T cell receptor delta variable 2	1	10		BK064707	-
Bos taurus	TRDV3	F	Bos taurus T cell receptor delta variable 3	1	10		BK064707	-
Bos taurus	TRDV4	ORF	Bos taurus T cell receptor delta variable 4	1	10		BK064707	-
Bos taurus	TRDV5-1	F	Bos taurus T cell receptor delta variable 5-1	3	10		BK064707	-
Bos taurus	TRDV5-2	F	Bos taurus T cell receptor delta variable 5-2	1	10		BK064707	-
Bos taurus	TRGC1	F	Bos taurus T cell receptor gamma constant 1	4	4	4q1.5-2.2	D90409	-
Bos taurus	TRGC2	F	Bos taurus T cell receptor gamma constant 2	5	4	4q1.5-2.2	D90411	-
Bos taurus	TRGC3	F	Bos taurus T cell receptor gamma constant 3	2	4	4q3.1	D90414	-
Bos taurus	TRGC4	F	Bos taurus T cell receptor gamma constant 4	2	4	4q3.1	X63680	-
Bos taurus	TRGC5	(F)  F	Bos taurus T cell receptor gamma constant 5	3	4	4q3.1	AY735449	-
Bos taurus	TRGC6	F	Bos taurus T cell receptor gamma constant 6	2	4	4q1.5-2.2	AY644518	-
Bos taurus	TRGC7	P	Bos taurus T cell receptor gamma constant 7	1	4	4q3.1	AY644517	-
Bos taurus	TRGJ1-1	F	Bos taurus T cell receptor gamma joining 1-1	1	4	4q1.5-2.2	AY644518	-
Bos taurus	TRGJ1-2	(F)  F	Bos taurus T cell receptor gamma joining 1-2	3	4	4q1.5-2.2	AY644518	-
Bos taurus	TRGJ2-1	(F)  F	Bos taurus T cell receptor gamma joining 2-1	3	4	4q1.5-2.2	AC172685	-
Bos taurus	TRGJ2-2	(F)  F	Bos taurus T cell receptor gamma joining 2-2	3	4	4q3.1	AY644518	-
Bos taurus	TRGJ3-1	(F)  F	Bos taurus T cell receptor gamma joining 3-1	2	4	4q3.1	AY644517	-
Bos taurus	TRGJ4-1	F	Bos taurus T cell receptor gamma joining 4-1	1	4	4q3.1	AY644517	-
Bos taurus	TRGJ4-2	F	Bos taurus T cell receptor gamma joining 4-2	1	4	4q3.1	AY644517	-
Bos taurus	TRGJ5-1	F	Bos taurus T cell receptor gamma joining 5-1	1	4	4q3.1	NW_937068	-
Bos taurus	TRGJ6-1	F	Bos taurus T cell receptor gamma joining 6-1	1	4	4q1.5-2.2	AC172685	-
Bos taurus	TRGV1-1	(F)  F	Bos taurus T cell receptor gamma variable 1-1	3	4	4q3.1	AY644517	-
Bos taurus	TRGV10-1	F	Bos taurus T cell receptor gamma variable 10-1	1	4	4q3.1	NW_937068	-
Bos taurus	TRGV2-1	F	Bos taurus T cell receptor gamma variable 2-1	1	4	4q3.1	AY644517	-
Bos taurus	TRGV3-1	(F)  F	Bos taurus T cell receptor gamma variable 3-1	2	4	4q3.1	NW_937068	-
Bos taurus	TRGV3-2	(F)  F	Bos taurus T cell receptor gamma variable 3-2	2	4	4q3.1	NW_937068	-
Bos taurus	TRGV4-1	(F)	Bos taurus T cell receptor gamma variable 4-1	1	4	4q3.1	DQ179592	-
Bos taurus	TRGV5-1	(F)  F	Bos taurus T cell receptor gamma variable 5-1	5	4	4q1.5-2.2	AY644518	-
Bos taurus	TRGV5-2	(F)	Bos taurus T cell receptor gamma variable 5-2	10	4	4q1.5-2.2	AY644518	-
Bos taurus	TRGV6-1	(F)  F	Bos taurus T cell receptor gamma variable 6-1	2	4	4q1.5-2.2	AY644518	-
Bos taurus	TRGV6-2	F	Bos taurus T cell receptor gamma variable 6-2	1	4	4q1.5-2.2	AC172685	-
Bos taurus	TRGV7-1	(F)  F	Bos taurus T cell receptor gamma variable 7-1	2	4	4q3.1	NW_937068	-
Bos taurus	TRGV8-1	F	Bos taurus T cell receptor gamma variable 8-1	1	4	4q3.1	AY644517	-
Bos taurus	TRGV8-2	(F)  F	Bos taurus T cell receptor gamma variable 8-2	2	4	4q3.1	AY644517	-
Bos taurus	TRGV8-3	(F)  F	Bos taurus T cell receptor gamma variable 8-3	2	4	4q3.1	AY644517	-
Bos taurus	TRGV8-4	F	Bos taurus T cell receptor gamma variable 8-4	1	4	4q3.1	AY644517	-
Bos taurus	TRGV9-1	F	Bos taurus T cell receptor gamma variable 9-1	1	4	4q3.1	AY644517	-
Bos taurus	TRGV9-2	F	Bos taurus T cell receptor gamma variable 9-2	1	4	4q3.1	AY644517	-
Camelus dromedarius	TRAV33S1	F	Camelus dromedarius T cell receptor alpha variable 33S1	1			FN298228	-
Camelus dromedarius	TRAV33S2	F	Camelus dromedarius T cell receptor alpha variable 33S2	1			FN298229	-
Camelus dromedarius	TRAV33S3	F	Camelus dromedarius T cell receptor alpha variable 33S3	1			FN298230	-
Camelus dromedarius	TRBC1	F	Camelus dromedarius T cell receptor beta constant 1	1			NW_011591151	-
Camelus dromedarius	TRBC2	P	Camelus dromedarius T cell receptor beta constant 2	1			NW_011593440	-
Camelus dromedarius	TRBC3	F	Camelus dromedarius T cell receptor beta constant 3	1			NW_011591151	-
Camelus dromedarius	TRBD1	F	Camelus dromedarius T cell receptor beta diversity 1	1			NW_011591151	-
Camelus dromedarius	TRBJ1-1	F	Camelus dromedarius T cell receptor beta joining 1-1	1			NW_011591151	-
Camelus dromedarius	TRBJ1-2	F	Camelus dromedarius T cell receptor beta joining 1-2	1			NW_011591151	-
Camelus dromedarius	TRBJ1-3	F	Camelus dromedarius T cell receptor beta joining 1-3	1			NW_011591151	-
Camelus dromedarius	TRBJ1-4	F	Camelus dromedarius T cell receptor beta joining 1-4	1			NW_011591151	-
Camelus dromedarius	TRBJ1-5	F	Camelus dromedarius T cell receptor beta joining 1-5	1			NW_011591151	-
Camelus dromedarius	TRBJ1-6	F	Camelus dromedarius T cell receptor beta joining 1-6	1			NW_011591151	-
Camelus dromedarius	TRBJ2-2	F	Camelus dromedarius T cell receptor beta joining 2-2	1			NW_011616084	-
Camelus dromedarius	TRBJ2-3	F	Camelus dromedarius T cell receptor beta joining 2-3	1			NW_011616084	-
Camelus dromedarius	TRBJ2-6	ORF	Camelus dromedarius T cell receptor beta joining 2-6	1			NW_011607149	-
Camelus dromedarius	TRBJ3-1	F	Camelus dromedarius T cell receptor beta joining 3-1	1			NW_011601111	-
Camelus dromedarius	TRBJ3-2	F	Camelus dromedarius T cell receptor beta joining 3-2	1			NW_011601111	-
Camelus dromedarius	TRBJ3-3	F	Camelus dromedarius T cell receptor beta joining 3-3	1			NW_011601111	-
Camelus dromedarius	TRBJ3-4	F	Camelus dromedarius T cell receptor beta joining 3-4	1			NW_011601111	-
Camelus dromedarius	TRBV1	F	Camelus dromedarius T cell receptor beta variable 1	1			NW_011591622	-
Camelus dromedarius	TRBV10	F	Camelus dromedarius T cell receptor beta variable 10	1			NW_011591622	-
Camelus dromedarius	TRBV11	F	Camelus dromedarius T cell receptor beta variable 11	1			NW_011591622	-
Camelus dromedarius	TRBV15S1	F	Camelus dromedarius T cell receptor beta variable 15S1	1			NW_011591622	-
Camelus dromedarius	TRBV15S2	F	Camelus dromedarius T cell receptor beta variable 15S2	1			NW_011591622	-
Camelus dromedarius	TRBV16	F	Camelus dromedarius T cell receptor beta variable 16	1			NW_011591622	-
Camelus dromedarius	TRBV19	F	Camelus dromedarius T cell receptor beta variable 19	1			NW_011591622	-
Camelus dromedarius	TRBV2	F	Camelus dromedarius T cell receptor beta variable 2	1			NW_011591622	-
Camelus dromedarius	TRBV20	F	Camelus dromedarius T cell receptor beta variable 20	1			NW_011591622	-
Camelus dromedarius	TRBV21S1	F	Camelus dromedarius T cell receptor beta variable 21S1	1			NW_011591622	-
Camelus dromedarius	TRBV21S2	F	Camelus dromedarius T cell receptor beta variable 21S2	1			NW_011591151	-
Camelus dromedarius	TRBV21S3	P	Camelus dromedarius T cell receptor beta variable 21S3	1			NW_011591151	-
Camelus dromedarius	TRBV22	F	Camelus dromedarius T cell receptor beta variable 22	1			NW_011591151	-
Camelus dromedarius	TRBV25	F	Camelus dromedarius T cell receptor beta variable 25	1			NW_011591151	-
Camelus dromedarius	TRBV26	F	Camelus dromedarius T cell receptor beta variable 26	1			NW_011591151	-
Camelus dromedarius	TRBV27	F	Camelus dromedarius T cell receptor beta variable 27	1			NW_011591151	-
Camelus dromedarius	TRBV28	F	Camelus dromedarius T cell receptor beta variable 28	1			NW_011591151	-
Camelus dromedarius	TRBV29	F	Camelus dromedarius T cell receptor beta variable 29	1			NW_011591151	-
Camelus dromedarius	TRBV3	F	Camelus dromedarius T cell receptor beta variable 3	1			NW_011591622	-
Camelus dromedarius	TRBV30	F	Camelus dromedarius T cell receptor beta variable 30	1			NW_011593440	-
Camelus dromedarius	TRBV5S1	F	Camelus dromedarius T cell receptor beta variable 5S1	1			NW_011591622	-
Camelus dromedarius	TRBV5S2	F	Camelus dromedarius T cell receptor beta variable 5S2	1			NW_011591622	-
Camelus dromedarius	TRBV5S3	F	Camelus dromedarius T cell receptor beta variable 5S3	1			NW_011591622	-
Camelus dromedarius	TRBV6	F	Camelus dromedarius T cell receptor beta variable 6	1			NW_011591622	-
Camelus dromedarius	TRBV7S1	F	Camelus dromedarius T cell receptor beta variable 7S1	1			NW_011591622	-
Camelus dromedarius	TRBV7S2	F	Camelus dromedarius T cell receptor beta variable 7S2	1			NW_011591622	-
Camelus dromedarius	TRBV8	F	Camelus dromedarius T cell receptor beta variable 8	1			NW_011591622	-
Camelus dromedarius	TRDV1S1	F	Camelus dromedarius T cell receptor delta variable 1S1	2	-	-	FN298220	-
Camelus dromedarius	TRDV1S2	F	Camelus dromedarius T cell receptor delta variable 1S2	2	-	-	FN298221	-
Camelus dromedarius	TRDV1S3	F	Camelus dromedarius T cell receptor delta variable 1S3	1	-	-	FN298223	-
Camelus dromedarius	TRDV1S4	F	Camelus dromedarius T cell receptor delta variable 1S4	2	-	-	FN298224	-
Camelus dromedarius	TRDV1S5	F	Camelus dromedarius T cell receptor delta variable 1S5	1	-	-	FN298226	-
Camelus dromedarius	TRDV1S6	F	Camelus dromedarius T cell receptor delta variable 1S6	1	-	-	FN298227	-
Camelus dromedarius	TRDV3S1	F	Camelus dromedarius T cell receptor delta variable 3S1	1	-	-	FN298231	-
Camelus dromedarius	TRGC1	F	Camelus dromedarius T cell receptor gamma constant 1	1	7	7q11-12	JN172913	-
Camelus dromedarius	TRGC2	F	Camelus dromedarius T cell receptor gamma constant 2	1	7	7q11-12	JN172913	-
Camelus dromedarius	TRGJ1-1	F	Camelus dromedarius T cell receptor gamma joining 1-1	1	7	7q11-12	JN165102	-
Camelus dromedarius	TRGJ2-1	ORF	Camelus dromedarius T cell receptor gamma joining 2-1	1	7	7q11-12	JN172913	-
Camelus dromedarius	TRGJ2-2	F	Camelus dromedarius T cell receptor gamma joining 2-2	1	7	7q11-12	JN172913	-
Camelus dromedarius	TRGV1	F	Camelus dromedarius T cell receptor gamma variable 1	1	7	7q11-12	JN165102	-
Camelus dromedarius	TRGV2	F	Camelus dromedarius T cell receptor gamma variable 2	1	7	7q11-12	JN172913	-
Canis lupus familiaris	TRAC	F	Canis lupus familiaris T cell receptor alpha constant	1	8		BK065026	-
Canis lupus familiaris	TRAJ1	P	Canis lupus familiaris T cell receptor alpha joining 1	1	8		BK065026	-
Canis lupus familiaris	TRAJ10	ORF	Canis lupus familiaris T cell receptor alpha joining 10	1	8		BK065026	-
Canis lupus familiaris	TRAJ11	ORF	Canis lupus familiaris T cell receptor alpha joining 11	1	8		BK065026	-
Canis lupus familiaris	TRAJ12	F	Canis lupus familiaris T cell receptor alpha joining 12	1	8		BK065026	-
Canis lupus familiaris	TRAJ13	F	Canis lupus familiaris T cell receptor alpha joining 13	1	8		BK065026	-
Canis lupus familiaris	TRAJ14	P	Canis lupus familiaris T cell receptor alpha joining 14	1	8		BK065026	-
Canis lupus familiaris	TRAJ15	F	Canis lupus familiaris T cell receptor alpha joining 15	1	8		BK065026	-
Canis lupus familiaris	TRAJ16	F	Canis lupus familiaris T cell receptor alpha joining 16	1	8		BK065026	-
Canis lupus familiaris	TRAJ17	P	Canis lupus familiaris T cell receptor alpha joining 17	1	8		BK065026	-
Canis lupus familiaris	TRAJ18	F	Canis lupus familiaris T cell receptor alpha joining 18	1	8		BK065026	-
Canis lupus familiaris	TRAJ19	ORF	Canis lupus familiaris T cell receptor alpha joining 19	1	8		BK065026	-
Canis lupus familiaris	TRAJ2	F	Canis lupus familiaris T cell receptor alpha joining 2	1	8		BK065026	-
Canis lupus familiaris	TRAJ20	F	Canis lupus familiaris T cell receptor alpha joining 20	1	8		BK065026	-
Canis lupus familiaris	TRAJ21	F	Canis lupus familiaris T cell receptor alpha joining 21	1	8		BK065026	-
Canis lupus familiaris	TRAJ22	ORF	Canis lupus familiaris T cell receptor alpha joining 22	1	8		BK065026	-
Canis lupus familiaris	TRAJ23	F	Canis lupus familiaris T cell receptor alpha joining 23	1	8		BK065026	-
Canis lupus familiaris	TRAJ24	ORF	Canis lupus familiaris T cell receptor alpha joining 24	1	8		BK065026	-
Canis lupus familiaris	TRAJ25	F	Canis lupus familiaris T cell receptor alpha joining 25	1	8		BK065026	-
Canis lupus familiaris	TRAJ26	F	Canis lupus familiaris T cell receptor alpha joining 26	1	8		BK065026	-
Canis lupus familiaris	TRAJ27	F	Canis lupus familiaris T cell receptor alpha joining 27	1	8		BK065026	-
Canis lupus familiaris	TRAJ28	F	Canis lupus familiaris T cell receptor alpha joining 28	1	8		BK065026	-
Canis lupus familiaris	TRAJ29	P	Canis lupus familiaris T cell receptor alpha joining 29	1	8		BK065026	-
Canis lupus familiaris	TRAJ3	F	Canis lupus familiaris T cell receptor alpha joining 3	1	8		BK065026	-
Canis lupus familiaris	TRAJ30	F	Canis lupus familiaris T cell receptor alpha joining 30	1	8		BK065026	-
Canis lupus familiaris	TRAJ31	F	Canis lupus familiaris T cell receptor alpha joining 31	1	8		BK065026	-
Canis lupus familiaris	TRAJ32	F	Canis lupus familiaris T cell receptor alpha joining 32	1	8		BK065026	-
Canis lupus familiaris	TRAJ33	F	Canis lupus familiaris T cell receptor alpha joining 33	1	8		BK065026	-
Canis lupus familiaris	TRAJ34	F	Canis lupus familiaris T cell receptor alpha joining 34	1	8		BK065026	-
Canis lupus familiaris	TRAJ35	ORF	Canis lupus familiaris T cell receptor alpha joining 35	1	8		BK065026	-
Canis lupus familiaris	TRAJ36	P	Canis lupus familiaris T cell receptor alpha joining 36	1	8		BK065026	-
Canis lupus familiaris	TRAJ37	F	Canis lupus familiaris T cell receptor alpha joining 37	1	8		BK065026	-
Canis lupus familiaris	TRAJ38	F	Canis lupus familiaris T cell receptor alpha joining 38	1	8		BK065026	-
Canis lupus familiaris	TRAJ39	F	Canis lupus familiaris T cell receptor alpha joining 39	1	8		BK065026	-
Canis lupus familiaris	TRAJ4	F	Canis lupus familiaris T cell receptor alpha joining 4	1	8		BK065026	-
Canis lupus familiaris	TRAJ40	F	Canis lupus familiaris T cell receptor alpha joining 40	1	8		BK065026	-
Canis lupus familiaris	TRAJ41	F	Canis lupus familiaris T cell receptor alpha joining 41	1	8		BK065026	-
Canis lupus familiaris	TRAJ42	F	Canis lupus familiaris T cell receptor alpha joining 42	1	8		BK065026	-
Canis lupus familiaris	TRAJ43	F	Canis lupus familiaris T cell receptor alpha joining 43	1	8		BK065026	-
Canis lupus familiaris	TRAJ44	F	Canis lupus familiaris T cell receptor alpha joining 44	1	8		BK065026	-
Canis lupus familiaris	TRAJ45	F	Canis lupus familiaris T cell receptor alpha joining 45	1	8		BK065026	-
Canis lupus familiaris	TRAJ46	ORF	Canis lupus familiaris T cell receptor alpha joining 46	1	8		BK065026	-
Canis lupus familiaris	TRAJ47	P	Canis lupus familiaris T cell receptor alpha joining 47	1	8		BK065026	-
Canis lupus familiaris	TRAJ48	F	Canis lupus familiaris T cell receptor alpha joining 48	1	8		BK065026	-
Canis lupus familiaris	TRAJ49	F	Canis lupus familiaris T cell receptor alpha joining 49	1	8		BK065026	-
Canis lupus familiaris	TRAJ5	F	Canis lupus familiaris T cell receptor alpha joining 5	1	8		BK065026	-
Canis lupus familiaris	TRAJ50	F	Canis lupus familiaris T cell receptor alpha joining 50	1	8		BK065026	-
Canis lupus familiaris	TRAJ52	ORF	Canis lupus familiaris T cell receptor alpha joining 52	1	8		BK065026	-
Canis lupus familiaris	TRAJ53	ORF	Canis lupus familiaris T cell receptor alpha joining 53	1	8		BK065026	-
Canis lupus familiaris	TRAJ54	F	Canis lupus familiaris T cell receptor alpha joining 54	1	8		BK065026	-
Canis lupus familiaris	TRAJ56	F	Canis lupus familiaris T cell receptor alpha joining 56	1	8		BK065026	-
Canis lupus familiaris	TRAJ57	ORF	Canis lupus familiaris T cell receptor alpha joining 57	1	8		BK065026	-
Canis lupus familiaris	TRAJ58	F	Canis lupus familiaris T cell receptor alpha joining 58	1	8		BK065026	-
Canis lupus familiaris	TRAJ59	ORF	Canis lupus familiaris T cell receptor alpha joining 59	1	8		BK065026	-
Canis lupus familiaris	TRAJ6	F	Canis lupus familiaris T cell receptor alpha joining 6	1	8		BK065026	-
Canis lupus familiaris	TRAJ60	F	Canis lupus familiaris T cell receptor alpha joining 60	1	8		BK065026	-
Canis lupus familiaris	TRAJ61	P	Canis lupus familiaris T cell receptor alpha joining 61	1	8		BK065026	-
Canis lupus familiaris	TRAJ7	ORF	Canis lupus familiaris T cell receptor alpha joining 7	1	8		BK065026	-
Canis lupus familiaris	TRAJ8	F	Canis lupus familiaris T cell receptor alpha joining 8	1	8		BK065026	-
Canis lupus familiaris	TRAJ9	F	Canis lupus familiaris T cell receptor alpha joining 9	1	8		BK065026	-
Canis lupus familiaris	TRAV10	F	Canis lupus familiaris T cell receptor alpha variable 10	1	8		BK065026	-
Canis lupus familiaris	TRAV11	P	Canis lupus familiaris T cell receptor alpha variable 11	1	8		BK065026	-
Canis lupus familiaris	TRAV12	F	Canis lupus familiaris T cell receptor alpha variable 12	1	8		BK065026	-
Canis lupus familiaris	TRAV13-1	P	Canis lupus familiaris T cell receptor alpha variable 13-1	1	8		BK065026	-
Canis lupus familiaris	TRAV13-1-1	P	Canis lupus familiaris T cell receptor alpha variable 13-1-1	1	8		BK065026	-
Canis lupus familiaris	TRAV13-2	P	Canis lupus familiaris T cell receptor alpha variable 13-2	1	8		BK065026	-
Canis lupus familiaris	TRAV13-3	P	Canis lupus familiaris T cell receptor alpha variable 13-3	1	8		BK065026	-
Canis lupus familiaris	TRAV13-4	P	Canis lupus familiaris T cell receptor alpha variable 13-4	1	8		BK065026	-
Canis lupus familiaris	TRAV14-1	P	Canis lupus familiaris T cell receptor alpha variable 14-1	1	8		BK065026	-
Canis lupus familiaris	TRAV14-2	P	Canis lupus familiaris T cell receptor alpha variable 14-2	1	8		BK065026	-
Canis lupus familiaris	TRAV14-3	P	Canis lupus familiaris T cell receptor alpha variable 14-3	1	8		BK065026	-
Canis lupus familiaris	TRAV17	P	Canis lupus familiaris T cell receptor alpha variable 17	1	8		BK065026	-
Canis lupus familiaris	TRAV18	P	Canis lupus familiaris T cell receptor alpha variable 18	1	8		BK065026	-
Canis lupus familiaris	TRAV19	F	Canis lupus familiaris T cell receptor alpha variable 19	1	8		BK065026	-
Canis lupus familiaris	TRAV20	P	Canis lupus familiaris T cell receptor alpha variable 20	1	8		BK065026	-
Canis lupus familiaris	TRAV21	F	Canis lupus familiaris T cell receptor alpha variable 21	1	8		BK065026	-
Canis lupus familiaris	TRAV22	F	Canis lupus familiaris T cell receptor alpha variable 22	1	8		BK065026	-
Canis lupus familiaris	TRAV23	F	Canis lupus familiaris T cell receptor alpha variable 23	1	8		BK065026	-
Canis lupus familiaris	TRAV24	F	Canis lupus familiaris T cell receptor alpha variable 24	1	8		BK065026	-
Canis lupus familiaris	TRAV25	P	Canis lupus familiaris T cell receptor alpha variable 25	1	8		BK065026	-
Canis lupus familiaris	TRAV26	P	Canis lupus familiaris T cell receptor alpha variable 26	1	8		BK065026	-
Canis lupus familiaris	TRAV27	P	Canis lupus familiaris T cell receptor alpha variable 27	1	8		BK065026	-
Canis lupus familiaris	TRAV28	F	Canis lupus familiaris T cell receptor alpha variable 28	1	8		BK065026	-
Canis lupus familiaris	TRAV29	F	Canis lupus familiaris T cell receptor alpha variable 29	1	8		BK065026	-
Canis lupus familiaris	TRAV30	P	Canis lupus familiaris T cell receptor alpha variable 30	1	8		BK065026	-
Canis lupus familiaris	TRAV31	P	Canis lupus familiaris T cell receptor alpha variable 31	1	8		BK065026	-
Canis lupus familiaris	TRAV33	ORF	Canis lupus familiaris T cell receptor alpha variable 33	1	8		BK065026	-
Canis lupus familiaris	TRAV34	F	Canis lupus familiaris T cell receptor alpha variable 34	1	8		BK065026	-
Canis lupus familiaris	TRAV35	F	Canis lupus familiaris T cell receptor alpha variable 35	1	8		BK065026	-
Canis lupus familiaris	TRAV36	P	Canis lupus familiaris T cell receptor alpha variable 36	1	8		BK065026	-
Canis lupus familiaris	TRAV37	P	Canis lupus familiaris T cell receptor alpha variable 37	1	8		BK065026	-
Canis lupus familiaris	TRAV38-1	F	Canis lupus familiaris T cell receptor alpha variable 38-1	1	8		BK065026	-
Canis lupus familiaris	TRAV38-2	F	Canis lupus familiaris T cell receptor alpha variable 38-2	1	8		BK065026	-
Canis lupus familiaris	TRAV40	F	Canis lupus familiaris T cell receptor alpha variable 40	1	8		BK065026	-
Canis lupus familiaris	TRAV41	P	Canis lupus familiaris T cell receptor alpha variable 41	1	8		BK065026	-
Canis lupus familiaris	TRAV43-1	F	Canis lupus familiaris T cell receptor alpha variable 43-1	1	8		BK065026	-
Canis lupus familiaris	TRAV43-2	F	Canis lupus familiaris T cell receptor alpha variable 43-2	1	8		BK065026	-
Canis lupus familiaris	TRAV43-3	F	Canis lupus familiaris T cell receptor alpha variable 43-3	1	8		BK065026	-
Canis lupus familiaris	TRAV43-4	F	Canis lupus familiaris T cell receptor alpha variable 43-4	1	8		BK065026	-
Canis lupus familiaris	TRAV43-5	F	Canis lupus familiaris T cell receptor alpha variable 43-5	1	8		BK065026	-
Canis lupus familiaris	TRAV43-6	F	Canis lupus familiaris T cell receptor alpha variable 43-6	1	8		BK065026	-
Canis lupus familiaris	TRAV46	P	Canis lupus familiaris T cell receptor alpha variable 46	1	8		BK065026	-
Canis lupus familiaris	TRAV8-1	F	Canis lupus familiaris T cell receptor alpha variable 8-1	1	8		BK065026	-
Canis lupus familiaris	TRAV8-2	F	Canis lupus familiaris T cell receptor alpha variable 8-2	1	8		BK065026	-
Canis lupus familiaris	TRAV8-3	P	Canis lupus familiaris T cell receptor alpha variable 8-3	1	8		BK065026	-
Canis lupus familiaris	TRAV9-1	F	Canis lupus familiaris T cell receptor alpha variable 9-1	1	8		BK065026	-
Canis lupus familiaris	TRAV9-10	F	Canis lupus familiaris T cell receptor alpha variable 9-10	1	8		BK065026	-
Canis lupus familiaris	TRAV9-11	F	Canis lupus familiaris T cell receptor alpha variable 9-11	1	8		BK065026	-
Canis lupus familiaris	TRAV9-12	F	Canis lupus familiaris T cell receptor alpha variable 9-12	1	8		BK065026	-
Canis lupus familiaris	TRAV9-13	F	Canis lupus familiaris T cell receptor alpha variable 9-13	1	8		BK065026	-
Canis lupus familiaris	TRAV9-2	P	Canis lupus familiaris T cell receptor alpha variable 9-2	1	8		BK065026	-
Canis lupus familiaris	TRAV9-3	F	Canis lupus familiaris T cell receptor alpha variable 9-3	1	8		BK065026	-
Canis lupus familiaris	TRAV9-4	F	Canis lupus familiaris T cell receptor alpha variable 9-4	1	8		BK065026	-
Canis lupus familiaris	TRAV9-5	F	Canis lupus familiaris T cell receptor alpha variable 9-5	1	8		BK065026	-
Canis lupus familiaris	TRAV9-6	F	Canis lupus familiaris T cell receptor alpha variable 9-6	1	8		BK065026	-
Canis lupus familiaris	TRAV9-7	F	Canis lupus familiaris T cell receptor alpha variable 9-7	1	8		BK065026	-
Canis lupus familiaris	TRAV9-8	F	Canis lupus familiaris T cell receptor alpha variable 9-8	1	8		BK065026	-
Canis lupus familiaris	TRAV9-9	F	Canis lupus familiaris T cell receptor alpha variable 9-9	1	8		BK065026	-
Canis lupus familiaris	TRBC1	F	Canis lupus familiaris T cell receptor beta constant 1	2	16		BK065025	-
Canis lupus familiaris	TRBC2	F	Canis lupus familiaris T cell receptor beta constant 2	1	16		HE653929	-
Canis lupus familiaris	TRBD1	F	Canis lupus familiaris T cell receptor beta diversity 1	1	16		BK065025	-
Canis lupus familiaris	TRBD2	F	Canis lupus familiaris T cell receptor beta diversity 2	1	16		HE653929	-
Canis lupus familiaris	TRBJ1-1	F	Canis lupus familiaris T cell receptor beta joining 1-1	1	16		BK065025	-
Canis lupus familiaris	TRBJ1-2	F	Canis lupus familiaris T cell receptor beta joining 1-2	1	16		BK065025	-
Canis lupus familiaris	TRBJ1-3	P	Canis lupus familiaris T cell receptor beta joining 1-3	1	16		BK065025	-
Canis lupus familiaris	TRBJ1-4	ORF	Canis lupus familiaris T cell receptor beta joining 1-4	1	16		BK065025	-
Canis lupus familiaris	TRBJ1-5	F	Canis lupus familiaris T cell receptor beta joining 1-5	1	16		BK065025	-
Canis lupus familiaris	TRBJ1-6	F	Canis lupus familiaris T cell receptor beta joining 1-6	1	16		BK065025	-
Canis lupus familiaris	TRBJ2-1	F	Canis lupus familiaris T cell receptor beta joining 2-1	1	16		HE653929	-
Canis lupus familiaris	TRBJ2-2	F	Canis lupus familiaris T cell receptor beta joining 2-2	1	16		HE653929	-
Canis lupus familiaris	TRBJ2-3	F	Canis lupus familiaris T cell receptor beta joining 2-3	1	16		HE653929	-
Canis lupus familiaris	TRBJ2-4	ORF	Canis lupus familiaris T cell receptor beta joining 2-4	1	16		HE653929	-
Canis lupus familiaris	TRBJ2-5	F	Canis lupus familiaris T cell receptor beta joining 2-5	1	16		HE653929	-
Canis lupus familiaris	TRBJ2-6	F	Canis lupus familiaris T cell receptor beta joining 2-6	1	16		HE653929	-
Canis lupus familiaris	TRBV1	F	Canis lupus familiaris T cell receptor beta variable 1	1	16		BK065025	-
Canis lupus familiaris	TRBV10	F	Canis lupus familiaris T cell receptor beta variable 10	1	16		BK065025	-
Canis lupus familiaris	TRBV11	P	Canis lupus familiaris T cell receptor beta variable 11	1	16		BK065025	-
Canis lupus familiaris	TRBV12-1	P	Canis lupus familiaris T cell receptor beta variable 12-1	1	16		BK065025	-
Canis lupus familiaris	TRBV12-2	F	Canis lupus familiaris T cell receptor beta variable 12-2	1	16		BK065025	-
Canis lupus familiaris	TRBV15	ORF	Canis lupus familiaris T cell receptor beta variable 15	1	16		BK065025	-
Canis lupus familiaris	TRBV16	F	Canis lupus familiaris T cell receptor beta variable 16	1	16		BK065025	-
Canis lupus familiaris	TRBV18	F	Canis lupus familiaris T cell receptor beta variable 18	1	16		BK065025	-
Canis lupus familiaris	TRBV19	P	Canis lupus familiaris T cell receptor beta variable 19	1	16		BK065025	-
Canis lupus familiaris	TRBV2-1	P	Canis lupus familiaris T cell receptor beta variable 2-1	1	16		BK065025	-
Canis lupus familiaris	TRBV2-2	P	Canis lupus familiaris T cell receptor beta variable 2-2	1	16		BK065025	-
Canis lupus familiaris	TRBV2-3	P	Canis lupus familiaris T cell receptor beta variable 2-3	1	16		BK065025	-
Canis lupus familiaris	TRBV20	F	Canis lupus familiaris T cell receptor beta variable 20	1	16		BK065025	-
Canis lupus familiaris	TRBV21	P	Canis lupus familiaris T cell receptor beta variable 21	1	16		BK065025	-
Canis lupus familiaris	TRBV22	F	Canis lupus familiaris T cell receptor beta variable 22	1	16		BK065025	-
Canis lupus familiaris	TRBV24	F	Canis lupus familiaris T cell receptor beta variable 24	1	16		BK065025	-
Canis lupus familiaris	TRBV25	F	Canis lupus familiaris T cell receptor beta variable 25	1	16		BK065025	-
Canis lupus familiaris	TRBV26	F	Canis lupus familiaris T cell receptor beta variable 26	1	16		BK065025	-
Canis lupus familiaris	TRBV27	P	Canis lupus familiaris T cell receptor beta variable 27	1	16		BK065025	-
Canis lupus familiaris	TRBV28	F	Canis lupus familiaris T cell receptor beta variable 28	1	16		BK065025	-
Canis lupus familiaris	TRBV29	F	Canis lupus familiaris T cell receptor beta variable 29	1	16		BK065025	-
Canis lupus familiaris	TRBV3-1	F	Canis lupus familiaris T cell receptor beta variable 3-1	1	16		BK065025	-
Canis lupus familiaris	TRBV3-2	F	Canis lupus familiaris T cell receptor beta variable 3-2	1	16		BK065025	-
Canis lupus familiaris	TRBV3-3	P	Canis lupus familiaris T cell receptor beta variable 3-3	1	16		BK065025	-
Canis lupus familiaris	TRBV30	F	Canis lupus familiaris T cell receptor beta variable 30	1	16		BK065025	-
Canis lupus familiaris	TRBV4-1	F	Canis lupus familiaris T cell receptor beta variable 4-1	1	16		BK065025	-
Canis lupus familiaris	TRBV4-2	F	Canis lupus familiaris T cell receptor beta variable 4-2	1	16		BK065025	-
Canis lupus familiaris	TRBV4-3	F	Canis lupus familiaris T cell receptor beta variable 4-3	1	16		BK065025	-
Canis lupus familiaris	TRBV4-4	F	Canis lupus familiaris T cell receptor beta variable 4-4	1	16		BK065025	-
Canis lupus familiaris	TRBV5-1	P	Canis lupus familiaris T cell receptor beta variable 5-1	1	16		BK065025	-
Canis lupus familiaris	TRBV5-2	F	Canis lupus familiaris T cell receptor beta variable 5-2	1	16		BK065025	-
Canis lupus familiaris	TRBV5-3	P	Canis lupus familiaris T cell receptor beta variable 5-3	1	16		BK065025	-
Canis lupus familiaris	TRBV5-4	F	Canis lupus familiaris T cell receptor beta variable 5-4	1	16		BK065025	-
Canis lupus familiaris	TRBV6	P	Canis lupus familiaris T cell receptor beta variable 6	1	16		BK065025	-
Canis lupus familiaris	TRBV7	F	Canis lupus familiaris T cell receptor beta variable 7	1	16		BK065025	-
Canis lupus familiaris	TRBV8	P	Canis lupus familiaris T cell receptor beta variable 8	1	16		BK065025	-
Canis lupus familiaris	TRDC	F	Canis lupus familiaris T cell receptor delta constant	1	8		BK065026	-
Canis lupus familiaris	TRDD1	F	Canis lupus familiaris T cell receptor delta diversity 1	1	8		BK065026	-
Canis lupus familiaris	TRDD2	F	Canis lupus familiaris T cell receptor delta diversity 2	1	8		BK065026	-
Canis lupus familiaris	TRDJ1	F	Canis lupus familiaris T cell receptor delta joining 1	1	8		BK065026	-
Canis lupus familiaris	TRDJ2	F	Canis lupus familiaris T cell receptor delta joining 2	1	8		BK065026	-
Canis lupus familiaris	TRDJ3	ORF	Canis lupus familiaris T cell receptor delta joining 3	1	8		BK065026	-
Canis lupus familiaris	TRDJ4	F	Canis lupus familiaris T cell receptor delta joining 4	1	8		BK065026	-
Canis lupus familiaris	TRDV1	P	Canis lupus familiaris T cell receptor delta variable 1	1	8		BK065026	-
Canis lupus familiaris	TRDV2	P	Canis lupus familiaris T cell receptor delta variable 2	1	8		BK065026	-
Canis lupus familiaris	TRDV3	F	Canis lupus familiaris T cell receptor delta variable 3	1	8		BK065026	-
Canis lupus familiaris	TRDV4	F	Canis lupus familiaris T cell receptor delta variable 4	1	8		BK065026	-
Canis lupus familiaris	TRDV5	F	Canis lupus familiaris T cell receptor delta variable 5	1	8		BK065026	-
Canis lupus familiaris	TRGC1	ORF	Canis lupus familiaris T cell receptor gamma constant 1	1	18	-	BK065027	-
Canis lupus familiaris	TRGC2	F	Canis lupus familiaris T cell receptor gamma constant 2	1	18	-	BK065027	-
Canis lupus familiaris	TRGC3	F	Canis lupus familiaris T cell receptor gamma constant 3	1	18	-	BK065027	-
Canis lupus familiaris	TRGC4	F	Canis lupus familiaris T cell receptor gamma constant 4	1	18	-	BK065027	-
Canis lupus familiaris	TRGC5	F	Canis lupus familiaris T cell receptor gamma constant 5	1	18	-	BK065027	-
Canis lupus familiaris	TRGC6	P	Canis lupus familiaris T cell receptor gamma constant 6	1	18	-	BK065027	-
Canis lupus familiaris	TRGC7	F	Canis lupus familiaris T cell receptor gamma constant 7	1	18	-	BK065027	-
Canis lupus familiaris	TRGC8	F	Canis lupus familiaris T cell receptor gamma constant 8	1	18	-	BK065027	-
Canis lupus familiaris	TRGJ1-1	P	Canis lupus familiaris T cell receptor gamma joining 1-1	1	18	-	BK065027	-
Canis lupus familiaris	TRGJ1-2	ORF	Canis lupus familiaris T cell receptor gamma joining 1-2	1	18	-	BK065027	-
Canis lupus familiaris	TRGJ2-1	P	Canis lupus familiaris T cell receptor gamma joining 2-1	1	18	-	BK065027	-
Canis lupus familiaris	TRGJ2-2	F	Canis lupus familiaris T cell receptor gamma joining 2-2	1	18	-	BK065027	-
Canis lupus familiaris	TRGJ3-1	P	Canis lupus familiaris T cell receptor gamma joining 3-1	1	18	-	BK065027	-
Canis lupus familiaris	TRGJ3-2	ORF	Canis lupus familiaris T cell receptor gamma joining 3-2	1	18	-	BK065027	-
Canis lupus familiaris	TRGJ4-1	P	Canis lupus familiaris T cell receptor gamma joining 4-1	1	18	-	BK065027	-
Canis lupus familiaris	TRGJ4-2	F	Canis lupus familiaris T cell receptor gamma joining 4-2	1	18	-	BK065027	-
Canis lupus familiaris	TRGJ5-1	ORF	Canis lupus familiaris T cell receptor gamma joining 5-1	1	18	-	BK065027	-
Canis lupus familiaris	TRGJ5-2	F	Canis lupus familiaris T cell receptor gamma joining 5-2	1	18	-	BK065027	-
Canis lupus familiaris	TRGJ6-1	F	Canis lupus familiaris T cell receptor gamma joining 6-1	1	18	-	BK065027	-
Canis lupus familiaris	TRGJ6-2	ORF	Canis lupus familiaris T cell receptor gamma joining 6-2	1	18	-	BK065027	-
Canis lupus familiaris	TRGJ7-1	P	Canis lupus familiaris T cell receptor gamma joining 7-1	1	18	-	BK065027	-
Canis lupus familiaris	TRGJ7-2	F	Canis lupus familiaris T cell receptor gamma joining 7-2	1	18	-	BK065027	-
Canis lupus familiaris	TRGJ8-1	F	Canis lupus familiaris T cell receptor gamma joining 8-1	1	18	-	BK065027	-
Canis lupus familiaris	TRGJ8-2	P	Canis lupus familiaris T cell receptor gamma joining 8-2	1	18	-	BK065027	-
Canis lupus familiaris	TRGV1-1	P	Canis lupus familiaris T cell receptor gamma variable 1-1	1	18	-	BK065027	-
Canis lupus familiaris	TRGV2-1	F	Canis lupus familiaris T cell receptor gamma variable 2-1	1	18	-	BK065027	-
Canis lupus familiaris	TRGV2-2	F	Canis lupus familiaris T cell receptor gamma variable 2-2	1	18	-	BK065027	-
Canis lupus familiaris	TRGV2-3	F	Canis lupus familiaris T cell receptor gamma variable 2-3	1	18	-	BK065027	-
Canis lupus familiaris	TRGV2-4	F	Canis lupus familiaris T cell receptor gamma variable 2-4	1	18	-	BK065027	-
Canis lupus familiaris	TRGV3-1	P	Canis lupus familiaris T cell receptor gamma variable 3-1	1	18	-	BK065027	-
Canis lupus familiaris	TRGV3-2	P	Canis lupus familiaris T cell receptor gamma variable 3-2	1	18	-	BK065027	-
Canis lupus familiaris	TRGV3-3	P	Canis lupus familiaris T cell receptor gamma variable 3-3	1	18	-	BK065027	-
Canis lupus familiaris	TRGV4-1	ORF	Canis lupus familiaris T cell receptor gamma variable 4-1	1	18	-	BK065027	-
Canis lupus familiaris	TRGV5-1	P	Canis lupus familiaris T cell receptor gamma variable 5-1	1	18	-	BK065027	-
Canis lupus familiaris	TRGV5-2	F	Canis lupus familiaris T cell receptor gamma variable 5-2	1	18	-	BK065027	-
Canis lupus familiaris	TRGV5-3	P	Canis lupus familiaris T cell receptor gamma variable 5-3	1	18	-	BK065027	-
Canis lupus familiaris	TRGV6-1	P	Canis lupus familiaris T cell receptor gamma variable 6-1	1	18	-	BK065027	-
Canis lupus familiaris	TRGV7-1	P	Canis lupus familiaris T cell receptor gamma variable 7-1	1	18	-	BK065027	-
Canis lupus familiaris	TRGV7-2	F	Canis lupus familiaris T cell receptor gamma variable 7-2	1	18	-	BK065027	-
Canis lupus familiaris	TRGV7-3	F	Canis lupus familiaris T cell receptor gamma variable 7-3	1	18	-	BK065027	-
Danio rerio	TRAC	F	Danio rerio T cell receptor alpha constant	2	2		NW_003334160	-
Danio rerio	TRAJ1	ORF	Danio rerio T cell receptor alpha joining 1	1	2		NW_003334160	-
Danio rerio	TRAJ10	F	Danio rerio T cell receptor alpha joining 10	1	2		NW_003334160	-
Danio rerio	TRAJ100	ORF	Danio rerio T cell receptor alpha joining 100	2	2		NW_003334160	-
Danio rerio	TRAJ101	F	Danio rerio T cell receptor alpha joining 101	1	2		NW_003334160	-
Danio rerio	TRAJ102	ORF	Danio rerio T cell receptor alpha joining 102	1	2		NW_003334160	-
Danio rerio	TRAJ103	F	Danio rerio T cell receptor alpha joining 103	2	2		NW_003334160	-
Danio rerio	TRAJ104	ORF	Danio rerio T cell receptor alpha joining 104	2	2		NW_003334160	-
Danio rerio	TRAJ105	F	Danio rerio T cell receptor alpha joining 105	1	2		NW_003334160	-
Danio rerio	TRAJ106	ORF	Danio rerio T cell receptor alpha joining 106	2	2		NW_003334160	-
Danio rerio	TRAJ107	F	Danio rerio T cell receptor alpha joining 107	2	2		NW_003334160	-
Danio rerio	TRAJ108	F	Danio rerio T cell receptor alpha joining 108	2	2		NW_003334160	-
Danio rerio	TRAJ109	ORF	Danio rerio T cell receptor alpha joining 109	2	2		NW_003334160	-
Danio rerio	TRAJ11	F	Danio rerio T cell receptor alpha joining 11	1	2		NW_003334160	-
Danio rerio	TRAJ110	F	Danio rerio T cell receptor alpha joining 110	1	2		NW_003334160	-
Danio rerio	TRAJ111	F	Danio rerio T cell receptor alpha joining 111	1	2		NW_003334160	-
Danio rerio	TRAJ112	F	Danio rerio T cell receptor alpha joining 112	1	2		NW_003334160	-
Danio rerio	TRAJ113	F	Danio rerio T cell receptor alpha joining 113	1	2		NW_003334160	-
Danio rerio	TRAJ114	ORF	Danio rerio T cell receptor alpha joining 114	1	2		NW_003334160	-
Danio rerio	TRAJ115	ORF	Danio rerio T cell receptor alpha joining 115	1	2		NW_003334160	-
Danio rerio	TRAJ116	F	Danio rerio T cell receptor alpha joining 116	1	2		NW_003334160	-
Danio rerio	TRAJ117	ORF	Danio rerio T cell receptor alpha joining 117	1	2		NW_003334160	-
Danio rerio	TRAJ118	ORF	Danio rerio T cell receptor alpha joining 118	1	2		NW_003334160	-
Danio rerio	TRAJ119	P	Danio rerio T cell receptor alpha joining 119	1	2		NW_003334160	-
Danio rerio	TRAJ12	F	Danio rerio T cell receptor alpha joining 12	1	2		NW_003334160	-
Danio rerio	TRAJ120	F	Danio rerio T cell receptor alpha joining 120	1	2		NW_003334160	-
Danio rerio	TRAJ121	F	Danio rerio T cell receptor alpha joining 121	1	2		NW_003334160	-
Danio rerio	TRAJ122	ORF	Danio rerio T cell receptor alpha joining 122	1	2		NW_003334160	-
Danio rerio	TRAJ123	F	Danio rerio T cell receptor alpha joining 123	1	2		NW_003334160	-
Danio rerio	TRAJ13	F	Danio rerio T cell receptor alpha joining 13	1	2		NW_003334160	-
Danio rerio	TRAJ14	F	Danio rerio T cell receptor alpha joining 14	1	2		NW_003334160	-
Danio rerio	TRAJ15	F	Danio rerio T cell receptor alpha joining 15	1	2		NW_003334160	-
Danio rerio	TRAJ16	F	Danio rerio T cell receptor alpha joining 16	1	2		NW_003334160	-
Danio rerio	TRAJ17	F	Danio rerio T cell receptor alpha joining 17	1	2		NW_003334160	-
Danio rerio	TRAJ18	F	Danio rerio T cell receptor alpha joining 18	1	2		NW_003334160	-
Danio rerio	TRAJ19	F	Danio rerio T cell receptor alpha joining 19	1	2		NW_003334160	-
Danio rerio	TRAJ2	F	Danio rerio T cell receptor alpha joining 2	1	2		NW_003334160	-
Danio rerio	TRAJ20	F	Danio rerio T cell receptor alpha joining 20	1	2		NW_003334160	-
Danio rerio	TRAJ21	F	Danio rerio T cell receptor alpha joining 21	1	2		NW_003334160	-
Danio rerio	TRAJ22	F	Danio rerio T cell receptor alpha joining 22	1	2		NW_003334160	-
Danio rerio	TRAJ23	F	Danio rerio T cell receptor alpha joining 23	1	2		NW_003334160	-
Danio rerio	TRAJ24	F	Danio rerio T cell receptor alpha joining 24	1	2		NW_003334160	-
Danio rerio	TRAJ25	F	Danio rerio T cell receptor alpha joining 25	1	2		NW_003334160	-
Danio rerio	TRAJ26	F	Danio rerio T cell receptor alpha joining 26	1	2		NW_003334160	-
Danio rerio	TRAJ27	F	Danio rerio T cell receptor alpha joining 27	1	2		NW_003334160	-
Danio rerio	TRAJ28	F	Danio rerio T cell receptor alpha joining 28	1	2		NW_003334160	-
Danio rerio	TRAJ29	F	Danio rerio T cell receptor alpha joining 29	1	2		NW_003334160	-
Danio rerio	TRAJ3	ORF	Danio rerio T cell receptor alpha joining 3	1	2		NW_003334160	-
Danio rerio	TRAJ30	F	Danio rerio T cell receptor alpha joining 30	1	2		NW_003334160	-
Danio rerio	TRAJ31	F	Danio rerio T cell receptor alpha joining 31	1	2		NW_003334160	-
Danio rerio	TRAJ32	F	Danio rerio T cell receptor alpha joining 32	1	2		NW_003334160	-
Danio rerio	TRAJ33	F	Danio rerio T cell receptor alpha joining 33	1	2		NW_003334160	-
Danio rerio	TRAJ34	F	Danio rerio T cell receptor alpha joining 34	1	2		NW_003334160	-
Danio rerio	TRAJ35	F	Danio rerio T cell receptor alpha joining 35	1	2		NW_003334160	-
Danio rerio	TRAJ36	F	Danio rerio T cell receptor alpha joining 36	1	2		NW_003334160	-
Danio rerio	TRAJ37	F	Danio rerio T cell receptor alpha joining 37	1	2		NW_003334160	-
Danio rerio	TRAJ38	F	Danio rerio T cell receptor alpha joining 38	1	2		NW_003334160	-
Danio rerio	TRAJ39	F	Danio rerio T cell receptor alpha joining 39	1	2		NW_003334160	-
Danio rerio	TRAJ4	F	Danio rerio T cell receptor alpha joining 4	1	2		NW_003334160	-
Danio rerio	TRAJ40	F	Danio rerio T cell receptor alpha joining 40	1	2		NW_003334160	-
Danio rerio	TRAJ41	F	Danio rerio T cell receptor alpha joining 41	1	2		NW_003334160	-
Danio rerio	TRAJ42	F	Danio rerio T cell receptor alpha joining 42	1	2		NW_003334160	-
Danio rerio	TRAJ43	F	Danio rerio T cell receptor alpha joining 43	1	2		NW_003334160	-
Danio rerio	TRAJ44	F	Danio rerio T cell receptor alpha joining 44	1	2		NW_003334160	-
Danio rerio	TRAJ45	F	Danio rerio T cell receptor alpha joining 45	1	2		NW_003334160	-
Danio rerio	TRAJ46	F	Danio rerio T cell receptor alpha joining 46	1	2		NW_003334160	-
Danio rerio	TRAJ47	F	Danio rerio T cell receptor alpha joining 47	1	2		NW_003334160	-
Danio rerio	TRAJ48	F	Danio rerio T cell receptor alpha joining 48	1	2		NW_003334160	-
Danio rerio	TRAJ49	F	Danio rerio T cell receptor alpha joining 49	1	2		NW_003334160	-
Danio rerio	TRAJ5	ORF	Danio rerio T cell receptor alpha joining 5	1	2		NW_003334160	-
Danio rerio	TRAJ50	F	Danio rerio T cell receptor alpha joining 50	1	2		NW_003334160	-
Danio rerio	TRAJ51	ORF	Danio rerio T cell receptor alpha joining 51	1	2		NW_003334160	-
Danio rerio	TRAJ52	F	Danio rerio T cell receptor alpha joining 52	1	2		NW_003334160	-
Danio rerio	TRAJ53	F	Danio rerio T cell receptor alpha joining 53	1	2		NW_003334160	-
Danio rerio	TRAJ54	F	Danio rerio T cell receptor alpha joining 54	1	2		NW_003334160	-
Danio rerio	TRAJ55	F	Danio rerio T cell receptor alpha joining 55	1	2		NW_003334160	-
Danio rerio	TRAJ56	F	Danio rerio T cell receptor alpha joining 56	1	2		NW_003334160	-
Danio rerio	TRAJ57	F	Danio rerio T cell receptor alpha joining 57	1	2		NW_003334160	-
Danio rerio	TRAJ58	F	Danio rerio T cell receptor alpha joining 58	1	2		NW_003334160	-
Danio rerio	TRAJ59	F	Danio rerio T cell receptor alpha joining 59	1	2		NW_003334160	-
Danio rerio	TRAJ6	F	Danio rerio T cell receptor alpha joining 6	1	2		NW_003334160	-
Danio rerio	TRAJ60	F	Danio rerio T cell receptor alpha joining 60	1	2		NW_003334160	-
Danio rerio	TRAJ61	F	Danio rerio T cell receptor alpha joining 61	1	2		NW_003334160	-
Danio rerio	TRAJ62	F	Danio rerio T cell receptor alpha joining 62	1	2		NW_003334160	-
Danio rerio	TRAJ63	F	Danio rerio T cell receptor alpha joining 63	1	2		NW_003334160	-
Danio rerio	TRAJ64	F	Danio rerio T cell receptor alpha joining 64	1	2		NW_003334160	-
Danio rerio	TRAJ65	F	Danio rerio T cell receptor alpha joining 65	1	2		NW_003334160	-
Danio rerio	TRAJ66	F	Danio rerio T cell receptor alpha joining 66	1	2		NW_003334160	-
Danio rerio	TRAJ67	F	Danio rerio T cell receptor alpha joining 67	1	2		NW_003334160	-
Danio rerio	TRAJ68	F	Danio rerio T cell receptor alpha joining 68	1	2		NW_003334160	-
Danio rerio	TRAJ69	F	Danio rerio T cell receptor alpha joining 69	1	2		NW_003334160	-
Danio rerio	TRAJ7	F	Danio rerio T cell receptor alpha joining 7	1	2		NW_003334160	-
Danio rerio	TRAJ70	F	Danio rerio T cell receptor alpha joining 70	1	2		NW_003334160	-
Danio rerio	TRAJ71	F	Danio rerio T cell receptor alpha joining 71	1	2		NW_003334160	-
Danio rerio	TRAJ72	F	Danio rerio T cell receptor alpha joining 72	1	2		NW_003334160	-
Danio rerio	TRAJ73	F	Danio rerio T cell receptor alpha joining 73	1	2		NW_003334160	-
Danio rerio	TRAJ74	F	Danio rerio T cell receptor alpha joining 74	1	2		NW_003334160	-
Danio rerio	TRAJ75	F	Danio rerio T cell receptor alpha joining 75	1	2		NW_003334160	-
Danio rerio	TRAJ76	F	Danio rerio T cell receptor alpha joining 76	1	2		NW_003334160	-
Danio rerio	TRAJ77	F	Danio rerio T cell receptor alpha joining 77	1	2		NW_003334160	-
Danio rerio	TRAJ78	F	Danio rerio T cell receptor alpha joining 78	1	2		NW_003334160	-
Danio rerio	TRAJ79	F	Danio rerio T cell receptor alpha joining 79	1	2		NW_003334160	-
Danio rerio	TRAJ8	F	Danio rerio T cell receptor alpha joining 8	1	2		NW_003334160	-
Danio rerio	TRAJ80	F	Danio rerio T cell receptor alpha joining 80	1	2		NW_003334160	-
Danio rerio	TRAJ81	F	Danio rerio T cell receptor alpha joining 81	1	2		NW_003334160	-
Danio rerio	TRAJ82	F	Danio rerio T cell receptor alpha joining 82	1	2		NW_003334160	-
Danio rerio	TRAJ83	F	Danio rerio T cell receptor alpha joining 83	1	2		NW_003334160	-
Danio rerio	TRAJ84	F	Danio rerio T cell receptor alpha joining 84	1	2		NW_003334160	-
Danio rerio	TRAJ85	F	Danio rerio T cell receptor alpha joining 85	1	2		NW_003334160	-
Danio rerio	TRAJ86	F	Danio rerio T cell receptor alpha joining 86	1	2		NW_003334160	-
Danio rerio	TRAJ87	F	Danio rerio T cell receptor alpha joining 87	1	2		NW_003334160	-
Danio rerio	TRAJ88	F	Danio rerio T cell receptor alpha joining 88	1	2		NW_003334160	-
Danio rerio	TRAJ89	F	Danio rerio T cell receptor alpha joining 89	1	2		NW_003334160	-
Danio rerio	TRAJ9	F	Danio rerio T cell receptor alpha joining 9	1	2		NW_003334160	-
Danio rerio	TRAJ90	F	Danio rerio T cell receptor alpha joining 90	1	2		NW_003334160	-
Danio rerio	TRAJ91	F	Danio rerio T cell receptor alpha joining 91	2	2		NW_003334160	-
Danio rerio	TRAJ92	F	Danio rerio T cell receptor alpha joining 92	2	2		NW_003334160	-
Danio rerio	TRAJ93	F	Danio rerio T cell receptor alpha joining 93	2	2		NW_003334160	-
Danio rerio	TRAJ94	F	Danio rerio T cell receptor alpha joining 94	2	2		NW_003334160	-
Danio rerio	TRAJ95	F	Danio rerio T cell receptor alpha joining 95	1	2		NW_003334160	-
Danio rerio	TRAJ96	F  ORF	Danio rerio T cell receptor alpha joining 96	2	2		NW_003334160	-
Danio rerio	TRAJ97	F	Danio rerio T cell receptor alpha joining 97	2	2		NW_003334160	-
Danio rerio	TRAJ98	F	Danio rerio T cell receptor alpha joining 98	1	2		NW_003334160	-
Danio rerio	TRAJ99	F	Danio rerio T cell receptor alpha joining 99	1	2		NW_003334160	-
Danio rerio	TRAV1-1	F	Danio rerio T cell receptor alpha variable 1-1	2	2		NW_003334160	-
Danio rerio	TRAV10-1	F	Danio rerio T cell receptor alpha variable 10-1	2	2		NW_003334160	-
Danio rerio	TRAV10-2	F	Danio rerio T cell receptor alpha variable 10-2	2	2		NW_003334160	-
Danio rerio	TRAV10-3	F	Danio rerio T cell receptor alpha variable 10-3	1	2		NW_003334160	-
Danio rerio	TRAV10-4	F	Danio rerio T cell receptor alpha variable 10-4	1	2		NW_003334160	-
Danio rerio	TRAV11-1	F	Danio rerio T cell receptor alpha variable 11-1	2	2		NW_003334160	-
Danio rerio	TRAV11-2	P	Danio rerio T cell receptor alpha variable 11-2	1	2		NW_003334160	-
Danio rerio	TRAV11-3	F	Danio rerio T cell receptor alpha variable 11-3	2	2		NW_003334160	-
Danio rerio	TRAV11-4	F	Danio rerio T cell receptor alpha variable 11-4	3	2		NW_003334160	-
Danio rerio	TRAV11-5	F	Danio rerio T cell receptor alpha variable 11-5	3	2		NW_003334160	-
Danio rerio	TRAV11-6	F  P	Danio rerio T cell receptor alpha variable 11-6	2	2		NW_003334160	-
Danio rerio	TRAV12-1	F	Danio rerio T cell receptor alpha variable 12-1	1	2		NW_003334160	-
Danio rerio	TRAV13-1	F	Danio rerio T cell receptor alpha variable 13-1	1	2		NW_003334160	-
Danio rerio	TRAV13-2	F	Danio rerio T cell receptor alpha variable 13-2	2	2		NW_003334160	-
Danio rerio	TRAV13-3	F  P	Danio rerio T cell receptor alpha variable 13-3	3	2		NW_003334160	-
Danio rerio	TRAV14-1	F	Danio rerio T cell receptor alpha variable 14-1	1	2		NW_003334160	-
Danio rerio	TRAV15-1	F	Danio rerio T cell receptor alpha variable 15-1	1	2		NW_003334160	-
Danio rerio	TRAV16-1/DV1-1	F	Danio rerio T cell receptor alpha variable 16-1/DV1-1	1	2		NW_003334160	-
Danio rerio	TRAV17-1	F  P	Danio rerio T cell receptor alpha variable 17-1	2	2		NW_003334160	-
Danio rerio	TRAV18-1	F  P	Danio rerio T cell receptor alpha variable 18-1	2	2		NW_003334160	-
Danio rerio	TRAV18-10	F	Danio rerio T cell receptor alpha variable 18-10	3	2		NW_003334160	-
Danio rerio	TRAV18-11	F	Danio rerio T cell receptor alpha variable 18-11	4	2		NW_003334160	-
Danio rerio	TRAV18-12	F	Danio rerio T cell receptor alpha variable 18-12	3	2		NW_003334160	-
Danio rerio	TRAV18-2	F	Danio rerio T cell receptor alpha variable 18-2	2	2		NW_003334160	-
Danio rerio	TRAV18-3	F	Danio rerio T cell receptor alpha variable 18-3	1	2		NW_003334160	-
Danio rerio	TRAV18-4	F	Danio rerio T cell receptor alpha variable 18-4	1	2		NW_003334160	-
Danio rerio	TRAV18-5	F	Danio rerio T cell receptor alpha variable 18-5	1	2		NW_003334160	-
Danio rerio	TRAV18-6	F	Danio rerio T cell receptor alpha variable 18-6	1	2		NW_003334160	-
Danio rerio	TRAV18-7	F	Danio rerio T cell receptor alpha variable 18-7	2	2		NW_003334160	-
Danio rerio	TRAV18-8	F	Danio rerio T cell receptor alpha variable 18-8	2	2		NW_003334160	-
Danio rerio	TRAV18-9	F	Danio rerio T cell receptor alpha variable 18-9	3	2		NW_003334160	-
Danio rerio	TRAV19-1	F	Danio rerio T cell receptor alpha variable 19-1	2	2		NW_003334160	-
Danio rerio	TRAV2-1	F	Danio rerio T cell receptor alpha variable 2-1	2	2		NW_003334160	-
Danio rerio	TRAV20-1	F	Danio rerio T cell receptor alpha variable 20-1	2	2		NW_003334160	-
Danio rerio	TRAV20-2	F	Danio rerio T cell receptor alpha variable 20-2	1	2		NW_003334160	-
Danio rerio	TRAV20-3	F	Danio rerio T cell receptor alpha variable 20-3	2	2		NW_003334160	-
Danio rerio	TRAV21-1	ORF	Danio rerio T cell receptor alpha variable 21-1	1	2		NW_003334160	-
Danio rerio	TRAV21-2	F	Danio rerio T cell receptor alpha variable 21-2	1	2		NW_003334160	-
Danio rerio	TRAV21-3	P	Danio rerio T cell receptor alpha variable 21-3	1	2		NW_003334160	-
Danio rerio	TRAV21-4	F	Danio rerio T cell receptor alpha variable 21-4	1	2		NW_003334160	-
Danio rerio	TRAV21-5	F	Danio rerio T cell receptor alpha variable 21-5	1	2		AL591481	-
Danio rerio	TRAV22-1	ORF	Danio rerio T cell receptor alpha variable 22-1	1	2		NW_003334160	-
Danio rerio	TRAV22-2	ORF	Danio rerio T cell receptor alpha variable 22-2	2	2		NW_003334160	-
Danio rerio	TRAV22-3/DV2-1	F	Danio rerio T cell receptor alpha variable 22-3/DV2-1	2	2		NW_003334160	-
Danio rerio	TRAV22-4/DV2-2	F	Danio rerio T cell receptor alpha variable 22-4/DV2-2	3	2		NW_003334160	-
Danio rerio	TRAV23-1	F  P	Danio rerio T cell receptor alpha variable 23-1	2	2		NW_003334160	-
Danio rerio	TRAV24-1	F	Danio rerio T cell receptor alpha variable 24-1	2	2		NW_003334160	-
Danio rerio	TRAV24-2	F	Danio rerio T cell receptor alpha variable 24-2	3	2		NW_003334160	-
Danio rerio	TRAV25-1	F  ORF	Danio rerio T cell receptor alpha variable 25-1	3	2		NW_003334160	-
Danio rerio	TRAV25-2	F	Danio rerio T cell receptor alpha variable 25-2	2	2		NW_003334160	-
Danio rerio	TRAV25-3	F	Danio rerio T cell receptor alpha variable 25-3	3	2		NW_003334160	-
Danio rerio	TRAV26-1	F  P	Danio rerio T cell receptor alpha variable 26-1	3	2		NW_003334160	-
Danio rerio	TRAV26-2	F  P	Danio rerio T cell receptor alpha variable 26-2	3	2		NW_003334160	-
Danio rerio	TRAV27-1	F	Danio rerio T cell receptor alpha variable 27-1	3	2		NW_003334160	-
Danio rerio	TRAV28-1	F	Danio rerio T cell receptor alpha variable 28-1	2	2		NW_003334160	-
Danio rerio	TRAV29-1	F	Danio rerio T cell receptor alpha variable 29-1	3	2		NW_003334160	-
Danio rerio	TRAV29-2	F	Danio rerio T cell receptor alpha variable 29-2	3	2		NW_003334160	-
Danio rerio	TRAV29-3	F	Danio rerio T cell receptor alpha variable 29-3	3	2		NW_003334160	-
Danio rerio	TRAV3-1	F	Danio rerio T cell receptor alpha variable 3-1	2	2		NW_003334160	-
Danio rerio	TRAV30-1	F	Danio rerio T cell receptor alpha variable 30-1	3	2		NW_003334160	-
Danio rerio	TRAV31-1	F	Danio rerio T cell receptor alpha variable 31-1	3	2		NW_003334160	-
Danio rerio	TRAV32-1	F	Danio rerio T cell receptor alpha variable 32-1	2	2		NW_003334160	-
Danio rerio	TRAV33-1	F	Danio rerio T cell receptor alpha variable 33-1	3	2		NW_003334160	-
Danio rerio	TRAV34-1	F	Danio rerio T cell receptor alpha variable 34-1	3	2		NW_003334160	-
Danio rerio	TRAV35-1	F	Danio rerio T cell receptor alpha variable 35-1	3	2		NW_003334160	-
Danio rerio	TRAV36-1	F  ORF	Danio rerio T cell receptor alpha variable 36-1	3	2		NW_003334160	-
Danio rerio	TRAV37-1	F	Danio rerio T cell receptor alpha variable 37-1	2	2		NW_003334160	-
Danio rerio	TRAV38-1	F	Danio rerio T cell receptor alpha variable 38-1	2	2		NW_003334160	-
Danio rerio	TRAV39-1	F	Danio rerio T cell receptor alpha variable 39-1	2	2		NW_003334160	-
Danio rerio	TRAV4-1	F	Danio rerio T cell receptor alpha variable 4-1	2	2		NW_003334160	-
Danio rerio	TRAV4-2	F	Danio rerio T cell receptor alpha variable 4-2	2	2		NW_003334160	-
Danio rerio	TRAV4-3	F	Danio rerio T cell receptor alpha variable 4-3	2	2		NW_003334160	-
Danio rerio	TRAV4-4	F	Danio rerio T cell receptor alpha variable 4-4	1	2		NW_003334160	-
Danio rerio	TRAV4-5	F	Danio rerio T cell receptor alpha variable 4-5	1	2		NW_003334160	-
Danio rerio	TRAV4-6	F	Danio rerio T cell receptor alpha variable 4-6	3	2		NW_003334160	-
Danio rerio	TRAV4-7	F	Danio rerio T cell receptor alpha variable 4-7	3	2		NW_003334160	-
Danio rerio	TRAV40-1	F	Danio rerio T cell receptor alpha variable 40-1	2	2		NW_003334160	-
Danio rerio	TRAV41-1	F	Danio rerio T cell receptor alpha variable 41-1	2	2		NW_003334160	-
Danio rerio	TRAV42-1	F	Danio rerio T cell receptor alpha variable 42-1	2	2		NW_003334160	-
Danio rerio	TRAV42-2	F	Danio rerio T cell receptor alpha variable 42-2	2	2		NW_003334160	-
Danio rerio	TRAV43-1	F	Danio rerio T cell receptor alpha variable 43-1	2	2		NW_003334160	-
Danio rerio	TRAV43-2	F  P	Danio rerio T cell receptor alpha variable 43-2	2	2		NW_003334160	-
Danio rerio	TRAV44-1	F	Danio rerio T cell receptor alpha variable 44-1	2	2		NW_003334160	-
Danio rerio	TRAV44-2	F	Danio rerio T cell receptor alpha variable 44-2	2	2		NW_003334160	-
Danio rerio	TRAV44-3	F	Danio rerio T cell receptor alpha variable 44-3	2	2		NW_003334160	-
Danio rerio	TRAV45-1	F	Danio rerio T cell receptor alpha variable 45-1	2	2		NW_003334160	-
Danio rerio	TRAV46-1	F	Danio rerio T cell receptor alpha variable 46-1	2	2		NW_003334160	-
Danio rerio	TRAV47-1	F  P	Danio rerio T cell receptor alpha variable 47-1	2	2		NW_003334160	-
Danio rerio	TRAV48-1	F	Danio rerio T cell receptor alpha variable 48-1	2	2		NW_003334160	-
Danio rerio	TRAV49-1	F	Danio rerio T cell receptor alpha variable 49-1	1	2		NW_003334160	-
Danio rerio	TRAV5-1	F	Danio rerio T cell receptor alpha variable 5-1	2	2		NW_003334160	-
Danio rerio	TRAV50-1	F	Danio rerio T cell receptor alpha variable 50-1	1	2		NW_003334160	-
Danio rerio	TRAV51-1	F	Danio rerio T cell receptor alpha variable 51-1	1	2		NW_003334160	-
Danio rerio	TRAV52-1	F	Danio rerio T cell receptor alpha variable 52-1	1	2		NW_003334160	-
Danio rerio	TRAV53-1	F	Danio rerio T cell receptor alpha variable 53-1	1	2		NW_003334160	-
Danio rerio	TRAV54-1	F	Danio rerio T cell receptor alpha variable 54-1	1	2		NW_003334160	-
Danio rerio	TRAV55-1	P	Danio rerio T cell receptor alpha variable 55-1	1	2		NW_003334160	-
Danio rerio	TRAV56-1	F	Danio rerio T cell receptor alpha variable 56-1	1	2		NW_003334160	-
Danio rerio	TRAV57-1	F	Danio rerio T cell receptor alpha variable 57-1	1	2		NW_003334160	-
Danio rerio	TRAV58-1	F	Danio rerio T cell receptor alpha variable 58-1	1	2		NW_003334160	-
Danio rerio	TRAV59-1	F	Danio rerio T cell receptor alpha variable 59-1	1	2		NW_003334160	-
Danio rerio	TRAV6-1	P	Danio rerio T cell receptor alpha variable 6-1	2	2		NW_003334160	-
Danio rerio	TRAV6-2	F	Danio rerio T cell receptor alpha variable 6-2	2	2		NW_003334160	-
Danio rerio	TRAV6-3	F  P	Danio rerio T cell receptor alpha variable 6-3	2	2		NW_003334160	-
Danio rerio	TRAV6-4	F  ORF	Danio rerio T cell receptor alpha variable 6-4	2	2		NW_003334160	-
Danio rerio	TRAV6-5	F	Danio rerio T cell receptor alpha variable 6-5	3	2		NW_003334160	-
Danio rerio	TRAV60-1	F	Danio rerio T cell receptor alpha variable 60-1	1	2		NW_003334160	-
Danio rerio	TRAV61-1	F	Danio rerio T cell receptor alpha variable 61-1	1	2		NW_003334160	-
Danio rerio	TRAV62-1	F	Danio rerio T cell receptor alpha variable 62-1	1	2		NW_003334160	-
Danio rerio	TRAV62-2	F	Danio rerio T cell receptor alpha variable 62-2	1	2		NW_003334160	-
Danio rerio	TRAV62-3	F	Danio rerio T cell receptor alpha variable 62-3	2	2		NW_003334160	-
Danio rerio	TRAV63-1	F	Danio rerio T cell receptor alpha variable 63-1	1	2		NW_003334160	-
Danio rerio	TRAV63-2	F	Danio rerio T cell receptor alpha variable 63-2	1	2		NW_003334160	-
Danio rerio	TRAV63-3	F	Danio rerio T cell receptor alpha variable 63-3	1	2		NW_003334160	-
Danio rerio	TRAV63-4	F	Danio rerio T cell receptor alpha variable 63-4	2	2		NW_003334160	-
Danio rerio	TRAV64-1	P	Danio rerio T cell receptor alpha variable 64-1	1	2		NW_003334160	-
Danio rerio	TRAV64-2	F  P	Danio rerio T cell receptor alpha variable 64-2	2	2		NW_003334160	-
Danio rerio	TRAV65-1	F	Danio rerio T cell receptor alpha variable 65-1	2	2		NW_003334160	-
Danio rerio	TRAV65-2	F	Danio rerio T cell receptor alpha variable 65-2	2	2		NW_003334160	-
Danio rerio	TRAV66-1	F	Danio rerio T cell receptor alpha variable 66-1	2	2		NW_003334160	-
Danio rerio	TRAV67-1	F	Danio rerio T cell receptor alpha variable 67-1	2	2		NW_003334160	-
Danio rerio	TRAV67-2	F	Danio rerio T cell receptor alpha variable 67-2	2	2		NW_003334160	-
Danio rerio	TRAV68-1	F  P	Danio rerio T cell receptor alpha variable 68-1	2	2		NW_003334160	-
Danio rerio	TRAV69-1	F	Danio rerio T cell receptor alpha variable 69-1	2	2		NW_003334160	-
Danio rerio	TRAV69-2	F	Danio rerio T cell receptor alpha variable 69-2	2	2		NW_003334160	-
Danio rerio	TRAV69-3	F	Danio rerio T cell receptor alpha variable 69-3	2	2		NW_003334160	-
Danio rerio	TRAV69-4	F	Danio rerio T cell receptor alpha variable 69-4	2	2		NW_003334160	-
Danio rerio	TRAV7-1	F	Danio rerio T cell receptor alpha variable 7-1	1	2		NW_003334160	-
Danio rerio	TRAV7-2	F	Danio rerio T cell receptor alpha variable 7-2	2	2		NW_003334160	-
Danio rerio	TRAV7-3	F	Danio rerio T cell receptor alpha variable 7-3	2	2		NW_003334160	-
Danio rerio	TRAV7-4	F	Danio rerio T cell receptor alpha variable 7-4	2	2		NW_003334160	-
Danio rerio	TRAV7-5	F	Danio rerio T cell receptor alpha variable 7-5	3	2		NW_003334160	-
Danio rerio	TRAV70-1	F	Danio rerio T cell receptor alpha variable 70-1	2	2		NW_003334160	-
Danio rerio	TRAV71-1	F	Danio rerio T cell receptor alpha variable 71-1	2	2		NW_003334160	-
Danio rerio	TRAV71-2	F	Danio rerio T cell receptor alpha variable 71-2	2	2		NW_003334160	-
Danio rerio	TRAV72-1	F	Danio rerio T cell receptor alpha variable 72-1	2	2		NW_003334160	-
Danio rerio	TRAV72-2	F	Danio rerio T cell receptor alpha variable 72-2	2	2		NW_003334160	-
Danio rerio	TRAV72-3	F  P	Danio rerio T cell receptor alpha variable 72-3	2	2		NW_003334160	-
Danio rerio	TRAV72-4	F	Danio rerio T cell receptor alpha variable 72-4	2	2		NW_003334160	-
Danio rerio	TRAV73-1	ORF	Danio rerio T cell receptor alpha variable 73-1	1	2		NW_003334160	-
Danio rerio	TRAV73-2	F  P	Danio rerio T cell receptor alpha variable 73-2	2	2		NW_003334160	-
Danio rerio	TRAV73-3	F	Danio rerio T cell receptor alpha variable 73-3	2	2		NW_003334160	-
Danio rerio	TRAV74-1	F  P	Danio rerio T cell receptor alpha variable 74-1	2	2		NW_003334160	-
Danio rerio	TRAV75-1	F	Danio rerio T cell receptor alpha variable 75-1	2	2		NW_003334160	-
Danio rerio	TRAV8-1	P	Danio rerio T cell receptor alpha variable 8-1	1	2		NW_003334160	-
Danio rerio	TRAV9-1	F  ORF	Danio rerio T cell receptor alpha variable 9-1	2	2		NW_003334160	-
Danio rerio	TRAV9-2	F	Danio rerio T cell receptor alpha variable 9-2	2	2		NW_003334160	-
Danio rerio	TRAV9-3	F	Danio rerio T cell receptor alpha variable 9-3	2	2		NW_003334160	-
Danio rerio	TRAV9-4	F	Danio rerio T cell receptor alpha variable 9-4	2	2		NW_003334160	-
Danio rerio	TRAV9-5	F	Danio rerio T cell receptor alpha variable 9-5	2	2		NW_003334160	-
Danio rerio	TRAV9-5-1	F	Danio rerio T cell receptor alpha variable 9-5-1	1	2		AL591481	-
Danio rerio	TRAV9-6	F	Danio rerio T cell receptor alpha variable 9-6	3	2		NW_003334160	-
Danio rerio	TRDC	F	Danio rerio T cell receptor delta constant	1	2		NW_003334160	-
Danio rerio	TRDD1	F	Danio rerio T cell receptor delta diversity 1	1	2		NW_003334160	-
Danio rerio	TRDD2	F	Danio rerio T cell receptor delta diversity 2	1	2		NW_003334160	-
Danio rerio	TRDD3	F	Danio rerio T cell receptor delta diversity 3	1	2		NW_003334160	-
Danio rerio	TRDD4	F	Danio rerio T cell receptor delta diversity 4	1	2		NW_003334160	-
Danio rerio	TRDD5	F	Danio rerio T cell receptor delta diversity 5	1	2		NW_003334160	-
Danio rerio	TRDD6	F	Danio rerio T cell receptor delta diversity 6	1	2		NW_003334160	-
Danio rerio	TRDJ1	ORF	Danio rerio T cell receptor delta joining 1	1	2		NW_003334160	-
Danio rerio	TRDJ2	ORF	Danio rerio T cell receptor delta joining 2	1	2		NW_003334160	-
Felis catus	TRAC	F	Felis catus T cell receptor alpha constant	1	B3		IMGT000045	-
Felis catus	TRAJ1	ORF	Felis catus T cell receptor alpha joining 1	1	B3		IMGT000045	-
Felis catus	TRAJ10	ORF	Felis catus T cell receptor alpha joining 10	1	B3		IMGT000045	-
Felis catus	TRAJ11	F	Felis catus T cell receptor alpha joining 11	1	B3		IMGT000045	-
Felis catus	TRAJ12	ORF	Felis catus T cell receptor alpha joining 12	1	B3		IMGT000045	-
Felis catus	TRAJ13	F	Felis catus T cell receptor alpha joining 13	1	B3		IMGT000045	-
Felis catus	TRAJ14	ORF	Felis catus T cell receptor alpha joining 14	1	B3		IMGT000045	-
Felis catus	TRAJ15	F	Felis catus T cell receptor alpha joining 15	1	B3		IMGT000045	-
Felis catus	TRAJ16	F	Felis catus T cell receptor alpha joining 16	1	B3		IMGT000045	-
Felis catus	TRAJ17	ORF	Felis catus T cell receptor alpha joining 17	1	B3		IMGT000045	-
Felis catus	TRAJ18	F	Felis catus T cell receptor alpha joining 18	1	B3		IMGT000045	-
Felis catus	TRAJ19	ORF	Felis catus T cell receptor alpha joining 19	1	B3		IMGT000045	-
Felis catus	TRAJ2	F	Felis catus T cell receptor alpha joining 2	1	B3		IMGT000045	-
Felis catus	TRAJ20	F	Felis catus T cell receptor alpha joining 20	1	B3		IMGT000045	-
Felis catus	TRAJ21	F	Felis catus T cell receptor alpha joining 21	1	B3		IMGT000045	-
Felis catus	TRAJ22	F	Felis catus T cell receptor alpha joining 22	1	B3		IMGT000045	-
Felis catus	TRAJ23	F	Felis catus T cell receptor alpha joining 23	1	B3		IMGT000045	-
Felis catus	TRAJ24	F	Felis catus T cell receptor alpha joining 24	1	B3		IMGT000045	-
Felis catus	TRAJ25	F	Felis catus T cell receptor alpha joining 25	1	B3		IMGT000045	-
Felis catus	TRAJ26	F	Felis catus T cell receptor alpha joining 26	1	B3		IMGT000045	-
Felis catus	TRAJ27	F	Felis catus T cell receptor alpha joining 27	1	B3		IMGT000045	-
Felis catus	TRAJ28	ORF	Felis catus T cell receptor alpha joining 28	1	B3		IMGT000045	-
Felis catus	TRAJ29	F	Felis catus T cell receptor alpha joining 29	1	B3		IMGT000045	-
Felis catus	TRAJ3	ORF	Felis catus T cell receptor alpha joining 3	1	B3		IMGT000045	-
Felis catus	TRAJ30	F	Felis catus T cell receptor alpha joining 30	1	B3		IMGT000045	-
Felis catus	TRAJ31	ORF	Felis catus T cell receptor alpha joining 31	1	B3		IMGT000045	-
Felis catus	TRAJ32	F	Felis catus T cell receptor alpha joining 32	1	B3		IMGT000045	-
Felis catus	TRAJ33	F	Felis catus T cell receptor alpha joining 33	1	B3		IMGT000045	-
Felis catus	TRAJ34	F	Felis catus T cell receptor alpha joining 34	1	B3		IMGT000045	-
Felis catus	TRAJ35	F	Felis catus T cell receptor alpha joining 35	1	B3		IMGT000045	-
Felis catus	TRAJ36	F	Felis catus T cell receptor alpha joining 36	1	B3		IMGT000045	-
Felis catus	TRAJ37	ORF	Felis catus T cell receptor alpha joining 37	1	B3		IMGT000045	-
Felis catus	TRAJ38	F	Felis catus T cell receptor alpha joining 38	1	B3		IMGT000045	-
Felis catus	TRAJ39	F	Felis catus T cell receptor alpha joining 39	1	B3		IMGT000045	-
Felis catus	TRAJ4	ORF	Felis catus T cell receptor alpha joining 4	1	B3		IMGT000045	-
Felis catus	TRAJ40	F	Felis catus T cell receptor alpha joining 40	1	B3		IMGT000045	-
Felis catus	TRAJ41	ORF	Felis catus T cell receptor alpha joining 41	1	B3		IMGT000045	-
Felis catus	TRAJ42	F	Felis catus T cell receptor alpha joining 42	1	B3		IMGT000045	-
Felis catus	TRAJ43	F	Felis catus T cell receptor alpha joining 43	1	B3		IMGT000045	-
Felis catus	TRAJ44	F	Felis catus T cell receptor alpha joining 44	1	B3		IMGT000045	-
Felis catus	TRAJ45	F	Felis catus T cell receptor alpha joining 45	1	B3		IMGT000045	-
Felis catus	TRAJ46	ORF	Felis catus T cell receptor alpha joining 46	1	B3		IMGT000045	-
Felis catus	TRAJ47	F	Felis catus T cell receptor alpha joining 47	1	B3		IMGT000045	-
Felis catus	TRAJ48	F	Felis catus T cell receptor alpha joining 48	1	B3		IMGT000045	-
Felis catus	TRAJ49	F	Felis catus T cell receptor alpha joining 49	1	B3		IMGT000045	-
Felis catus	TRAJ5	F	Felis catus T cell receptor alpha joining 5	1	B3		IMGT000045	-
Felis catus	TRAJ50	F	Felis catus T cell receptor alpha joining 50	1	B3		IMGT000045	-
Felis catus	TRAJ51	P	Felis catus T cell receptor alpha joining 51	1	B3		IMGT000045	-
Felis catus	TRAJ52	F	Felis catus T cell receptor alpha joining 52	1	B3		IMGT000045	-
Felis catus	TRAJ53	F	Felis catus T cell receptor alpha joining 53	1	B3		IMGT000045	-
Felis catus	TRAJ54	F	Felis catus T cell receptor alpha joining 54	1	B3		IMGT000045	-
Felis catus	TRAJ55	P	Felis catus T cell receptor alpha joining 55	1	B3		IMGT000045	-
Felis catus	TRAJ56	F	Felis catus T cell receptor alpha joining 56	1	B3		IMGT000045	-
Felis catus	TRAJ57	ORF	Felis catus T cell receptor alpha joining 57	1	B3		IMGT000045	-
Felis catus	TRAJ58	ORF	Felis catus T cell receptor alpha joining 58	1	B3		IMGT000045	-
Felis catus	TRAJ59	F	Felis catus T cell receptor alpha joining 59	1	B3		IMGT000045	-
Felis catus	TRAJ6	ORF	Felis catus T cell receptor alpha joining 6	1	B3		IMGT000045	-
Felis catus	TRAJ60	ORF	Felis catus T cell receptor alpha joining 60	1	B3		IMGT000045	-
Felis catus	TRAJ61	ORF	Felis catus T cell receptor alpha joining 61	1	B3		IMGT000045	-
Felis catus	TRAJ62	ORF	Felis catus T cell receptor alpha joining 62	1	B3		IMGT000045	-
Felis catus	TRAJ63	ORF	Felis catus T cell receptor alpha joining 63	1	B3		IMGT000045	-
Felis catus	TRAJ64	P	Felis catus T cell receptor alpha joining 64	1	B3		IMGT000045	-
Felis catus	TRAJ7	F	Felis catus T cell receptor alpha joining 7	1	B3		IMGT000045	-
Felis catus	TRAJ8	F	Felis catus T cell receptor alpha joining 8	1	B3		IMGT000045	-
Felis catus	TRAJ9	F	Felis catus T cell receptor alpha joining 9	1	B3		IMGT000045	-
Felis catus	TRAV10	F	Felis catus T cell receptor alpha variable 10	1	B3		IMGT000045	-
Felis catus	TRAV11	P	Felis catus T cell receptor alpha variable 11	1	B3		IMGT000045	-
Felis catus	TRAV12	F	Felis catus T cell receptor alpha variable 12	1	B3		IMGT000045	-
Felis catus	TRAV13-1	F	Felis catus T cell receptor alpha variable 13-1	1	B3		IMGT000045	-
Felis catus	TRAV13-2	P	Felis catus T cell receptor alpha variable 13-2	1	B3		IMGT000045	-
Felis catus	TRAV13-3	F	Felis catus T cell receptor alpha variable 13-3	1	B3		IMGT000045	-
Felis catus	TRAV14-1	P	Felis catus T cell receptor alpha variable 14-1	1	B3		IMGT000045	-
Felis catus	TRAV14-2	P	Felis catus T cell receptor alpha variable 14-2	1	B3		IMGT000045	-
Felis catus	TRAV14-3	P	Felis catus T cell receptor alpha variable 14-3	1	B3		IMGT000045	-
Felis catus	TRAV14-4	P	Felis catus T cell receptor alpha variable 14-4	1	B3		IMGT000045	-
Felis catus	TRAV14-5	F	Felis catus T cell receptor alpha variable 14-5	1	B3		IMGT000045	-
Felis catus	TRAV16	F	Felis catus T cell receptor alpha variable 16	1	B3		IMGT000045	-
Felis catus	TRAV17	F	Felis catus T cell receptor alpha variable 17	1	B3		IMGT000045	-
Felis catus	TRAV18	F	Felis catus T cell receptor alpha variable 18	1	B3		IMGT000045	-
Felis catus	TRAV19	F	Felis catus T cell receptor alpha variable 19	1	B3		IMGT000045	-
Felis catus	TRAV2	ORF	Felis catus T cell receptor alpha variable 2	1	B3		IMGT000045	-
Felis catus	TRAV20	P	Felis catus T cell receptor alpha variable 20	1	B3		IMGT000045	-
Felis catus	TRAV21	F	Felis catus T cell receptor alpha variable 21	1	B3		IMGT000045	-
Felis catus	TRAV22	ORF	Felis catus T cell receptor alpha variable 22	1	B3		IMGT000045	-
Felis catus	TRAV23	F	Felis catus T cell receptor alpha variable 23	1	B3		IMGT000045	-
Felis catus	TRAV24	F	Felis catus T cell receptor alpha variable 24	1	B3		IMGT000045	-
Felis catus	TRAV25	F	Felis catus T cell receptor alpha variable 25	1	B3		IMGT000045	-
Felis catus	TRAV26	ORF	Felis catus T cell receptor alpha variable 26	1	B3		IMGT000045	-
Felis catus	TRAV27	ORF	Felis catus T cell receptor alpha variable 27	1	B3		IMGT000045	-
Felis catus	TRAV28	ORF	Felis catus T cell receptor alpha variable 28	1	B3		IMGT000045	-
Felis catus	TRAV29	F	Felis catus T cell receptor alpha variable 29	1	B3		IMGT000045	-
Felis catus	TRAV3	F	Felis catus T cell receptor alpha variable 3	1	B3		IMGT000045	-
Felis catus	TRAV30	P	Felis catus T cell receptor alpha variable 30	1	B3		IMGT000045	-
Felis catus	TRAV31	P	Felis catus T cell receptor alpha variable 31	1	B3		IMGT000045	-
Felis catus	TRAV33	ORF	Felis catus T cell receptor alpha variable 33	1	B3		IMGT000045	-
Felis catus	TRAV34	ORF	Felis catus T cell receptor alpha variable 34	1	B3		IMGT000045	-
Felis catus	TRAV35	F	Felis catus T cell receptor alpha variable 35	1	B3		IMGT000045	-
Felis catus	TRAV36	ORF	Felis catus T cell receptor alpha variable 36	1	B3		IMGT000045	-
Felis catus	TRAV37	F	Felis catus T cell receptor alpha variable 37	1	B3		IMGT000045	-
Felis catus	TRAV38-1	F	Felis catus T cell receptor alpha variable 38-1	1	B3		IMGT000045	-
Felis catus	TRAV38-2	F	Felis catus T cell receptor alpha variable 38-2	1	B3		IMGT000045	-
Felis catus	TRAV39	P	Felis catus T cell receptor alpha variable 39	1	B3		IMGT000045	-
Felis catus	TRAV4	ORF	Felis catus T cell receptor alpha variable 4	1	B3		IMGT000045	-
Felis catus	TRAV40	F	Felis catus T cell receptor alpha variable 40	1	B3		IMGT000045	-
Felis catus	TRAV41	F	Felis catus T cell receptor alpha variable 41	1	B3		IMGT000045	-
Felis catus	TRAV43-1	F	Felis catus T cell receptor alpha variable 43-1	1	B3		IMGT000045	-
Felis catus	TRAV43-2	F	Felis catus T cell receptor alpha variable 43-2	1	B3		IMGT000045	-
Felis catus	TRAV43-3	F	Felis catus T cell receptor alpha variable 43-3	1	B3		IMGT000045	-
Felis catus	TRAV43-4	P	Felis catus T cell receptor alpha variable 43-4	1	B3		IMGT000045	-
Felis catus	TRAV43-5	P	Felis catus T cell receptor alpha variable 43-5	1	B3		IMGT000045	-
Felis catus	TRAV43-6	P	Felis catus T cell receptor alpha variable 43-6	1	B3		IMGT000045	-
Felis catus	TRAV46	F	Felis catus T cell receptor alpha variable 46	1	B3		IMGT000045	-
Felis catus	TRAV5	F	Felis catus T cell receptor alpha variable 5	1	B3		IMGT000045	-
Felis catus	TRAV6	F	Felis catus T cell receptor alpha variable 6	1	B3		IMGT000045	-
Felis catus	TRAV8-1	ORF	Felis catus T cell receptor alpha variable 8-1	1	B3		IMGT000045	-
Felis catus	TRAV8-2	F	Felis catus T cell receptor alpha variable 8-2	1	B3		IMGT000045	-
Felis catus	TRAV8-3	F	Felis catus T cell receptor alpha variable 8-3	1	B3		IMGT000045	-
Felis catus	TRAV8-4	F	Felis catus T cell receptor alpha variable 8-4	1	B3		IMGT000045	-
Felis catus	TRAV8-5	F	Felis catus T cell receptor alpha variable 8-5	1	B3		IMGT000045	-
Felis catus	TRAV8-6	F	Felis catus T cell receptor alpha variable 8-6	1	B3		IMGT000045	-
Felis catus	TRAV8-7	F	Felis catus T cell receptor alpha variable 8-7	1	B3		IMGT000045	-
Felis catus	TRAV9-1	P	Felis catus T cell receptor alpha variable 9-1	1	B3		IMGT000045	-
Felis catus	TRAV9-2	ORF	Felis catus T cell receptor alpha variable 9-2	1	B3		IMGT000045	-
Felis catus	TRAV9-3	F	Felis catus T cell receptor alpha variable 9-3	1	B3		IMGT000045	-
Felis catus	TRAV9-4	F	Felis catus T cell receptor alpha variable 9-4	1	B3		IMGT000045	-
Felis catus	TRAV9-5	F	Felis catus T cell receptor alpha variable 9-5	1	B3		IMGT000045	-
Felis catus	TRAV9-6	P	Felis catus T cell receptor alpha variable 9-6	1	B3		IMGT000045	-
Felis catus	TRAV9-7	F	Felis catus T cell receptor alpha variable 9-7	1	B3		IMGT000045	-
Felis catus	TRBC1	F	Felis catus T cell receptor beta constant 1	1	A2		IMGT000037	-
Felis catus	TRBC2	F	Felis catus T cell receptor beta constant 2	1	A2		IMGT000037	-
Felis catus	TRBD1	F	Felis catus T cell receptor beta diversity 1	1	A2		IMGT000037	-
Felis catus	TRBD2	F	Felis catus T cell receptor beta diversity 2	1	A2		IMGT000037	-
Felis catus	TRBJ1-1	F	Felis catus T cell receptor beta joining 1-1	1	A2		IMGT000037	-
Felis catus	TRBJ1-2	F	Felis catus T cell receptor beta joining 1-2	1	A2		IMGT000037	-
Felis catus	TRBJ1-3	ORF	Felis catus T cell receptor beta joining 1-3	1	A2		IMGT000037	-
Felis catus	TRBJ1-4	P	Felis catus T cell receptor beta joining 1-4	1	A2		IMGT000037	-
Felis catus	TRBJ1-5	F	Felis catus T cell receptor beta joining 1-5	1	A2		IMGT000037	-
Felis catus	TRBJ1-6	P	Felis catus T cell receptor beta joining 1-6	1	A2		IMGT000037	-
Felis catus	TRBJ2-1	F	Felis catus T cell receptor beta joining 2-1	1	A2		IMGT000037	-
Felis catus	TRBJ2-2	F	Felis catus T cell receptor beta joining 2-2	1	A2		IMGT000037	-
Felis catus	TRBJ2-3	F	Felis catus T cell receptor beta joining 2-3	1	A2		IMGT000037	-
Felis catus	TRBJ2-4	F	Felis catus T cell receptor beta joining 2-4	1	A2		IMGT000037	-
Felis catus	TRBJ2-5	P	Felis catus T cell receptor beta joining 2-5	1	A2		IMGT000037	-
Felis catus	TRBJ2-6	F	Felis catus T cell receptor beta joining 2-6	1	A2		IMGT000037	-
Felis catus	TRBV1	F	Felis catus T cell receptor beta variable 1	1	A2		IMGT000037	-
Felis catus	TRBV10	F	Felis catus T cell receptor beta variable 10	1	A2		IMGT000037	-
Felis catus	TRBV11	P	Felis catus T cell receptor beta variable 11	1	A2		IMGT000037	-
Felis catus	TRBV12-1	F	Felis catus T cell receptor beta variable 12-1	1	A2		IMGT000037	-
Felis catus	TRBV12-2	P	Felis catus T cell receptor beta variable 12-2	1	A2		IMGT000037	-
Felis catus	TRBV15	F	Felis catus T cell receptor beta variable 15	1	A2		IMGT000037	-
Felis catus	TRBV16	P	Felis catus T cell receptor beta variable 16	1	A2		IMGT000037	-
Felis catus	TRBV17	P	Felis catus T cell receptor beta variable 17	1	A2		IMGT000037	-
Felis catus	TRBV18	F	Felis catus T cell receptor beta variable 18	1	A2		IMGT000037	-
Felis catus	TRBV19	ORF	Felis catus T cell receptor beta variable 19	1	A2		IMGT000037	-
Felis catus	TRBV2	P	Felis catus T cell receptor beta variable 2	1	A2		IMGT000037	-
Felis catus	TRBV20	F	Felis catus T cell receptor beta variable 20	1	A2		IMGT000037	-
Felis catus	TRBV21	F	Felis catus T cell receptor beta variable 21	1	A2		IMGT000037	-
Felis catus	TRBV22	ORF	Felis catus T cell receptor beta variable 22	1	A2		IMGT000037	-
Felis catus	TRBV23	P	Felis catus T cell receptor beta variable 23	1	A2		IMGT000037	-
Felis catus	TRBV24	F	Felis catus T cell receptor beta variable 24	1	A2		IMGT000037	-
Felis catus	TRBV25	ORF	Felis catus T cell receptor beta variable 25	1	A2		IMGT000037	-
Felis catus	TRBV26	F	Felis catus T cell receptor beta variable 26	1	A2		IMGT000037	-
Felis catus	TRBV27	ORF	Felis catus T cell receptor beta variable 27	1	A2		IMGT000037	-
Felis catus	TRBV28	P	Felis catus T cell receptor beta variable 28	1	A2		IMGT000037	-
Felis catus	TRBV29	F	Felis catus T cell receptor beta variable 29	1	A2		IMGT000037	-
Felis catus	TRBV3	F	Felis catus T cell receptor beta variable 3	1	A2		IMGT000037	-
Felis catus	TRBV30	F	Felis catus T cell receptor beta variable 30	1	A2		IMGT000037	-
Felis catus	TRBV4-1	F	Felis catus T cell receptor beta variable 4-1	1	A2		IMGT000037	-
Felis catus	TRBV4-2	F	Felis catus T cell receptor beta variable 4-2	1	A2		IMGT000037	-
Felis catus	TRBV5-1	P	Felis catus T cell receptor beta variable 5-1	1	A2		IMGT000037	-
Felis catus	TRBV5-2	F	Felis catus T cell receptor beta variable 5-2	1	A2		IMGT000037	-
Felis catus	TRBV5-3	F	Felis catus T cell receptor beta variable 5-3	1	A2		IMGT000037	-
Felis catus	TRBV5-4	F	Felis catus T cell receptor beta variable 5-4	1	A2		IMGT000037	-
Felis catus	TRBV6	F	Felis catus T cell receptor beta variable 6	1	A2		IMGT000037	-
Felis catus	TRBV7-1	F	Felis catus T cell receptor beta variable 7-1	1	A2		IMGT000037	-
Felis catus	TRBV7-2	F	Felis catus T cell receptor beta variable 7-2	1	A2		IMGT000037	-
Felis catus	TRBV8	P	Felis catus T cell receptor beta variable 8	1	A2		IMGT000037	-
Felis catus	TRDC	F	Felis catus T cell receptor delta constant	1	B3		IMGT000045	-
Felis catus	TRDD1	F	Felis catus T cell receptor delta diversity 1	1	B3		IMGT000045	-
Felis catus	TRDD2	F	Felis catus T cell receptor delta diversity 2	1	B3		IMGT000045	-
Felis catus	TRDJ1	ORF	Felis catus T cell receptor delta joining 1	1	B3		IMGT000045	-
Felis catus	TRDJ2	ORF	Felis catus T cell receptor delta joining 2	1	B3		IMGT000045	-
Felis catus	TRDJ3	F	Felis catus T cell receptor delta joining 3	1	B3		IMGT000045	-
Felis catus	TRDJ4	F	Felis catus T cell receptor delta joining 4	1	B3		IMGT000045	-
Felis catus	TRDJ5	P	Felis catus T cell receptor delta joining 5	1	B3		IMGT000045	-
Felis catus	TRDV1	P	Felis catus T cell receptor delta variable 1	1	B3		IMGT000045	-
Felis catus	TRDV2	P	Felis catus T cell receptor delta variable 2	1	B3		IMGT000045	-
Felis catus	TRDV3	F	Felis catus T cell receptor delta variable 3	1	B3		IMGT000045	-
Felis catus	TRDV4	ORF	Felis catus T cell receptor delta variable 4	1	B3		IMGT000045	-
Felis catus	TRDV5-1	F	Felis catus T cell receptor delta variable 5-1	1	B3		IMGT000045	-
Felis catus	TRDV5-2	F	Felis catus T cell receptor delta variable 5-2	1	B3		IMGT000045	-
Felis catus	TRDV5-3	F	Felis catus T cell receptor delta variable 5-3	1	B3		IMGT000045	-
Felis catus	TRDV5-4	P	Felis catus T cell receptor delta variable 5-4	1	B3		IMGT000045	-
Felis catus	TRDV5-5	F	Felis catus T cell receptor delta variable 5-5	1	B3		IMGT000045	-
Felis catus	TRDV5-6	ORF	Felis catus T cell receptor delta variable 5-6	1	B3		IMGT000045	-
Felis catus	TRGC1	F	Felis catus T cell receptor gamma constant 1	1	A2		IMGT000036	-
Felis catus	TRGC2	F	Felis catus T cell receptor gamma constant 2	1	A2		IMGT000036	-
Felis catus	TRGC3	F	Felis catus T cell receptor gamma constant 3	1	A2		IMGT000036	-
Felis catus	TRGC4	F	Felis catus T cell receptor gamma constant 4	1	A2		IMGT000036	-
Felis catus	TRGC5	P	Felis catus T cell receptor gamma constant 5	1	A2		IMGT000036	-
Felis catus	TRGC6	P	Felis catus T cell receptor gamma constant 6	1	A2		IMGT000036	-
Felis catus	TRGJ1-1	P	Felis catus T cell receptor gamma joining 1-1	1	A2		IMGT000036	-
Felis catus	TRGJ1-2	F	Felis catus T cell receptor gamma joining 1-2	1	A2		IMGT000036	-
Felis catus	TRGJ2-1	P	Felis catus T cell receptor gamma joining 2-1	1	A2		IMGT000036	-
Felis catus	TRGJ2-2	F	Felis catus T cell receptor gamma joining 2-2	1	A2		IMGT000036	-
Felis catus	TRGJ2-3	P	Felis catus T cell receptor gamma joining 2-3	1	A2		IMGT000036	-
Felis catus	TRGJ3-1	P	Felis catus T cell receptor gamma joining 3-1	1	A2		IMGT000036	-
Felis catus	TRGJ3-2	F	Felis catus T cell receptor gamma joining 3-2	1	A2		IMGT000036	-
Felis catus	TRGJ4-1	P	Felis catus T cell receptor gamma joining 4-1	1	A2		IMGT000036	-
Felis catus	TRGJ5-1	ORF	Felis catus T cell receptor gamma joining 5-1	1	A2		IMGT000036	-
Felis catus	TRGJ5-2	P	Felis catus T cell receptor gamma joining 5-2	1	A2		IMGT000036	-
Felis catus	TRGJ6-1	ORF	Felis catus T cell receptor gamma joining 6-1	1	A2		IMGT000036	-
Felis catus	TRGJ6-2	F	Felis catus T cell receptor gamma joining 6-2	1	A2		IMGT000036	-
Felis catus	TRGV2-1	F	Felis catus T cell receptor gamma variable 2-1	1	A2		IMGT000036	-
Felis catus	TRGV2-2	F	Felis catus T cell receptor gamma variable 2-2	1	A2		IMGT000036	-
Felis catus	TRGV2-3	F	Felis catus T cell receptor gamma variable 2-3	1	A2		IMGT000036	-
Felis catus	TRGV2-4	F	Felis catus T cell receptor gamma variable 2-4	1	A2		IMGT000036	-
Felis catus	TRGV5-1	P	Felis catus T cell receptor gamma variable 5-1	1	A2		IMGT000036	-
Felis catus	TRGV5-2	P	Felis catus T cell receptor gamma variable 5-2	1	A2		IMGT000036	-
Felis catus	TRGV5-3	F	Felis catus T cell receptor gamma variable 5-3	1	A2		IMGT000036	-
Felis catus	TRGV5-4	P	Felis catus T cell receptor gamma variable 5-4	1	A2		IMGT000036	-
Felis catus	TRGV6-1	P	Felis catus T cell receptor gamma variable 6-1	1	A2		IMGT000036	-
Felis catus	TRGV7-1	F	Felis catus T cell receptor gamma variable 7-1	1	A2		IMGT000036	-
Felis catus	TRGVA	P	Felis catus T cell receptor gamma variable A	1	A2		IMGT000036	-
Felis catus	TRGVB	P	Felis catus T cell receptor gamma variable B	1	A2		IMGT000036	-
Gorilla gorilla gorilla	TRAC	F	Gorilla gorilla gorilla T cell receptor alpha constant	1	14		BK064837	-
Gorilla gorilla gorilla	TRAJ1	ORF	Gorilla gorilla gorilla T cell receptor alpha joining 1	1	14		BK064837	-
Gorilla gorilla gorilla	TRAJ10	F	Gorilla gorilla gorilla T cell receptor alpha joining 10	1	14		BK064837	-
Gorilla gorilla gorilla	TRAJ11	F	Gorilla gorilla gorilla T cell receptor alpha joining 11	1	14		BK064837	-
Gorilla gorilla gorilla	TRAJ12	F	Gorilla gorilla gorilla T cell receptor alpha joining 12	1	14		BK064837	-
Gorilla gorilla gorilla	TRAJ13	F	Gorilla gorilla gorilla T cell receptor alpha joining 13	1	14		BK064837	-
Gorilla gorilla gorilla	TRAJ14	ORF	Gorilla gorilla gorilla T cell receptor alpha joining 14	1	14		BK064837	-
Gorilla gorilla gorilla	TRAJ15	F	Gorilla gorilla gorilla T cell receptor alpha joining 15	1	14		BK064837	-
Gorilla gorilla gorilla	TRAJ16	ORF	Gorilla gorilla gorilla T cell receptor alpha joining 16	1	14		BK064837	-
Gorilla gorilla gorilla	TRAJ17	F	Gorilla gorilla gorilla T cell receptor alpha joining 17	1	14		BK064837	-
Gorilla gorilla gorilla	TRAJ18	F	Gorilla gorilla gorilla T cell receptor alpha joining 18	1	14		BK064837	-
Gorilla gorilla gorilla	TRAJ19	ORF	Gorilla gorilla gorilla T cell receptor alpha joining 19	1	14		BK064837	-
Gorilla gorilla gorilla	TRAJ2	ORF	Gorilla gorilla gorilla T cell receptor alpha joining 2	1	14		BK064837	-
Gorilla gorilla gorilla	TRAJ20	F	Gorilla gorilla gorilla T cell receptor alpha joining 20	2	14		BK064837	-
Gorilla gorilla gorilla	TRAJ21	F	Gorilla gorilla gorilla T cell receptor alpha joining 21	1	14		BK064837	-
Gorilla gorilla gorilla	TRAJ22	F	Gorilla gorilla gorilla T cell receptor alpha joining 22	1	14		BK064837	-
Gorilla gorilla gorilla	TRAJ23	F	Gorilla gorilla gorilla T cell receptor alpha joining 23	1	14		BK064837	-
Gorilla gorilla gorilla	TRAJ24	F	Gorilla gorilla gorilla T cell receptor alpha joining 24	1	14		BK064837	-
Gorilla gorilla gorilla	TRAJ25	F	Gorilla gorilla gorilla T cell receptor alpha joining 25	1	14		BK064837	-
Gorilla gorilla gorilla	TRAJ26	F  ORF  P	Gorilla gorilla gorilla T cell receptor alpha joining 26	3	14		BK064837	-
Gorilla gorilla gorilla	TRAJ27	F	Gorilla gorilla gorilla T cell receptor alpha joining 27	2	14		BK064837	-
Gorilla gorilla gorilla	TRAJ28	F	Gorilla gorilla gorilla T cell receptor alpha joining 28	2	14		BK064837	-
Gorilla gorilla gorilla	TRAJ29	F	Gorilla gorilla gorilla T cell receptor alpha joining 29	1	14		BK064837	-
Gorilla gorilla gorilla	TRAJ3	F	Gorilla gorilla gorilla T cell receptor alpha joining 3	1	14		BK064837	-
Gorilla gorilla gorilla	TRAJ30	F	Gorilla gorilla gorilla T cell receptor alpha joining 30	2	14		BK064837	-
Gorilla gorilla gorilla	TRAJ31	F	Gorilla gorilla gorilla T cell receptor alpha joining 31	1	14		BK064837	-
Gorilla gorilla gorilla	TRAJ32	F	Gorilla gorilla gorilla T cell receptor alpha joining 32	1	14		BK064837	-
Gorilla gorilla gorilla	TRAJ33	F	Gorilla gorilla gorilla T cell receptor alpha joining 33	1	14		BK064837	-
Gorilla gorilla gorilla	TRAJ34	F	Gorilla gorilla gorilla T cell receptor alpha joining 34	2	14		BK064837	-
Gorilla gorilla gorilla	TRAJ35	F	Gorilla gorilla gorilla T cell receptor alpha joining 35	1	14		BK064837	-
Gorilla gorilla gorilla	TRAJ36	F	Gorilla gorilla gorilla T cell receptor alpha joining 36	1	14		BK064837	-
Gorilla gorilla gorilla	TRAJ37	F	Gorilla gorilla gorilla T cell receptor alpha joining 37	1	14		BK064837	-
Gorilla gorilla gorilla	TRAJ38	F	Gorilla gorilla gorilla T cell receptor alpha joining 38	2	14		BK064837	-
Gorilla gorilla gorilla	TRAJ39	F	Gorilla gorilla gorilla T cell receptor alpha joining 39	1	14		BK064837	-
Gorilla gorilla gorilla	TRAJ4	F	Gorilla gorilla gorilla T cell receptor alpha joining 4	1	14		BK064837	-
Gorilla gorilla gorilla	TRAJ40	F	Gorilla gorilla gorilla T cell receptor alpha joining 40	2	14		BK064837	-
Gorilla gorilla gorilla	TRAJ41	F  ORF	Gorilla gorilla gorilla T cell receptor alpha joining 41	3	14		BK064837	-
Gorilla gorilla gorilla	TRAJ42	F	Gorilla gorilla gorilla T cell receptor alpha joining 42	1	14		BK064837	-
Gorilla gorilla gorilla	TRAJ43	F	Gorilla gorilla gorilla T cell receptor alpha joining 43	1	14		BK064837	-
Gorilla gorilla gorilla	TRAJ44	F	Gorilla gorilla gorilla T cell receptor alpha joining 44	2	14		BK064837	-
Gorilla gorilla gorilla	TRAJ45	F	Gorilla gorilla gorilla T cell receptor alpha joining 45	1	14		BK064837	-
Gorilla gorilla gorilla	TRAJ46	F  P	Gorilla gorilla gorilla T cell receptor alpha joining 46	4	14		BK064837	-
Gorilla gorilla gorilla	TRAJ47	F	Gorilla gorilla gorilla T cell receptor alpha joining 47	1	14		BK064837	-
Gorilla gorilla gorilla	TRAJ48	F	Gorilla gorilla gorilla T cell receptor alpha joining 48	2	14		BK064837	-
Gorilla gorilla gorilla	TRAJ49	F	Gorilla gorilla gorilla T cell receptor alpha joining 49	1	14		BK064837	-
Gorilla gorilla gorilla	TRAJ5	F	Gorilla gorilla gorilla T cell receptor alpha joining 5	1	14		BK064837	-
Gorilla gorilla gorilla	TRAJ50	F	Gorilla gorilla gorilla T cell receptor alpha joining 50	2	14		BK064837	-
Gorilla gorilla gorilla	TRAJ51	P	Gorilla gorilla gorilla T cell receptor alpha joining 51	2	14		BK064837	-
Gorilla gorilla gorilla	TRAJ52	F	Gorilla gorilla gorilla T cell receptor alpha joining 52	1	14		BK064837	-
Gorilla gorilla gorilla	TRAJ53	F	Gorilla gorilla gorilla T cell receptor alpha joining 53	1	14		BK064837	-
Gorilla gorilla gorilla	TRAJ54	F	Gorilla gorilla gorilla T cell receptor alpha joining 54	1	14		BK064837	-
Gorilla gorilla gorilla	TRAJ55	P	Gorilla gorilla gorilla T cell receptor alpha joining 55	1	14		BK064837	-
Gorilla gorilla gorilla	TRAJ56	F	Gorilla gorilla gorilla T cell receptor alpha joining 56	1	14		BK064837	-
Gorilla gorilla gorilla	TRAJ57	F	Gorilla gorilla gorilla T cell receptor alpha joining 57	2	14		BK064837	-
Gorilla gorilla gorilla	TRAJ58	F	Gorilla gorilla gorilla T cell receptor alpha joining 58	1	14		BK064837	-
Gorilla gorilla gorilla	TRAJ59	ORF	Gorilla gorilla gorilla T cell receptor alpha joining 59	1	14		BK064837	-
Gorilla gorilla gorilla	TRAJ6	F	Gorilla gorilla gorilla T cell receptor alpha joining 6	1	14		BK064837	-
Gorilla gorilla gorilla	TRAJ60	P	Gorilla gorilla gorilla T cell receptor alpha joining 60	1	14		BK064837	-
Gorilla gorilla gorilla	TRAJ61	ORF	Gorilla gorilla gorilla T cell receptor alpha joining 61	1	14		BK064837	-
Gorilla gorilla gorilla	TRAJ7	F	Gorilla gorilla gorilla T cell receptor alpha joining 7	1	14		BK064837	-
Gorilla gorilla gorilla	TRAJ8	F	Gorilla gorilla gorilla T cell receptor alpha joining 8	2	14		BK064837	-
Gorilla gorilla gorilla	TRAJ9	F	Gorilla gorilla gorilla T cell receptor alpha joining 9	1	14		BK064837	-
Gorilla gorilla gorilla	TRAV1-1	F	Gorilla gorilla gorilla T cell receptor alpha variable 1-1	2	14		BK064837	-
Gorilla gorilla gorilla	TRAV1-2	F	Gorilla gorilla gorilla T cell receptor alpha variable 1-2	2	14		BK064837	-
Gorilla gorilla gorilla	TRAV10	F	Gorilla gorilla gorilla T cell receptor alpha variable 10	3	14		BK064837	-
Gorilla gorilla gorilla	TRAV11	P	Gorilla gorilla gorilla T cell receptor alpha variable 11	3	14		BK064837	-
Gorilla gorilla gorilla	TRAV11-1	P	Gorilla gorilla gorilla T cell receptor alpha variable 11-1	2	14		BK064837	-
Gorilla gorilla gorilla	TRAV12-1	F	Gorilla gorilla gorilla T cell receptor alpha variable 12-1	1	14		BK064837	-
Gorilla gorilla gorilla	TRAV12-2	F	Gorilla gorilla gorilla T cell receptor alpha variable 12-2	1	14		BK064837	-
Gorilla gorilla gorilla	TRAV12-3	F	Gorilla gorilla gorilla T cell receptor alpha variable 12-3	1	14		BK064837	-
Gorilla gorilla gorilla	TRAV13-1	F	Gorilla gorilla gorilla T cell receptor alpha variable 13-1	2	14		BK064837	-
Gorilla gorilla gorilla	TRAV13-2	F	Gorilla gorilla gorilla T cell receptor alpha variable 13-2	3	14		BK064837	-
Gorilla gorilla gorilla	TRAV14	F	Gorilla gorilla gorilla T cell receptor alpha variable 14	2	14		BK064837	-
Gorilla gorilla gorilla	TRAV14-1	P	Gorilla gorilla gorilla T cell receptor alpha variable 14-1	3	14		BK064837	-
Gorilla gorilla gorilla	TRAV15	P	Gorilla gorilla gorilla T cell receptor alpha variable 15	1	14		BK064837	-
Gorilla gorilla gorilla	TRAV16	F	Gorilla gorilla gorilla T cell receptor alpha variable 16	1	14		BK064837	-
Gorilla gorilla gorilla	TRAV17	F	Gorilla gorilla gorilla T cell receptor alpha variable 17	1	14		BK064837	-
Gorilla gorilla gorilla	TRAV18	F	Gorilla gorilla gorilla T cell receptor alpha variable 18	1	14		BK064837	-
Gorilla gorilla gorilla	TRAV19	F	Gorilla gorilla gorilla T cell receptor alpha variable 19	1	14		BK064837	-
Gorilla gorilla gorilla	TRAV2	F	Gorilla gorilla gorilla T cell receptor alpha variable 2	2	14		BK064837	-
Gorilla gorilla gorilla	TRAV20	F	Gorilla gorilla gorilla T cell receptor alpha variable 20	2	14		BK064837	-
Gorilla gorilla gorilla	TRAV21	F  P	Gorilla gorilla gorilla T cell receptor alpha variable 21	3	14		BK064837	-
Gorilla gorilla gorilla	TRAV22	F	Gorilla gorilla gorilla T cell receptor alpha variable 22	1	14		BK064837	-
Gorilla gorilla gorilla	TRAV23	F	Gorilla gorilla gorilla T cell receptor alpha variable 23	1	14		BK064837	-
Gorilla gorilla gorilla	TRAV24	F	Gorilla gorilla gorilla T cell receptor alpha variable 24	2	14		BK064837	-
Gorilla gorilla gorilla	TRAV25	F	Gorilla gorilla gorilla T cell receptor alpha variable 25	1	14		BK064837	-
Gorilla gorilla gorilla	TRAV26-1	F	Gorilla gorilla gorilla T cell receptor alpha variable 26-1	1	14		BK064837	-
Gorilla gorilla gorilla	TRAV26-2	F	Gorilla gorilla gorilla T cell receptor alpha variable 26-2	1	14		BK064837	-
Gorilla gorilla gorilla	TRAV27	F	Gorilla gorilla gorilla T cell receptor alpha variable 27	2	14		BK064837	-
Gorilla gorilla gorilla	TRAV28	P	Gorilla gorilla gorilla T cell receptor alpha variable 28	1	14		BK064837	-
Gorilla gorilla gorilla	TRAV29	F	Gorilla gorilla gorilla T cell receptor alpha variable 29	2	14		BK064837	-
Gorilla gorilla gorilla	TRAV3	F	Gorilla gorilla gorilla T cell receptor alpha variable 3	1	14		BK064837	-
Gorilla gorilla gorilla	TRAV30	F	Gorilla gorilla gorilla T cell receptor alpha variable 30	4	14		BK064837	-
Gorilla gorilla gorilla	TRAV31	P	Gorilla gorilla gorilla T cell receptor alpha variable 31	1	14		BK064837	-
Gorilla gorilla gorilla	TRAV32	P	Gorilla gorilla gorilla T cell receptor alpha variable 32	2	14		BK064837	-
Gorilla gorilla gorilla	TRAV33	P	Gorilla gorilla gorilla T cell receptor alpha variable 33	3	14		BK064837	-
Gorilla gorilla gorilla	TRAV34	F	Gorilla gorilla gorilla T cell receptor alpha variable 34	1	14		BK064837	-
Gorilla gorilla gorilla	TRAV35	F	Gorilla gorilla gorilla T cell receptor alpha variable 35	3	14		BK064837	-
Gorilla gorilla gorilla	TRAV36	F	Gorilla gorilla gorilla T cell receptor alpha variable 36	3	14		BK064837	-
Gorilla gorilla gorilla	TRAV37	P	Gorilla gorilla gorilla T cell receptor alpha variable 37	1	14		BK064837	-
Gorilla gorilla gorilla	TRAV38-1	ORF	Gorilla gorilla gorilla T cell receptor alpha variable 38-1	1	14		BK064837	-
Gorilla gorilla gorilla	TRAV38-2	F	Gorilla gorilla gorilla T cell receptor alpha variable 38-2	2	14		BK064837	-
Gorilla gorilla gorilla	TRAV39	F  P	Gorilla gorilla gorilla T cell receptor alpha variable 39	2	14		BK064837	-
Gorilla gorilla gorilla	TRAV4	F	Gorilla gorilla gorilla T cell receptor alpha variable 4	1	14		BK064837	-
Gorilla gorilla gorilla	TRAV40	ORF	Gorilla gorilla gorilla T cell receptor alpha variable 40	2	14		BK064837	-
Gorilla gorilla gorilla	TRAV41	F	Gorilla gorilla gorilla T cell receptor alpha variable 41	2	14		BK064837	-
Gorilla gorilla gorilla	TRAV46	P	Gorilla gorilla gorilla T cell receptor alpha variable 46	1	14		BK064837	-
Gorilla gorilla gorilla	TRAV5	F	Gorilla gorilla gorilla T cell receptor alpha variable 5	2	14		BK064837	-
Gorilla gorilla gorilla	TRAV6	F	Gorilla gorilla gorilla T cell receptor alpha variable 6	2	14		BK064837	-
Gorilla gorilla gorilla	TRAV7	P	Gorilla gorilla gorilla T cell receptor alpha variable 7	2	14		BK064837	-
Gorilla gorilla gorilla	TRAV8-1	F	Gorilla gorilla gorilla T cell receptor alpha variable 8-1	2	14		BK064837	-
Gorilla gorilla gorilla	TRAV8-2	F	Gorilla gorilla gorilla T cell receptor alpha variable 8-2	2	14		BK064837	-
Gorilla gorilla gorilla	TRAV8-3	F  P	Gorilla gorilla gorilla T cell receptor alpha variable 8-3	2	14		BK064837	-
Gorilla gorilla gorilla	TRAV8-4	F  P	Gorilla gorilla gorilla T cell receptor alpha variable 8-4	4	14		BK064837	-
Gorilla gorilla gorilla	TRAV8-5	P	Gorilla gorilla gorilla T cell receptor alpha variable 8-5	1	14		BK064837	-
Gorilla gorilla gorilla	TRAV8-6	F	Gorilla gorilla gorilla T cell receptor alpha variable 8-6	2	14		BK064837	-
Gorilla gorilla gorilla	TRAV8-6-1	P	Gorilla gorilla gorilla T cell receptor alpha variable 8-6-1	2	14		BK064837	-
Gorilla gorilla gorilla	TRAV8-7	F	Gorilla gorilla gorilla T cell receptor alpha variable 8-7	1	14		BK064837	-
Gorilla gorilla gorilla	TRAV9-1	F	Gorilla gorilla gorilla T cell receptor alpha variable 9-1	1	14		BK064837	-
Gorilla gorilla gorilla	TRAV9-2	F	Gorilla gorilla gorilla T cell receptor alpha variable 9-2	1	14		BK064837	-
Gorilla gorilla gorilla	TRAVA	P	Gorilla gorilla gorilla T cell receptor alpha variable A	1	14		BK064837	-
Gorilla gorilla gorilla	TRAVB	P	Gorilla gorilla gorilla T cell receptor alpha variable B	4	14		BK064837	-
Gorilla gorilla gorilla	TRAVC	P	Gorilla gorilla gorilla T cell receptor alpha variable C	1	14		BK064837	-
Gorilla gorilla gorilla	TRAVD	P	Gorilla gorilla gorilla T cell receptor alpha variable D	1	14		BK064837	-
Gorilla gorilla gorilla	TRAVE	P	Gorilla gorilla gorilla T cell receptor alpha variable E	3	14		BK064837	-
Gorilla gorilla gorilla	TRAVF	P	Gorilla gorilla gorilla T cell receptor alpha variable F	1	14		BK064837	-
Gorilla gorilla gorilla	TRAVG	P	Gorilla gorilla gorilla T cell receptor alpha variable G	2	14		BK064837	-
Gorilla gorilla gorilla	TRBC1	F	Gorilla gorilla gorilla T cell receptor beta constant 1	2	7		BK064850	-
Gorilla gorilla gorilla	TRBC2	F	Gorilla gorilla gorilla T cell receptor beta constant 2	1	7		BK064850	-
Gorilla gorilla gorilla	TRBD1	F	Gorilla gorilla gorilla T cell receptor beta diversity 1	1	7		BK064850	-
Gorilla gorilla gorilla	TRBD2	F	Gorilla gorilla gorilla T cell receptor beta diversity 2	1	7		BK064850	-
Gorilla gorilla gorilla	TRBJ1-1	F	Gorilla gorilla gorilla T cell receptor beta joining 1-1	1	7		BK064850	-
Gorilla gorilla gorilla	TRBJ1-2	F	Gorilla gorilla gorilla T cell receptor beta joining 1-2	1	7		BK064850	-
Gorilla gorilla gorilla	TRBJ1-3	F	Gorilla gorilla gorilla T cell receptor beta joining 1-3	1	7		BK064850	-
Gorilla gorilla gorilla	TRBJ1-4	F	Gorilla gorilla gorilla T cell receptor beta joining 1-4	1	7		BK064850	-
Gorilla gorilla gorilla	TRBJ1-5	F	Gorilla gorilla gorilla T cell receptor beta joining 1-5	2	7		BK064850	-
Gorilla gorilla gorilla	TRBJ1-6	F	Gorilla gorilla gorilla T cell receptor beta joining 1-6	2	7		BK064850	-
Gorilla gorilla gorilla	TRBJ2-1	F	Gorilla gorilla gorilla T cell receptor beta joining 2-1	1	7		BK064850	-
Gorilla gorilla gorilla	TRBJ2-2	F	Gorilla gorilla gorilla T cell receptor beta joining 2-2	1	7		BK064850	-
Gorilla gorilla gorilla	TRBJ2-2P	ORF	Gorilla gorilla gorilla T cell receptor beta joining 2-2P	1	7		BK064850	-
Gorilla gorilla gorilla	TRBJ2-3	F	Gorilla gorilla gorilla T cell receptor beta joining 2-3	1	7		BK064850	-
Gorilla gorilla gorilla	TRBJ2-4	F	Gorilla gorilla gorilla T cell receptor beta joining 2-4	1	7		BK064850	-
Gorilla gorilla gorilla	TRBJ2-5	F	Gorilla gorilla gorilla T cell receptor beta joining 2-5	1	7		BK064850	-
Gorilla gorilla gorilla	TRBJ2-6	F	Gorilla gorilla gorilla T cell receptor beta joining 2-6	1	7		BK064850	-
Gorilla gorilla gorilla	TRBJ2-7	F  ORF	Gorilla gorilla gorilla T cell receptor beta joining 2-7	2	7		BK064850	-
Gorilla gorilla gorilla	TRBV1	P	Gorilla gorilla gorilla T cell receptor beta variable 1	1	7		BK064850	-
Gorilla gorilla gorilla	TRBV10-1	F  P	Gorilla gorilla gorilla T cell receptor beta variable 10-1	2	7		BK064850	-
Gorilla gorilla gorilla	TRBV10-3	ORF	Gorilla gorilla gorilla T cell receptor beta variable 10-3	1	7		BK064850	-
Gorilla gorilla gorilla	TRBV11-2	F	Gorilla gorilla gorilla T cell receptor beta variable 11-2	2	7		BK064850	-
Gorilla gorilla gorilla	TRBV11-3	F	Gorilla gorilla gorilla T cell receptor beta variable 11-3	3	7		BK064850	-
Gorilla gorilla gorilla	TRBV12-2	F	Gorilla gorilla gorilla T cell receptor beta variable 12-2	2	7		BK064850	-
Gorilla gorilla gorilla	TRBV12-3	F	Gorilla gorilla gorilla T cell receptor beta variable 12-3	2	7		BK064850	-
Gorilla gorilla gorilla	TRBV12-4	F	Gorilla gorilla gorilla T cell receptor beta variable 12-4	2	7		BK064850	-
Gorilla gorilla gorilla	TRBV12-5	F	Gorilla gorilla gorilla T cell receptor beta variable 12-5	2	7		BK064850	-
Gorilla gorilla gorilla	TRBV13	F	Gorilla gorilla gorilla T cell receptor beta variable 13	2	7		BK064850	-
Gorilla gorilla gorilla	TRBV14	F	Gorilla gorilla gorilla T cell receptor beta variable 14	1	7		BK064850	-
Gorilla gorilla gorilla	TRBV15	F	Gorilla gorilla gorilla T cell receptor beta variable 15	1	7		BK064850	-
Gorilla gorilla gorilla	TRBV16	F	Gorilla gorilla gorilla T cell receptor beta variable 16	2	7		BK064850	-
Gorilla gorilla gorilla	TRBV17	P	Gorilla gorilla gorilla T cell receptor beta variable 17	2	7		BK064850	-
Gorilla gorilla gorilla	TRBV18	F	Gorilla gorilla gorilla T cell receptor beta variable 18	2	7		BK064850	-
Gorilla gorilla gorilla	TRBV19	F	Gorilla gorilla gorilla T cell receptor beta variable 19	1	7		BK064850	-
Gorilla gorilla gorilla	TRBV2	F	Gorilla gorilla gorilla T cell receptor beta variable 2	1	7		BK064850	-
Gorilla gorilla gorilla	TRBV20-1	F	Gorilla gorilla gorilla T cell receptor beta variable 20-1	1	7		BK064850	-
Gorilla gorilla gorilla	TRBV21-1	F	Gorilla gorilla gorilla T cell receptor beta variable 21-1	1	7		BK064850	-
Gorilla gorilla gorilla	TRBV22-1	ORF	Gorilla gorilla gorilla T cell receptor beta variable 22-1	1	7		BK064850	-
Gorilla gorilla gorilla	TRBV23-1	F	Gorilla gorilla gorilla T cell receptor beta variable 23-1	2	7		BK064850	-
Gorilla gorilla gorilla	TRBV24-1	F	Gorilla gorilla gorilla T cell receptor beta variable 24-1	1	7		BK064850	-
Gorilla gorilla gorilla	TRBV25-1	F	Gorilla gorilla gorilla T cell receptor beta variable 25-1	1	7		BK064850	-
Gorilla gorilla gorilla	TRBV26	P	Gorilla gorilla gorilla T cell receptor beta variable 26	2	7		BK064850	-
Gorilla gorilla gorilla	TRBV27	F	Gorilla gorilla gorilla T cell receptor beta variable 27	2	7		BK064850	-
Gorilla gorilla gorilla	TRBV28	F	Gorilla gorilla gorilla T cell receptor beta variable 28	2	7		BK064850	-
Gorilla gorilla gorilla	TRBV28-1	P	Gorilla gorilla gorilla T cell receptor beta variable 28-1	1	7		BK064851	-
Gorilla gorilla gorilla	TRBV29-1	F  P	Gorilla gorilla gorilla T cell receptor beta variable 29-1	2	7		BK064850	-
Gorilla gorilla gorilla	TRBV29-1-1	F	Gorilla gorilla gorilla T cell receptor beta variable 29-1-1	1	7		BK064851	-
Gorilla gorilla gorilla	TRBV3-1	F	Gorilla gorilla gorilla T cell receptor beta variable 3-1	1	7		BK064850	-
Gorilla gorilla gorilla	TRBV3-1-1	P	Gorilla gorilla gorilla T cell receptor beta variable 3-1-1	1	7		BK064851	-
Gorilla gorilla gorilla	TRBV3-2	F	Gorilla gorilla gorilla T cell receptor beta variable 3-2	1	7		BK064850	-
Gorilla gorilla gorilla	TRBV30	F	Gorilla gorilla gorilla T cell receptor beta variable 30	1	7		BK064850	-
Gorilla gorilla gorilla	TRBV4-1	P	Gorilla gorilla gorilla T cell receptor beta variable 4-1	1	7		BK064850	-
Gorilla gorilla gorilla	TRBV4-2	F	Gorilla gorilla gorilla T cell receptor beta variable 4-2	1	7		BK064850	-
Gorilla gorilla gorilla	TRBV4-2-1	P	Gorilla gorilla gorilla T cell receptor beta variable 4-2-1	1	7		BK064851	-
Gorilla gorilla gorilla	TRBV4-3	F	Gorilla gorilla gorilla T cell receptor beta variable 4-3	1	7		BK064850	-
Gorilla gorilla gorilla	TRBV5-1	F	Gorilla gorilla gorilla T cell receptor beta variable 5-1	1	7		BK064850	-
Gorilla gorilla gorilla	TRBV5-2	P	Gorilla gorilla gorilla T cell receptor beta variable 5-2	2	7		BK064850	-
Gorilla gorilla gorilla	TRBV5-3	ORF	Gorilla gorilla gorilla T cell receptor beta variable 5-3	1	7		BK064850	-
Gorilla gorilla gorilla	TRBV5-4	F	Gorilla gorilla gorilla T cell receptor beta variable 5-4	2	7		BK064850	-
Gorilla gorilla gorilla	TRBV5-5	F	Gorilla gorilla gorilla T cell receptor beta variable 5-5	2	7		BK064850	-
Gorilla gorilla gorilla	TRBV5-6	F	Gorilla gorilla gorilla T cell receptor beta variable 5-6	1	7		BK064850	-
Gorilla gorilla gorilla	TRBV5-7	F	Gorilla gorilla gorilla T cell receptor beta variable 5-7	3	7		BK064850	-
Gorilla gorilla gorilla	TRBV6-1	F	Gorilla gorilla gorilla T cell receptor beta variable 6-1	1	7		BK064850	-
Gorilla gorilla gorilla	TRBV6-1-1	F	Gorilla gorilla gorilla T cell receptor beta variable 6-1-1	1	7		BK064851	-
Gorilla gorilla gorilla	TRBV6-2	F  P	Gorilla gorilla gorilla T cell receptor beta variable 6-2	3	7		BK064850	-
Gorilla gorilla gorilla	TRBV6-3	F	Gorilla gorilla gorilla T cell receptor beta variable 6-3	1	7		BK064850	-
Gorilla gorilla gorilla	TRBV6-4	F	Gorilla gorilla gorilla T cell receptor beta variable 6-4	2	7		BK064850	-
Gorilla gorilla gorilla	TRBV6-5	F	Gorilla gorilla gorilla T cell receptor beta variable 6-5	2	7		BK064850	-
Gorilla gorilla gorilla	TRBV6-6	F	Gorilla gorilla gorilla T cell receptor beta variable 6-6	2	7		BK064850	-
Gorilla gorilla gorilla	TRBV6-7	ORF	Gorilla gorilla gorilla T cell receptor beta variable 6-7	1	7		BK064850	-
Gorilla gorilla gorilla	TRBV6-8	F  ORF	Gorilla gorilla gorilla T cell receptor beta variable 6-8	2	7		BK064850	-
Gorilla gorilla gorilla	TRBV7-1	ORF	Gorilla gorilla gorilla T cell receptor beta variable 7-1	1	7		BK064850	-
Gorilla gorilla gorilla	TRBV7-2	F	Gorilla gorilla gorilla T cell receptor beta variable 7-2	1	7		BK064850	-
Gorilla gorilla gorilla	TRBV7-3	F	Gorilla gorilla gorilla T cell receptor beta variable 7-3	1	7		BK064850	-
Gorilla gorilla gorilla	TRBV7-4	F	Gorilla gorilla gorilla T cell receptor beta variable 7-4	1	7		BK064850	-
Gorilla gorilla gorilla	TRBV7-5	P	Gorilla gorilla gorilla T cell receptor beta variable 7-5	2	7		BK064850	-
Gorilla gorilla gorilla	TRBV7-6	F  ORF  P	Gorilla gorilla gorilla T cell receptor beta variable 7-6	3	7		BK064850	-
Gorilla gorilla gorilla	TRBV7-7	F  P	Gorilla gorilla gorilla T cell receptor beta variable 7-7	3	7		BK064850	-
Gorilla gorilla gorilla	TRBV7-9	F	Gorilla gorilla gorilla T cell receptor beta variable 7-9	2	7		BK064850	-
Gorilla gorilla gorilla	TRBV8-1	P	Gorilla gorilla gorilla T cell receptor beta variable 8-1	1	7		BK064850	-
Gorilla gorilla gorilla	TRBV8-2	P	Gorilla gorilla gorilla T cell receptor beta variable 8-2	2	7		BK064850	-
Gorilla gorilla gorilla	TRBV9	F	Gorilla gorilla gorilla T cell receptor beta variable 9	1	7		BK064850	-
Gorilla gorilla gorilla	TRBVA	P	Gorilla gorilla gorilla T cell receptor beta variable A	1	7		BK064850	-
Gorilla gorilla gorilla	TRBVB	P	Gorilla gorilla gorilla T cell receptor beta variable B	1	7		BK064850	-
Gorilla gorilla gorilla	TRBVC	P	Gorilla gorilla gorilla T cell receptor beta variable C	1	7		BK064850	-
Gorilla gorilla gorilla	TRDC	F	Gorilla gorilla gorilla T cell receptor delta constant	1	14		BK064837	-
Gorilla gorilla gorilla	TRDD1	F	Gorilla gorilla gorilla T cell receptor delta diversity 1	1	14		BK064837	-
Gorilla gorilla gorilla	TRDD2	F	Gorilla gorilla gorilla T cell receptor delta diversity 2	1	14		BK064837	-
Gorilla gorilla gorilla	TRDD3	F	Gorilla gorilla gorilla T cell receptor delta diversity 3	1	14		BK064837	-
Gorilla gorilla gorilla	TRDJ1	F	Gorilla gorilla gorilla T cell receptor delta joining 1	1	14		BK064837	-
Gorilla gorilla gorilla	TRDJ2	F	Gorilla gorilla gorilla T cell receptor delta joining 2	1	14		BK064837	-
Gorilla gorilla gorilla	TRDJ3	F	Gorilla gorilla gorilla T cell receptor delta joining 3	1	14		BK064837	-
Gorilla gorilla gorilla	TRDJ4	F	Gorilla gorilla gorilla T cell receptor delta joining 4	1	14		BK064837	-
Gorilla gorilla gorilla	TRDV1	F	Gorilla gorilla gorilla T cell receptor delta variable 1	1	14		BK064837	-
Gorilla gorilla gorilla	TRDV2	F	Gorilla gorilla gorilla T cell receptor delta variable 2	3	14		BK064837	-
Gorilla gorilla gorilla	TRDV3	F	Gorilla gorilla gorilla T cell receptor delta variable 3	1	14		BK064837	-
Gorilla gorilla gorilla	TRGC1	F  P	Gorilla gorilla gorilla T cell receptor gamma constant 1	3	7		BK064854	-
Gorilla gorilla gorilla	TRGC2	F  P	Gorilla gorilla gorilla T cell receptor gamma constant 2	3	7		BK064854	-
Gorilla gorilla gorilla	TRGJ1	F	Gorilla gorilla gorilla T cell receptor gamma joining 1	1	7		BK064854	-
Gorilla gorilla gorilla	TRGJ2	F	Gorilla gorilla gorilla T cell receptor gamma joining 2	1	7		BK064854	-
Gorilla gorilla gorilla	TRGJP	ORF	Gorilla gorilla gorilla T cell receptor gamma joining P	1	7		BK064854	-
Gorilla gorilla gorilla	TRGJP1	ORF	Gorilla gorilla gorilla T cell receptor gamma joining P1	1	7		BK064854	-
Gorilla gorilla gorilla	TRGJP2	ORF	Gorilla gorilla gorilla T cell receptor gamma joining P2	2	7		BK064854	-
Gorilla gorilla gorilla	TRGV1	ORF	Gorilla gorilla gorilla T cell receptor gamma variable 1	1	7		BK064854	-
Gorilla gorilla gorilla	TRGV10	ORF	Gorilla gorilla gorilla T cell receptor gamma variable 10	1	7		BK064854	-
Gorilla gorilla gorilla	TRGV2	F	Gorilla gorilla gorilla T cell receptor gamma variable 2	1	7		BK064854	-
Gorilla gorilla gorilla	TRGV3	F	Gorilla gorilla gorilla T cell receptor gamma variable 3	2	7		BK064854	-
Gorilla gorilla gorilla	TRGV4	F	Gorilla gorilla gorilla T cell receptor gamma variable 4	2	7		BK064854	-
Gorilla gorilla gorilla	TRGV4P	P	Gorilla gorilla gorilla T cell receptor gamma variable 4P	1	7		BK064855	-
Gorilla gorilla gorilla	TRGV5	F  P	Gorilla gorilla gorilla T cell receptor gamma variable 5	3	7		BK064854	-
Gorilla gorilla gorilla	TRGV6	P	Gorilla gorilla gorilla T cell receptor gamma variable 6	2	7		BK064854	-
Gorilla gorilla gorilla	TRGV7	P	Gorilla gorilla gorilla T cell receptor gamma variable 7	1	7		BK064854	-
Gorilla gorilla gorilla	TRGV8	F	Gorilla gorilla gorilla T cell receptor gamma variable 8	4	7		BK064854	-
Gorilla gorilla gorilla	TRGV9	ORF	Gorilla gorilla gorilla T cell receptor gamma variable 9	3	7		BK064854	-
Gorilla gorilla gorilla	TRGVA	P	Gorilla gorilla gorilla T cell receptor gamma variable A	3	7		BK064854	-
Gorilla gorilla gorilla	TRGVB	P	Gorilla gorilla gorilla T cell receptor gamma variable B	2	7		BK064854	-
Gorilla gorilla gorilla	TRGVC	P	Gorilla gorilla gorilla T cell receptor gamma variable C	1	7		BK064854	-
Gorilla gorilla gorilla	TRGVD	P	Gorilla gorilla gorilla T cell receptor gamma variable D	1	7		BK064854	-
Heterocephalus glaber	TRAC	F	Heterocephalus glaber T cell receptor alpha constant	1	2		BK064754	-
Heterocephalus glaber	TRAJ10	F	Heterocephalus glaber T cell receptor alpha joining 10	1	2		BK064754	-
Heterocephalus glaber	TRAJ11	F	Heterocephalus glaber T cell receptor alpha joining 11	1	2		BK064754	-
Heterocephalus glaber	TRAJ12	ORF	Heterocephalus glaber T cell receptor alpha joining 12	1	2		BK064754	-
Heterocephalus glaber	TRAJ13	F	Heterocephalus glaber T cell receptor alpha joining 13	1	2		BK064754	-
Heterocephalus glaber	TRAJ14	F	Heterocephalus glaber T cell receptor alpha joining 14	1	2		BK064754	-
Heterocephalus glaber	TRAJ15	F	Heterocephalus glaber T cell receptor alpha joining 15	1	2		BK064754	-
Heterocephalus glaber	TRAJ16	F	Heterocephalus glaber T cell receptor alpha joining 16	1	2		BK064754	-
Heterocephalus glaber	TRAJ17	F	Heterocephalus glaber T cell receptor alpha joining 17	1	2		BK064754	-
Heterocephalus glaber	TRAJ18	ORF	Heterocephalus glaber T cell receptor alpha joining 18	1	2		BK064754	-
Heterocephalus glaber	TRAJ19	P	Heterocephalus glaber T cell receptor alpha joining 19	1	2		BK064754	-
Heterocephalus glaber	TRAJ2	P	Heterocephalus glaber T cell receptor alpha joining 2	1	2		BK064754	-
Heterocephalus glaber	TRAJ20	F	Heterocephalus glaber T cell receptor alpha joining 20	1	2		BK064754	-
Heterocephalus glaber	TRAJ21	ORF	Heterocephalus glaber T cell receptor alpha joining 21	1	2		BK064754	-
Heterocephalus glaber	TRAJ22	F	Heterocephalus glaber T cell receptor alpha joining 22	1	2		BK064754	-
Heterocephalus glaber	TRAJ23	ORF	Heterocephalus glaber T cell receptor alpha joining 23	1	2		BK064754	-
Heterocephalus glaber	TRAJ24	F	Heterocephalus glaber T cell receptor alpha joining 24	1	2		BK064754	-
Heterocephalus glaber	TRAJ25	F	Heterocephalus glaber T cell receptor alpha joining 25	1	2		BK064754	-
Heterocephalus glaber	TRAJ26	F	Heterocephalus glaber T cell receptor alpha joining 26	1	2		BK064754	-
Heterocephalus glaber	TRAJ27	F	Heterocephalus glaber T cell receptor alpha joining 27	1	2		BK064754	-
Heterocephalus glaber	TRAJ28	F	Heterocephalus glaber T cell receptor alpha joining 28	1	2		BK064754	-
Heterocephalus glaber	TRAJ29	F	Heterocephalus glaber T cell receptor alpha joining 29	1	2		BK064754	-
Heterocephalus glaber	TRAJ3	ORF	Heterocephalus glaber T cell receptor alpha joining 3	1	2		BK064754	-
Heterocephalus glaber	TRAJ30	F	Heterocephalus glaber T cell receptor alpha joining 30	1	2		BK064754	-
Heterocephalus glaber	TRAJ31	F	Heterocephalus glaber T cell receptor alpha joining 31	1	2		BK064754	-
Heterocephalus glaber	TRAJ32	F	Heterocephalus glaber T cell receptor alpha joining 32	1	2		BK064754	-
Heterocephalus glaber	TRAJ33	F	Heterocephalus glaber T cell receptor alpha joining 33	1	2		BK064754	-
Heterocephalus glaber	TRAJ34	F	Heterocephalus glaber T cell receptor alpha joining 34	1	2		BK064754	-
Heterocephalus glaber	TRAJ35	ORF	Heterocephalus glaber T cell receptor alpha joining 35	1	2		BK064754	-
Heterocephalus glaber	TRAJ36	F	Heterocephalus glaber T cell receptor alpha joining 36	1	2		BK064754	-
Heterocephalus glaber	TRAJ37	ORF	Heterocephalus glaber T cell receptor alpha joining 37	1	2		BK064754	-
Heterocephalus glaber	TRAJ38	ORF	Heterocephalus glaber T cell receptor alpha joining 38	1	2		BK064754	-
Heterocephalus glaber	TRAJ39	F	Heterocephalus glaber T cell receptor alpha joining 39	1	2		BK064754	-
Heterocephalus glaber	TRAJ4	F	Heterocephalus glaber T cell receptor alpha joining 4	1	2		BK064754	-
Heterocephalus glaber	TRAJ40	F	Heterocephalus glaber T cell receptor alpha joining 40	1	2		BK064754	-
Heterocephalus glaber	TRAJ41	F	Heterocephalus glaber T cell receptor alpha joining 41	1	2		BK064754	-
Heterocephalus glaber	TRAJ42	ORF	Heterocephalus glaber T cell receptor alpha joining 42	1	2		BK064754	-
Heterocephalus glaber	TRAJ43	F	Heterocephalus glaber T cell receptor alpha joining 43	1	2		BK064754	-
Heterocephalus glaber	TRAJ44	F	Heterocephalus glaber T cell receptor alpha joining 44	1	2		BK064754	-
Heterocephalus glaber	TRAJ45	F	Heterocephalus glaber T cell receptor alpha joining 45	1	2		BK064754	-
Heterocephalus glaber	TRAJ46	P	Heterocephalus glaber T cell receptor alpha joining 46	1	2		BK064754	-
Heterocephalus glaber	TRAJ47	F	Heterocephalus glaber T cell receptor alpha joining 47	1	2		BK064754	-
Heterocephalus glaber	TRAJ48	F	Heterocephalus glaber T cell receptor alpha joining 48	1	2		BK064754	-
Heterocephalus glaber	TRAJ49	F	Heterocephalus glaber T cell receptor alpha joining 49	1	2		BK064754	-
Heterocephalus glaber	TRAJ5	F	Heterocephalus glaber T cell receptor alpha joining 5	1	2		BK064754	-
Heterocephalus glaber	TRAJ50	F	Heterocephalus glaber T cell receptor alpha joining 50	1	2		BK064754	-
Heterocephalus glaber	TRAJ51	ORF	Heterocephalus glaber T cell receptor alpha joining 51	1	2		BK064754	-
Heterocephalus glaber	TRAJ52	F	Heterocephalus glaber T cell receptor alpha joining 52	1	2		BK064754	-
Heterocephalus glaber	TRAJ53	F	Heterocephalus glaber T cell receptor alpha joining 53	1	2		BK064754	-
Heterocephalus glaber	TRAJ54	F	Heterocephalus glaber T cell receptor alpha joining 54	1	2		BK064754	-
Heterocephalus glaber	TRAJ56	F	Heterocephalus glaber T cell receptor alpha joining 56	1	2		BK064754	-
Heterocephalus glaber	TRAJ57	F	Heterocephalus glaber T cell receptor alpha joining 57	1	2		BK064754	-
Heterocephalus glaber	TRAJ58	F	Heterocephalus glaber T cell receptor alpha joining 58	1	2		BK064754	-
Heterocephalus glaber	TRAJ59	P	Heterocephalus glaber T cell receptor alpha joining 59	1	2		BK064754	-
Heterocephalus glaber	TRAJ6	ORF	Heterocephalus glaber T cell receptor alpha joining 6	1	2		BK064754	-
Heterocephalus glaber	TRAJ60	P	Heterocephalus glaber T cell receptor alpha joining 60	1	2		BK064754	-
Heterocephalus glaber	TRAJ61	ORF	Heterocephalus glaber T cell receptor alpha joining 61	1	2		BK064754	-
Heterocephalus glaber	TRAJ7	F	Heterocephalus glaber T cell receptor alpha joining 7	1	2		BK064754	-
Heterocephalus glaber	TRAJ8	F	Heterocephalus glaber T cell receptor alpha joining 8	1	2		BK064754	-
Heterocephalus glaber	TRAJ9	F	Heterocephalus glaber T cell receptor alpha joining 9	1	2		BK064754	-
Heterocephalus glaber	TRAV1	F	Heterocephalus glaber T cell receptor alpha variable 1	1	2		BK064754	-
Heterocephalus glaber	TRAV10	P	Heterocephalus glaber T cell receptor alpha variable 10	1	2		BK064754	-
Heterocephalus glaber	TRAV11-1	F	Heterocephalus glaber T cell receptor alpha variable 11-1	1	2		BK064754	-
Heterocephalus glaber	TRAV11-2	P	Heterocephalus glaber T cell receptor alpha variable 11-2	1	2		BK064754	-
Heterocephalus glaber	TRAV12-1	P	Heterocephalus glaber T cell receptor alpha variable 12-1	1	2		IMGT000071	-
Heterocephalus glaber	TRAV12-2	F	Heterocephalus glaber T cell receptor alpha variable 12-2	2	2		IMGT000071	-
Heterocephalus glaber	TRAV12-3	F	Heterocephalus glaber T cell receptor alpha variable 12-3	1	2		BK064754	-
Heterocephalus glaber	TRAV12-4	F	Heterocephalus glaber T cell receptor alpha variable 12-4	1	2		BK064754	-
Heterocephalus glaber	TRAV12-5	F	Heterocephalus glaber T cell receptor alpha variable 12-5	1	2		IMGT000071	-
Heterocephalus glaber	TRAV12-6	F	Heterocephalus glaber T cell receptor alpha variable 12-6	1	2		BK064754	-
Heterocephalus glaber	TRAV12-7	F	Heterocephalus glaber T cell receptor alpha variable 12-7	1	2		BK064754	-
Heterocephalus glaber	TRAV12-8	ORF  P	Heterocephalus glaber T cell receptor alpha variable 12-8	2	2		IMGT000071	-
Heterocephalus glaber	TRAV12-9	F  P	Heterocephalus glaber T cell receptor alpha variable 12-9	2	2		IMGT000071	-
Heterocephalus glaber	TRAV13-1	P	Heterocephalus glaber T cell receptor alpha variable 13-1	2	2		IMGT000071	-
Heterocephalus glaber	TRAV13-2	F	Heterocephalus glaber T cell receptor alpha variable 13-2	1	2		BK064754	-
Heterocephalus glaber	TRAV13-3	P	Heterocephalus glaber T cell receptor alpha variable 13-3	1	2		BK064754	-
Heterocephalus glaber	TRAV14-1	P	Heterocephalus glaber T cell receptor alpha variable 14-1	1	2		BK064754	-
Heterocephalus glaber	TRAV14-2	F	Heterocephalus glaber T cell receptor alpha variable 14-2	1	2		BK064754	-
Heterocephalus glaber	TRAV14-3	P	Heterocephalus glaber T cell receptor alpha variable 14-3	2	2		IMGT000071	-
Heterocephalus glaber	TRAV14-4	P	Heterocephalus glaber T cell receptor alpha variable 14-4	1	2		BK064754	-
Heterocephalus glaber	TRAV17-1	ORF	Heterocephalus glaber T cell receptor alpha variable 17-1	1	2		BK064754	-
Heterocephalus glaber	TRAV17-2	F	Heterocephalus glaber T cell receptor alpha variable 17-2	1	2		BK064754	-
Heterocephalus glaber	TRAV18-1	ORF	Heterocephalus glaber T cell receptor alpha variable 18-1	1	2		BK064754	-
Heterocephalus glaber	TRAV18-2	P	Heterocephalus glaber T cell receptor alpha variable 18-2	1	2		BK064754	-
Heterocephalus glaber	TRAV19-1	F	Heterocephalus glaber T cell receptor alpha variable 19-1	1	2		BK064754	-
Heterocephalus glaber	TRAV19-2	P	Heterocephalus glaber T cell receptor alpha variable 19-2	1	2		BK064754	-
Heterocephalus glaber	TRAV19-3	P	Heterocephalus glaber T cell receptor alpha variable 19-3	1	2		BK064754	-
Heterocephalus glaber	TRAV21	P	Heterocephalus glaber T cell receptor alpha variable 21	1	2		BK064754	-
Heterocephalus glaber	TRAV22-1	F	Heterocephalus glaber T cell receptor alpha variable 22-1	1	2		BK064754	-
Heterocephalus glaber	TRAV22-2	F	Heterocephalus glaber T cell receptor alpha variable 22-2	1	2		BK064754	-
Heterocephalus glaber	TRAV22-3	P	Heterocephalus glaber T cell receptor alpha variable 22-3	2	2		IMGT000071	-
Heterocephalus glaber	TRAV22-4	F	Heterocephalus glaber T cell receptor alpha variable 22-4	1	2		BK064754	-
Heterocephalus glaber	TRAV22-5	P	Heterocephalus glaber T cell receptor alpha variable 22-5	1	2		IMGT000071	-
Heterocephalus glaber	TRAV22-6	P	Heterocephalus glaber T cell receptor alpha variable 22-6	1	2		BK064754	-
Heterocephalus glaber	TRAV23-1	P	Heterocephalus glaber T cell receptor alpha variable 23-1	1	2		BK064754	-
Heterocephalus glaber	TRAV23-2	F	Heterocephalus glaber T cell receptor alpha variable 23-2	2	2		IMGT000071	-
Heterocephalus glaber	TRAV23-3	F	Heterocephalus glaber T cell receptor alpha variable 23-3	1	2		BK064754	-
Heterocephalus glaber	TRAV23-4	F	Heterocephalus glaber T cell receptor alpha variable 23-4	1	2		BK064754	-
Heterocephalus glaber	TRAV23-5	P	Heterocephalus glaber T cell receptor alpha variable 23-5	1	2		IMGT000071	-
Heterocephalus glaber	TRAV23-6	P	Heterocephalus glaber T cell receptor alpha variable 23-6	1	2		BK064754	-
Heterocephalus glaber	TRAV25-1	ORF  P	Heterocephalus glaber T cell receptor alpha variable 25-1	2	2		IMGT000071	-
Heterocephalus glaber	TRAV25-2	P	Heterocephalus glaber T cell receptor alpha variable 25-2	1	2		IMGT000071	-
Heterocephalus glaber	TRAV25-3	F	Heterocephalus glaber T cell receptor alpha variable 25-3	1	2		BK064754	-
Heterocephalus glaber	TRAV27	P	Heterocephalus glaber T cell receptor alpha variable 27	1	2		BK064754	-
Heterocephalus glaber	TRAV28	ORF	Heterocephalus glaber T cell receptor alpha variable 28	1	2		BK064754	-
Heterocephalus glaber	TRAV29-1	F	Heterocephalus glaber T cell receptor alpha variable 29-1	1	2		BK064754	-
Heterocephalus glaber	TRAV29-2	P	Heterocephalus glaber T cell receptor alpha variable 29-2	1	2		BK064754	-
Heterocephalus glaber	TRAV30	P	Heterocephalus glaber T cell receptor alpha variable 30	1	2		BK064754	-
Heterocephalus glaber	TRAV30S1	P	Heterocephalus glaber T cell receptor alpha variable 30S1	1	2		-	-
Heterocephalus glaber	TRAV31	P	Heterocephalus glaber T cell receptor alpha variable 31	1	2		BK064754	-
Heterocephalus glaber	TRAV32	P	Heterocephalus glaber partial in 5'	1	2		BK064754	-
Heterocephalus glaber	TRAV33	ORF	Heterocephalus glaber T cell receptor alpha variable 33	1	2		BK064754	-
Heterocephalus glaber	TRAV34-1	F	Heterocephalus glaber T cell receptor alpha variable 34-1	1	2		BK064754	-
Heterocephalus glaber	TRAV34-2	F	Heterocephalus glaber T cell receptor alpha variable 34-2	2	2		BK064754	-
Heterocephalus glaber	TRAV34S1	P	Heterocephalus glaber T cell receptor alpha variable 34S1	1	2		IMGT000071	-
Heterocephalus glaber	TRAV35-1	F	Heterocephalus glaber T cell receptor alpha variable 35-1	1	2		BK064754	-
Heterocephalus glaber	TRAV35-2	F	Heterocephalus glaber T cell receptor alpha variable 35-2	2	2		BK064754	-
Heterocephalus glaber	TRAV35S3	P	Heterocephalus glaber T cell receptor alpha variable 35S3	1	2		IMGT000071	-
Heterocephalus glaber	TRAV36	P	Heterocephalus glaber T cell receptor alpha variable 36	2	2		BK064754	-
Heterocephalus glaber	TRAV36S1	-	Heterocephalus glaber T cell receptor alpha variable 36S1	0	-	-	-	-
Heterocephalus glaber	TRAV38-1	P	Heterocephalus glaber T cell receptor alpha variable 38-1	1	2		IMGT000071	-
Heterocephalus glaber	TRAV38-2	F	Heterocephalus glaber T cell receptor alpha variable 38-2	1	2		BK064754	-
Heterocephalus glaber	TRAV38-5	F	Heterocephalus glaber T cell receptor alpha variable 38-5	1	2		BK064754	-
Heterocephalus glaber	TRAV38S1	P	Heterocephalus glaber T cell receptor alpha variable 38S1	1	2		IMGT000071	-
Heterocephalus glaber	TRAV38S2	F	Heterocephalus glaber T cell receptor alpha variable 38S2	1	2		IMGT000071	-
Heterocephalus glaber	TRAV39	P	Heterocephalus glaber T cell receptor alpha variable 39	1	2		BK064754	-
Heterocephalus glaber	TRAV4	F	Heterocephalus glaber T cell receptor alpha variable 4	1	2		BK064754	-
Heterocephalus glaber	TRAV40	P	Heterocephalus glaber T cell receptor alpha variable 40	1	2		BK064754	-
Heterocephalus glaber	TRAV41	P	Heterocephalus glaber T cell receptor alpha variable 41	1	2		BK064754	-
Heterocephalus glaber	TRAV43	F	Heterocephalus glaber T cell receptor alpha variable 43	1	2		BK064754	-
Heterocephalus glaber	TRAV46	P	Heterocephalus glaber T cell receptor alpha variable 46	2	2		IMGT000071	-
Heterocephalus glaber	TRAV5-1	F	Heterocephalus glaber T cell receptor alpha variable 5-1	1	2		BK064754	-
Heterocephalus glaber	TRAV5-2	P	Heterocephalus glaber T cell receptor alpha variable 5-2	1	2		IMGT000071	-
Heterocephalus glaber	TRAV5-3	P	Heterocephalus glaber T cell receptor alpha variable 5-3	1	2		BK064754	-
Heterocephalus glaber	TRAV8-1	F	Heterocephalus glaber T cell receptor alpha variable 8-1	2	2		IMGT000071	-
Heterocephalus glaber	TRAV8-2	F	Heterocephalus glaber T cell receptor alpha variable 8-2	1	2		BK064754	-
Heterocephalus glaber	TRAV8-3	F	Heterocephalus glaber T cell receptor alpha variable 8-3	1	2		BK064754	-
Heterocephalus glaber	TRAV8-4	P	Heterocephalus glaber T cell receptor alpha variable 8-4	1	2		IMGT000071	-
Heterocephalus glaber	TRAV8-5	P	Heterocephalus glaber T cell receptor alpha variable 8-5	1	2		IMGT000071	-
Heterocephalus glaber	TRAV8-6	F	Heterocephalus glaber T cell receptor alpha variable 8-6	1	2		BK064754	-
Heterocephalus glaber	TRAV8-7	P	Heterocephalus glaber T cell receptor alpha variable 8-7	1	2		IMGT000071	-
Heterocephalus glaber	TRAV9-1	F	Heterocephalus glaber T cell receptor alpha variable 9-1	2	2		IMGT000071	-
Heterocephalus glaber	TRAV9-2	F	Heterocephalus glaber T cell receptor alpha variable 9-2	1	2		BK064754	-
Heterocephalus glaber	TRAV9-3	F	Heterocephalus glaber T cell receptor alpha variable 9-3	2	2		IMGT000071	-
Heterocephalus glaber	TRAV9-4	ORF	Heterocephalus glaber T cell receptor alpha variable 9-4	1	2		BK064754	-
Heterocephalus glaber	TRAV9-5	F	Heterocephalus glaber T cell receptor alpha variable 9-5	2	2		IMGT000071	-
Heterocephalus glaber	TRAV9-6	F	Heterocephalus glaber T cell receptor alpha variable 9-6	1	2		BK064754	-
Heterocephalus glaber	TRAV9-7	F	Heterocephalus glaber T cell receptor alpha variable 9-7	1	2		BK064754	-
Heterocephalus glaber	TRAV9-8	F	Heterocephalus glaber T cell receptor alpha variable 9-8	2	2		IMGT000071	-
Heterocephalus glaber	TRAVA	P	Heterocephalus glaber T cell receptor alpha variable A	2	2		IMGT000071	-
Heterocephalus glaber	TRAVB	P	Heterocephalus glaber T cell receptor alpha variable B	1	2		BK064754	-
Heterocephalus glaber	TRAVC	P	Heterocephalus glaber T cell receptor alpha variable C	2	2		IMGT000071	-
Heterocephalus glaber	TRAVD	P	Heterocephalus glaber T cell receptor alpha variable D	2	2		IMGT000071	-
Heterocephalus glaber	TRAVE	P	Heterocephalus glaber T cell receptor alpha variable E	1	2		BK064754	-
Heterocephalus glaber	TRAVF	P	Heterocephalus glaber T cell receptor alpha variable F	1	2		BK064754	-
Heterocephalus glaber	TRBC1	F	Heterocephalus glaber T cell receptor beta constant 1	2	22		BK064758	-
Heterocephalus glaber	TRBC2	F	Heterocephalus glaber T cell receptor beta constant 2	2	22		BK064758	-
Heterocephalus glaber	TRBD1	F	Heterocephalus glaber T cell receptor beta diversity 1	1	22		BK064759	-
Heterocephalus glaber	TRBD2	F	Heterocephalus glaber T cell receptor beta diversity 2	2	22		IMGT000070	-
Heterocephalus glaber	TRBJ1-1	ORF	Heterocephalus glaber T cell receptor beta joining 1-1	1	22		BK064759	-
Heterocephalus glaber	TRBJ1-2	ORF	Heterocephalus glaber T cell receptor beta joining 1-2	1	22		BK064759	-
Heterocephalus glaber	TRBJ1-3	F	Heterocephalus glaber T cell receptor beta joining 1-3	1	22		BK064759	-
Heterocephalus glaber	TRBJ1-4	ORF	Heterocephalus glaber T cell receptor beta joining 1-4	1	22		BK064759	-
Heterocephalus glaber	TRBJ1-5	ORF	Heterocephalus glaber T cell receptor beta joining 1-5	1	22		BK064759	-
Heterocephalus glaber	TRBJ1-6	F	Heterocephalus glaber T cell receptor beta joining 1-6	2	22		BK064758	-
Heterocephalus glaber	TRBJ2-1	ORF	Heterocephalus glaber T cell receptor beta joining 2-1	1	22		BK064759	-
Heterocephalus glaber	TRBJ2-2	F	Heterocephalus glaber T cell receptor beta joining 2-2	1	22		BK064759	-
Heterocephalus glaber	TRBJ2-3	ORF	Heterocephalus glaber T cell receptor beta joining 2-3	1	22		BK064759	-
Heterocephalus glaber	TRBJ2-4	F	Heterocephalus glaber T cell receptor beta joining 2-4	1	22		BK064759	-
Heterocephalus glaber	TRBJ2-5	F	Heterocephalus glaber T cell receptor beta joining 2-5	1	22		BK064759	-
Heterocephalus glaber	TRBJ2-6	F	Heterocephalus glaber T cell receptor beta joining 2-6	1	22		BK064759	-
Heterocephalus glaber	TRBJ2-7	ORF	Heterocephalus glaber T cell receptor beta joining 2-7	1	22		BK064759	-
Heterocephalus glaber	TRBV10	ORF	Heterocephalus glaber T cell receptor beta variable 10	1	22		BK064759	-
Heterocephalus glaber	TRBV12-1	F	Heterocephalus glaber T cell receptor beta variable 12-1	1	22		BK064759	-
Heterocephalus glaber	TRBV12-2	ORF	Heterocephalus glaber T cell receptor beta variable 12-2	1	22		BK064759	-
Heterocephalus glaber	TRBV13	P	Heterocephalus glaber T cell receptor beta variable 13	1	22		BK064759	-
Heterocephalus glaber	TRBV15	P	Heterocephalus glaber T cell receptor beta variable 15	2	22		BK064758	-
Heterocephalus glaber	TRBV16	P	Heterocephalus glaber T cell receptor beta variable 16	1	22		BK064759	-
Heterocephalus glaber	TRBV18-1	F	Heterocephalus glaber T cell receptor beta variable 18-1	1	22		BK064759	-
Heterocephalus glaber	TRBV18-2	P	Heterocephalus glaber T cell receptor beta variable 18-2	1	22		IMGT000070	-
Heterocephalus glaber	TRBV19-1	ORF	Heterocephalus glaber T cell receptor beta variable 19-1	2	22		IMGT000070	-
Heterocephalus glaber	TRBV19-2	P	Heterocephalus glaber T cell receptor beta variable 19-2	1	22		IMGT000070	-
Heterocephalus glaber	TRBV1S1	P	Heterocephalus glaber T cell receptor beta variable 1S1	2	22		IMGT000090	-
Heterocephalus glaber	TRBV2	ORF	Heterocephalus glaber T cell receptor beta variable 2	2	22		BK064758	-
Heterocephalus glaber	TRBV20-1	ORF	Heterocephalus glaber T cell receptor beta variable 20-1	3	22		IMGT000070	-
Heterocephalus glaber	TRBV20-2	ORF	Heterocephalus glaber T cell receptor beta variable 20-2	1	22		BK064759	-
Heterocephalus glaber	TRBV21	P	Heterocephalus glaber T cell receptor beta variable 21	1	22		BK064759	-
Heterocephalus glaber	TRBV22	P	Heterocephalus glaber T cell receptor beta variable 22	1	22		BK064759	-
Heterocephalus glaber	TRBV23-1	F	Heterocephalus glaber T cell receptor beta variable 23-1	1	22		BK064759	-
Heterocephalus glaber	TRBV23-2	F	Heterocephalus glaber T cell receptor beta variable 23-2	2	22		BK064759	-
Heterocephalus glaber	TRBV24-1	P	Heterocephalus glaber T cell receptor beta variable 24-1	1	22		IMGT000070	-
Heterocephalus glaber	TRBV24-2	P	Heterocephalus glaber T cell receptor beta variable 24-2	2	22		BK064759	-
Heterocephalus glaber	TRBV25	P	Heterocephalus glaber T cell receptor beta variable 25	1	22		BK064759	-
Heterocephalus glaber	TRBV26	F	Heterocephalus glaber T cell receptor beta variable 26	1	22		BK064759	-
Heterocephalus glaber	TRBV27	P	Heterocephalus glaber T cell receptor beta variable 27	2	22		BK064758	-
Heterocephalus glaber	TRBV28	P	Heterocephalus glaber T cell receptor beta variable 28	1	22		BK064759	-
Heterocephalus glaber	TRBV29	P	Heterocephalus glaber T cell receptor beta variable 29	1	22		BK064759	-
Heterocephalus glaber	TRBV30	F	Heterocephalus glaber T cell receptor beta variable 30	1	22		BK064759	-
Heterocephalus glaber	TRBV4	F	Heterocephalus glaber T cell receptor beta variable 4	1	22		BK064759	-
Heterocephalus glaber	TRBV5	P	Heterocephalus glaber T cell receptor beta variable 5	1	22		BK064759	-
Heterocephalus glaber	TRBV6	ORF	Heterocephalus glaber T cell receptor beta variable 6	1	22		BK064759	-
Heterocephalus glaber	TRBV7	F	Heterocephalus glaber T cell receptor beta variable 7	1	22		BK064759	-
Heterocephalus glaber	TRBV8	ORF	Heterocephalus glaber T cell receptor beta variable 8	1	22		BK064759	-
Heterocephalus glaber	TRBV9	F  P	Heterocephalus glaber T cell receptor beta variable 9	2	22		BK064758	-
Heterocephalus glaber	TRBVA	P	Heterocephalus glaber T cell receptor beta variable A	1	22		BK064759	-
Heterocephalus glaber	TRDC	F	Heterocephalus glaber T cell receptor delta constant	1	2		BK064754	-
Heterocephalus glaber	TRDD1	ORF	Heterocephalus glaber T cell receptor delta diversity 1	1	2		BK064754	-
Heterocephalus glaber	TRDD2	F	Heterocephalus glaber T cell receptor delta diversity 2	1	2		BK064754	-
Heterocephalus glaber	TRDD3	F	Heterocephalus glaber T cell receptor delta diversity 3	1	2		BK064754	-
Heterocephalus glaber	TRDJ1	F	Heterocephalus glaber T cell receptor delta joining 1	1	2		BK064754	-
Heterocephalus glaber	TRDJ2	ORF	Heterocephalus glaber T cell receptor delta joining 2	1	2		BK064754	-
Heterocephalus glaber	TRDJ3	P	Heterocephalus glaber T cell receptor delta joining 3	1	2		BK064754	-
Heterocephalus glaber	TRDJ4	ORF	Heterocephalus glaber T cell receptor delta joining 4	1	2		BK064754	-
Heterocephalus glaber	TRDV1-1	P	Heterocephalus glaber T cell receptor delta variable 1-1	1	2		BK064754	-
Heterocephalus glaber	TRDV1-2	ORF	Heterocephalus glaber T cell receptor delta variable 1-2	1	2		BK064754	-
Heterocephalus glaber	TRDV1-3	P	Heterocephalus glaber T cell receptor delta variable 1-3	1	2		IMGT000071	-
Heterocephalus glaber	TRDV1-4	F	Heterocephalus glaber T cell receptor delta variable 1-4	1	2		BK064754	-
Heterocephalus glaber	TRDV1-5	F	Heterocephalus glaber T cell receptor delta variable 1-5	1	2		BK064754	-
Heterocephalus glaber	TRDV1-6	F	Heterocephalus glaber T cell receptor delta variable 1-6	1	2		BK064754	-
Heterocephalus glaber	TRDV2	P	Heterocephalus glaber T cell receptor delta variable 2	2	2		IMGT000071	-
Heterocephalus glaber	TRDV3	ORF	Heterocephalus glaber T cell receptor delta variable 3	1	2		BK064754	-
Heterocephalus glaber	TRDV4	P	Heterocephalus glaber T cell receptor delta variable 4	1	2		BK064754	-
Heterocephalus glaber	TRDV5	F	Heterocephalus glaber T cell receptor delta variable 5	1	2		BK064754	-
Heterocephalus glaber	TRDVA	P	Heterocephalus glaber T cell receptor delta variable A	1	2		BK064754	-
Heterocephalus glaber	TRDVB	P	Heterocephalus glaber T cell receptor delta variable B	1	2		BK064754	-
Heterocephalus glaber	TRDVC	P	Heterocephalus glaber T cell receptor delta variable C	1	2		IMGT000071	-
Heterocephalus glaber	TRGC1	P	Heterocephalus glaber T cell receptor gamma constant 1	1	1		BK064756	-
Heterocephalus glaber	TRGC2	F	Heterocephalus glaber T cell receptor gamma constant 2	2	1		BK064755	-
Heterocephalus glaber	TRGC2S1	P	Heterocephalus glaber T cell receptor gamma constant 2S1	1	1		IMGT000072	-
Heterocephalus glaber	TRGC3	F	Heterocephalus glaber T cell receptor gamma constant 3	1	1		BK064756	-
Heterocephalus glaber	TRGC4	P	Heterocephalus glaber T cell receptor gamma constant 4	1	1		BK064756	-
Heterocephalus glaber	TRGC5	F	Heterocephalus glaber T cell receptor gamma constant 5	2	1		BK064756	-
Heterocephalus glaber	TRGJ1-1	ORF	Heterocephalus glaber T cell receptor gamma joining 1-1	1	1		BK064756	-
Heterocephalus glaber	TRGJ1-2	F	Heterocephalus glaber T cell receptor gamma joining 1-2	1	1		BK064756	-
Heterocephalus glaber	TRGJ2-1	P	Heterocephalus glaber T cell receptor gamma joining 2-1	1	1		BK064756	-
Heterocephalus glaber	TRGJ3-1	ORF	Heterocephalus glaber T cell receptor gamma joining 3-1	1	1		BK064756	-
Heterocephalus glaber	TRGJ3-2	P	Heterocephalus glaber T cell receptor gamma joining 3-2	2	1		BK064756	-
Heterocephalus glaber	TRGJ3-3	ORF	Heterocephalus glaber T cell receptor gamma joining 3-3	1	1		BK064756	-
Heterocephalus glaber	TRGJ4-1	ORF	Heterocephalus glaber T cell receptor gamma joining 4-1	2	1		BK064756	-
Heterocephalus glaber	TRGJ4-2	ORF	Heterocephalus glaber T cell receptor gamma joining 4-2	1	1		BK064756	-
Heterocephalus glaber	TRGJ5-1	P	Heterocephalus glaber T cell receptor gamma joining 5-1	1	1		BK064756	-
Heterocephalus glaber	TRGJ5-2	P	Heterocephalus glaber T cell receptor gamma joining 5-2	1	1		BK064756	-
Heterocephalus glaber	TRGJ5-3	F	Heterocephalus glaber T cell receptor gamma joining 5-3	1	1		BK064756	-
Heterocephalus glaber	TRGV1-1	F	Heterocephalus glaber T cell receptor gamma variable 1-1	1	1		BK064756	-
Heterocephalus glaber	TRGV1-2	P	Heterocephalus glaber T cell receptor gamma variable 1-2	1	1		BK064756	-
Heterocephalus glaber	TRGV1-3	P	Heterocephalus glaber T cell receptor gamma variable 1-3	2	1		BK064755	-
Heterocephalus glaber	TRGV1-4	P	Heterocephalus glaber T cell receptor gamma variable 1-4	2	1		IMGT000072	-
Heterocephalus glaber	TRGV1-5	P	Heterocephalus glaber T cell receptor gamma variable 1-5	1	1		BK064756	-
Heterocephalus glaber	TRGV2	P	Heterocephalus glaber T cell receptor gamma variable 2	1	1		BK064756	-
Heterocephalus glaber	TRGV3-1	ORF	Heterocephalus glaber T cell receptor gamma variable 3-1	1	1		BK064756	-
Heterocephalus glaber	TRGV3-2	ORF	Heterocephalus glaber T cell receptor gamma variable 3-2	1	1		BK064756	-
Heterocephalus glaber	TRGV4-1	P	Heterocephalus glaber T cell receptor gamma variable 4-1	1	1		BK064756	-
Heterocephalus glaber	TRGV4-2	ORF	Heterocephalus glaber T cell receptor gamma variable 4-2	1	1		BK064756	-
Heterocephalus glaber	TRGV4-3	P	Heterocephalus glaber T cell receptor gamma variable 4-3	1	1		BK064756	-
Heterocephalus glaber	TRGVA	P	Heterocephalus glaber T cell receptor gamma variable A	1	1		BK064756	-
Heterocephalus glaber	TRGVB	P	Heterocephalus glaber T cell receptor gamma variable B	1	1		BK064756	-
Heterocephalus glaber	TRGVC	P	Heterocephalus glaber T cell receptor gamma variable C	1	1		BK064756	-
Heterocephalus glaber	TRGVD	P	Heterocephalus glaber T cell receptor gamma variable D	2	1		BK064756	-
Homo sapiens	TRAC	F	Homo sapiens T cell receptor alpha constant	1	14	14q11.2	X02883	28755
Homo sapiens	TRAJ1	ORF	Homo sapiens T cell receptor alpha joining 1	1	14	14q11.2	X02884	28754
Homo sapiens	TRAJ10	F	Homo sapiens T cell receptor alpha joining 10	1	14	14q11.2	M94081	28745
Homo sapiens	TRAJ11	F	Homo sapiens T cell receptor alpha joining 11	1	14	14q11.2	M94081	28744
Homo sapiens	TRAJ12	F	Homo sapiens T cell receptor alpha joining 12	1	14	14q11.2	X02885	28743
Homo sapiens	TRAJ13	F	Homo sapiens T cell receptor alpha joining 13	2	14	14q11.2	M94081	28742
Homo sapiens	TRAJ14	F	Homo sapiens T cell receptor alpha joining 14	1	14	14q11.2	M94081	28741
Homo sapiens	TRAJ15	F	Homo sapiens T cell receptor alpha joining 15	2	14	14q11.2	X05775	28740
Homo sapiens	TRAJ16	F	Homo sapiens T cell receptor alpha joining 16	2	14	14q11.2	M94081	28739
Homo sapiens	TRAJ17	F	Homo sapiens T cell receptor alpha joining 17	1	14	14q11.2	X05773	28738
Homo sapiens	TRAJ18	F	Homo sapiens T cell receptor alpha joining 18	1	14	14q11.2	M94081	28737
Homo sapiens	TRAJ19	ORF	Homo sapiens T cell receptor alpha joining 19	1	14	14q11.2	M94081	28736
Homo sapiens	TRAJ2	ORF	Homo sapiens T cell receptor alpha joining 2	1	14	14q11.2	X02884	28753
Homo sapiens	TRAJ20	F	Homo sapiens T cell receptor alpha joining 20	1	14	14q11.2	M94081	28735
Homo sapiens	TRAJ21	F	Homo sapiens T cell receptor alpha joining 21	1	14	14q11.2	M94081	28734
Homo sapiens	TRAJ22	F	Homo sapiens T cell receptor alpha joining 22	1	14	14q11.2	X02886	28733
Homo sapiens	TRAJ23	F	Homo sapiens T cell receptor alpha joining 23	2	14	14q11.2	M94081	28732
Homo sapiens	TRAJ24	F	Homo sapiens T cell receptor alpha joining 24	3	14	14q11.2	X02887	28731
Homo sapiens	TRAJ25	ORF	Homo sapiens T cell receptor alpha joining 25	1	14	14q11.2	X02888	28730
Homo sapiens	TRAJ26	F	Homo sapiens T cell receptor alpha joining 26	1	14	14q11.2	M94081	28729
Homo sapiens	TRAJ27	F	Homo sapiens T cell receptor alpha joining 27	1	14	14q11.2	M94081	28728
Homo sapiens	TRAJ28	F	Homo sapiens T cell receptor alpha joining 28	1	14	14q11.2	M94081	28727
Homo sapiens	TRAJ29	F	Homo sapiens T cell receptor alpha joining 29	1	14	14q11.2	M94081	28726
Homo sapiens	TRAJ3	F	Homo sapiens T cell receptor alpha joining 3	1	14	14q11.2	X02884	28752
Homo sapiens	TRAJ30	F	Homo sapiens T cell receptor alpha joining 30	1	14	14q11.2	M94081	28725
Homo sapiens	TRAJ31	F	Homo sapiens T cell receptor alpha joining 31	1	14	14q11.2	M94081	28724
Homo sapiens	TRAJ32	F	Homo sapiens T cell receptor alpha joining 32	2	14	14q11.2	M94081	28723
Homo sapiens	TRAJ33	F	Homo sapiens T cell receptor alpha joining 33	1	14	14q11.2	M94081	28722
Homo sapiens	TRAJ34	F	Homo sapiens T cell receptor alpha joining 34	1	14	14q11.2	M35622	28721
Homo sapiens	TRAJ35	F	Homo sapiens T cell receptor alpha joining 35	1	14	14q11.2	M94081	28720
Homo sapiens	TRAJ36	F	Homo sapiens T cell receptor alpha joining 36	1	14	14q11.2	M94081	28719
Homo sapiens	TRAJ37	F	Homo sapiens T cell receptor alpha joining 37	2	14	14q11.2	M94081	28718
Homo sapiens	TRAJ38	F	Homo sapiens T cell receptor alpha joining 38	1	14	14q11.2	M94081	28717
Homo sapiens	TRAJ39	F	Homo sapiens T cell receptor alpha joining 39	1	14	14q11.2	M94081	28716
Homo sapiens	TRAJ4	F	Homo sapiens T cell receptor alpha joining 4	1	14	14q11.2	M94081	28751
Homo sapiens	TRAJ40	F	Homo sapiens T cell receptor alpha joining 40	1	14	14q11.2	M35620	28715
Homo sapiens	TRAJ41	F	Homo sapiens T cell receptor alpha joining 41	2	14	14q11.2	M94081	28714
Homo sapiens	TRAJ42	F	Homo sapiens T cell receptor alpha joining 42	1	14	14q11.2	M94081	28713
Homo sapiens	TRAJ43	F	Homo sapiens T cell receptor alpha joining 43	1	14	14q11.2	M94081	28712
Homo sapiens	TRAJ44	F	Homo sapiens T cell receptor alpha joining 44	1	14	14q11.2	M35619	28711
Homo sapiens	TRAJ45	F	Homo sapiens T cell receptor alpha joining 45	1	14	14q11.2	M94081	28710
Homo sapiens	TRAJ46	F	Homo sapiens T cell receptor alpha joining 46	1	14	14q11.2	M94081	28709
Homo sapiens	TRAJ47	F	Homo sapiens T cell receptor alpha joining 47	2	14	14q11.2	M94081	28708
Homo sapiens	TRAJ48	F	Homo sapiens T cell receptor alpha joining 48	1	14	14q11.2	M94081	28707
Homo sapiens	TRAJ49	F	Homo sapiens T cell receptor alpha joining 49	1	14	14q11.2	M94081	28706
Homo sapiens	TRAJ5	F	Homo sapiens T cell receptor alpha joining 5	1	14	14q11.2	M94081	28750
Homo sapiens	TRAJ50	F	Homo sapiens T cell receptor alpha joining 50	1	14	14q11.2	M94081	28705
Homo sapiens	TRAJ51	P	Homo sapiens T cell receptor alpha joining 51	1	14	14q11.2	M94081	28704
Homo sapiens	TRAJ52	F	Homo sapiens T cell receptor alpha joining 52	1	14	14q11.2	M94081	28703
Homo sapiens	TRAJ53	F	Homo sapiens T cell receptor alpha joining 53	1	14	14q11.2	M94081	28702
Homo sapiens	TRAJ54	F	Homo sapiens T cell receptor alpha joining 54	1	14	14q11.2	M94081	28701
Homo sapiens	TRAJ55	P	Homo sapiens T cell receptor alpha joining 55	1	14	14q11.2	M94081	28700
Homo sapiens	TRAJ56	F	Homo sapiens T cell receptor alpha joining 56	1	14	14q11.2	M94081	28699
Homo sapiens	TRAJ57	F	Homo sapiens T cell receptor alpha joining 57	2	14	14q11.2	M94081	28698
Homo sapiens	TRAJ58	ORF	Homo sapiens T cell receptor alpha joining 58	1	14	14q11.2	M94081	28697
Homo sapiens	TRAJ59	ORF	Homo sapiens T cell receptor alpha joining 59	1	14	14q11.2	M94081	28696
Homo sapiens	TRAJ6	F	Homo sapiens T cell receptor alpha joining 6	1	14	14q11.2	M16747	28749
Homo sapiens	TRAJ60	P	Homo sapiens T cell receptor alpha joining 60	1	14	14q11.2	M94081	28695
Homo sapiens	TRAJ61	ORF	Homo sapiens T cell receptor alpha joining 61	1	14	14q11.2	M94081	28694
Homo sapiens	TRAJ7	F	Homo sapiens T cell receptor alpha joining 7	1	14	14q11.2	M94081	28748
Homo sapiens	TRAJ8	F  P	Homo sapiens T cell receptor alpha joining 8	2	14	14q11.2	M94081	28747
Homo sapiens	TRAJ9	F	Homo sapiens T cell receptor alpha joining 9	1	14	14q11.2	M94081	28746
Homo sapiens	TRAV1-1	F	Homo sapiens T cell receptor alpha variable 1-1	2	14	14q11.2	AE000658	28693
Homo sapiens	TRAV1-2	F  [F]	Homo sapiens T cell receptor alpha variable 1-2	3	14	14q11.2	AE000658	28692
Homo sapiens	TRAV10	F	Homo sapiens T cell receptor alpha variable 10	2	14	14q11.2	AE000659	28676
Homo sapiens	TRAV11	P	Homo sapiens T cell receptor alpha variable 11	1	14	14q11.2	AE000659	28675
Homo sapiens	TRAV11-1	P	Homo sapiens T cell receptor alpha variable 11-1	2	14	14q11.2	AE000659	-
Homo sapiens	TRAV12-1	(F)  F	Homo sapiens T cell receptor alpha variable 12-1	3	14	14q11.2	AE000659	28674
Homo sapiens	TRAV12-2	F	Homo sapiens T cell receptor alpha variable 12-2	4	14	14q11.2	AE000659	28673
Homo sapiens	TRAV12-3	(F)  F	Homo sapiens T cell receptor alpha variable 12-3	3	14	14q11.2	AE000659	28672
Homo sapiens	TRAV13-1	F  [F]	Homo sapiens T cell receptor alpha variable 13-1	3	14	14q11.2	AE000659	28671
Homo sapiens	TRAV13-2	(F)  F	Homo sapiens T cell receptor alpha variable 13-2	2	14	14q11.2	AE000659	28670
Homo sapiens	TRAV14-1	P	Homo sapiens T cell receptor alpha variable 14-1	4	14	14q11.2	AE000659	-
Homo sapiens	TRAV14/DV4	F  [F]	Homo sapiens T cell receptor alpha variable 14/delta variable 4	5	14	14q11.2	M21626	28669
Homo sapiens	TRAV15	P	Homo sapiens T cell receptor alpha variable 15	3	14	14q11.2	AE000659	28668
Homo sapiens	TRAV16	F	Homo sapiens T cell receptor alpha variable 16	1	14	14q11.2	AE000659	28667
Homo sapiens	TRAV17	F	Homo sapiens T cell receptor alpha variable 17	1	14	14q11.2	AE000660	28666
Homo sapiens	TRAV18	F	Homo sapiens T cell receptor alpha variable 18	1	14	14q11.2	AE000660	28665
Homo sapiens	TRAV19	F  P	Homo sapiens T cell receptor alpha variable 19	2	14	14q11.2	AE000660	28664
Homo sapiens	TRAV2	(F)  F	Homo sapiens T cell receptor alpha variable 2	2	14	14q11.2	AE000658	28691
Homo sapiens	TRAV20	(F)  F	Homo sapiens T cell receptor alpha variable 20	4	14	14q11.2	AE000660	28663
Homo sapiens	TRAV21	F	Homo sapiens T cell receptor alpha variable 21	3	14	14q11.2	AE000660	28662
Homo sapiens	TRAV22	F	Homo sapiens T cell receptor alpha variable 22	1	14	14q11.2	AE000660	28661
Homo sapiens	TRAV23/DV6	(F)  F  [F]	Homo sapiens T cell receptor alpha variable 23/delta variable 6	5	14	14q11.2	AE000660	28660
Homo sapiens	TRAV24	(F)  F	Homo sapiens T cell receptor alpha variable 24	2	14	14q11.2	AE000660	28659
Homo sapiens	TRAV25	F  P	Homo sapiens T cell receptor alpha variable 25	4	14	14q11.2	AE000660	28658
Homo sapiens	TRAV26-1	(F)  F	Homo sapiens T cell receptor alpha variable 26-1	3	14	14q11.2	AE000660	28657
Homo sapiens	TRAV26-2	F  [F]	Homo sapiens T cell receptor alpha variable 26-2	2	14	14q11.2	AE000660	28656
Homo sapiens	TRAV27	(F)  F	Homo sapiens T cell receptor alpha variable 27	4	14	14q11.2	AE000660	28655
Homo sapiens	TRAV28	P	Homo sapiens T cell receptor alpha variable 28	2	14	14q11.2	AE000660	28654
Homo sapiens	TRAV29/DV5	F  P	Homo sapiens T cell receptor alpha variable 29/delta variable 5	4	14	14q11.2	AE000660	28653
Homo sapiens	TRAV3	(P)  F	Homo sapiens T cell receptor alpha variable 3	2	14	14q11.2	AE000658	28690
Homo sapiens	TRAV30	(F)  F  [F]	Homo sapiens T cell receptor alpha variable 30	8	14	14q11.2	AE000660	28652
Homo sapiens	TRAV31	P	Homo sapiens T cell receptor alpha variable 31	3	14	14q11.2	AE000660	28651
Homo sapiens	TRAV32	P	Homo sapiens T cell receptor alpha variable 32	2	14	14q11.2	AE000660	28650
Homo sapiens	TRAV33	P	Homo sapiens T cell receptor alpha variable 33	2	14	14q11.2	AE000660	28649
Homo sapiens	TRAV34	F	Homo sapiens T cell receptor alpha variable 34	1	14	14q11.2	AE000660	28648
Homo sapiens	TRAV35	F  P	Homo sapiens T cell receptor alpha variable 35	4	14	14q11.2	AE000660	28647
Homo sapiens	TRAV36/DV7	(F)  F	Homo sapiens T cell receptor alpha variable 36/delta variable 7	5	14	14q11.2	AE000660	28646
Homo sapiens	TRAV37	P	Homo sapiens T cell receptor alpha variable 37	2	14	14q11.2	AE000661	28645
Homo sapiens	TRAV38-1	(F)  F	Homo sapiens T cell receptor alpha variable 38-1	4	14	14q11.2	AE000661	28644
Homo sapiens	TRAV38-2/DV8	F	Homo sapiens T cell receptor alpha variable 38-2/delta variable 8	1	14	14q11.2	AE000661	28643
Homo sapiens	TRAV39	F	Homo sapiens T cell receptor alpha variable 39	1	14	14q11.2	AE000661	28642
Homo sapiens	TRAV4	F	Homo sapiens T cell receptor alpha variable 4	1	14	14q11.2	AE000658	28689
Homo sapiens	TRAV40	F	Homo sapiens T cell receptor alpha variable 40	1	14	14q11.2	X73521	28641
Homo sapiens	TRAV41	F	Homo sapiens T cell receptor alpha variable 41	1	14	14q11.2	AE000661	28640
Homo sapiens	TRAV46	P	Homo sapiens T cell receptor alpha variable 46	1	14	14q11.2	AE000661	-
Homo sapiens	TRAV5	F	Homo sapiens T cell receptor alpha variable 5	1	14	14q11.2	AE000659	28688
Homo sapiens	TRAV6	F  [F]	Homo sapiens T cell receptor alpha variable 6	7	14	14q11.2	AE000659	6956
Homo sapiens	TRAV7	F	Homo sapiens T cell receptor alpha variable 7	1	14	14q11.2	AE000659	28686
Homo sapiens	TRAV8-1	F  [F]	Homo sapiens T cell receptor alpha variable 8-1	3	14	14q11.2	AE000659	28685
Homo sapiens	TRAV8-2	(F)  F	Homo sapiens T cell receptor alpha variable 8-2	3	14	14q11.2	AE000659	28684
Homo sapiens	TRAV8-3	(F)  F	Homo sapiens T cell receptor alpha variable 8-3	3	14	14q11.2	AE000659	28683
Homo sapiens	TRAV8-4	(F)  F	Homo sapiens T cell receptor alpha variable 8-4	9	14	14q11.2	AE000659	28682
Homo sapiens	TRAV8-5	P	Homo sapiens T cell receptor alpha variable 8-5	2	14	14q11.2	AE000659	28681
Homo sapiens	TRAV8-6	F	Homo sapiens T cell receptor alpha variable 8-6	2	14	14q11.2	X02850	28680
Homo sapiens	TRAV8-6-1	P	Homo sapiens T cell receptor alpha variable 8-6-1	3	14	14q11.2	AE000660	-
Homo sapiens	TRAV8-7	P	Homo sapiens T cell receptor alpha variable 8-7	2	14	14q11.2	AE000660	28679
Homo sapiens	TRAV9-1	F	Homo sapiens T cell receptor alpha variable 9-1	2	14	14q11.2	AE000659	28678
Homo sapiens	TRAV9-2	(F)  F	Homo sapiens T cell receptor alpha variable 9-2	4	14	14q11.2	AE000659	28677
Homo sapiens	TRAVA	P	Homo sapiens T cell receptor alpha variable A	2	14	14q11.2	AE000659	-
Homo sapiens	TRAVB	P	Homo sapiens T cell receptor alpha variable B	2	14	14q11.2	AE000659	-
Homo sapiens	TRAVC	P	Homo sapiens T cell receptor alpha variable C	2	14	14q11.2	AE000660	-
Homo sapiens	TRBC1	F	Homo sapiens T cell receptor beta constant 1	3	7	7q34	M12887	28639
Homo sapiens	TRBC2	F	Homo sapiens T cell receptor beta constant 2	5	7	7q34	M12888	28638
Homo sapiens	TRBD1	F	Homo sapiens T cell receptor beta diversity 1	1	7	7q34	K02545	28637
Homo sapiens	TRBD2	F	Homo sapiens T cell receptor beta diversity 2	2	7	7q34	X02987	28636
Homo sapiens	TRBJ1-1	F	Homo sapiens T cell receptor beta joining 1-1	1	7	7q34	K02545	28635
Homo sapiens	TRBJ1-2	F	Homo sapiens T cell receptor beta joining 1-2	1	7	7q34	K02545	28634
Homo sapiens	TRBJ1-3	F	Homo sapiens T cell receptor beta joining 1-3	1	7	7q34	M14158	28633
Homo sapiens	TRBJ1-4	F	Homo sapiens T cell receptor beta joining 1-4	1	7	7q34	M14158	28632
Homo sapiens	TRBJ1-5	F	Homo sapiens T cell receptor beta joining 1-5	1	7	7q34	M14158	28631
Homo sapiens	TRBJ1-6	F	Homo sapiens T cell receptor beta joining 1-6	2	7	7q34	M14158	28630
Homo sapiens	TRBJ2-1	F	Homo sapiens T cell receptor beta joining 2-1	1	7	7q34	X02987	28629
Homo sapiens	TRBJ2-2	F	Homo sapiens T cell receptor beta joining 2-2	1	7	7q34	X02987	28628
Homo sapiens	TRBJ2-2P	ORF	Homo sapiens T cell receptor beta joining 2-2P	1	7	7q34	X02987	28627
Homo sapiens	TRBJ2-3	F	Homo sapiens T cell receptor beta joining 2-3	1	7	7q34	X02987	28626
Homo sapiens	TRBJ2-4	F	Homo sapiens T cell receptor beta joining 2-4	1	7	7q34	X02987	28625
Homo sapiens	TRBJ2-5	F	Homo sapiens T cell receptor beta joining 2-5	1	7	7q34	X02987	28624
Homo sapiens	TRBJ2-6	F	Homo sapiens T cell receptor beta joining 2-6	1	7	7q34	X02987	28623
Homo sapiens	TRBJ2-7	F  ORF	Homo sapiens T cell receptor beta joining 2-7	2	7	7q34	M14159	28622
Homo sapiens	TRBV1	P	Homo sapiens T cell receptor beta variable 1	1	7	7q34	L36092	28621
Homo sapiens	TRBV10-1	F  P	Homo sapiens T cell receptor beta variable 10-1	3	7	7q34	L36092	28585
Homo sapiens	TRBV10-2	F	Homo sapiens T cell receptor beta variable 10-2	2	7	7q34	L36092	28584
Homo sapiens	TRBV10-3	F  [F]	Homo sapiens T cell receptor beta variable 10-3	4	7	7q34	U03115	28583
Homo sapiens	TRBV11-1	F	Homo sapiens T cell receptor beta variable 11-1	2	7	7q34	M33233	28582
Homo sapiens	TRBV11-2	F  P  [F]	Homo sapiens T cell receptor beta variable 11-2	4	7	7q34	L36092	28581
Homo sapiens	TRBV11-3	(F)  F	Homo sapiens T cell receptor beta variable 11-3	4	7	7q34	U03115	28580
Homo sapiens	TRBV12-1	P	Homo sapiens T cell receptor beta variable 12-1	2	7	7q34	X07224	28579
Homo sapiens	TRBV12-2	F  P	Homo sapiens T cell receptor beta variable 12-2	2	7	7q34	X06936	28578
Homo sapiens	TRBV12-3	F	Homo sapiens T cell receptor beta variable 12-3	2	7	7q34	X07192	28577
Homo sapiens	TRBV12-4	(F)  F  P	Homo sapiens T cell receptor beta variable 12-4	4	7	7q34	K02546	28576
Homo sapiens	TRBV12-5	F	Homo sapiens T cell receptor beta variable 12-5	2	7	7q34	X07223	28575
Homo sapiens	TRBV13	(F)  F	Homo sapiens T cell receptor beta variable 13	3	7	7q34	U03115	28574
Homo sapiens	TRBV14	F	Homo sapiens T cell receptor beta variable 14	3	7	7q34	X06154	28573
Homo sapiens	TRBV15	(F)  F	Homo sapiens T cell receptor beta variable 15	4	7	7q34	U03115	28572
Homo sapiens	TRBV16	(F)  F  P	Homo sapiens T cell receptor beta variable 16	4	7	7q34	L26231	28571
Homo sapiens	TRBV17	ORF	Homo sapiens T cell receptor beta variable 17	3	7	7q34	U03115	28570
Homo sapiens	TRBV18	F	Homo sapiens T cell receptor beta variable 18	2	7	7q34	L36092	28569
Homo sapiens	TRBV19	F	Homo sapiens T cell receptor beta variable 19	4	7	7q34	L36092	28568
Homo sapiens	TRBV2	(F)  F	Homo sapiens T cell receptor beta variable 2	3	7	7q34	L36092	28620
Homo sapiens	TRBV20-1	(F)  F	Homo sapiens T cell receptor beta variable 20-1	7	7	7q34	M11955	28567
Homo sapiens	TRBV20/OR9-2	ORF  [ORF]	Homo sapiens T cell receptor beta variable 20/OR9-2	3	9	9p21	L05149	6962
Homo sapiens	TRBV21-1	P	Homo sapiens T cell receptor beta variable 21-1	4	7	7q34	L36092	28566
Homo sapiens	TRBV21/OR9-2	P	Homo sapiens T cell receptor beta variable 21/OR9-2	1	9	9p21	AF029308	6959
Homo sapiens	TRBV22-1	P	Homo sapiens T cell receptor beta variable 22-1	1	7	7q34	L36092	28565
Homo sapiens	TRBV22/OR9-2	P	Homo sapiens T cell receptor beta variable 22/OR9-2	1	9	9p21	AF029308	246283
Homo sapiens	TRBV23-1	ORF	Homo sapiens T cell receptor beta variable 23-1	1	7	7q34	L36092	28564
Homo sapiens	TRBV23/OR9-2	ORF  P	Homo sapiens T cell receptor beta variable 23/OR9-2	2	9	9p21	AF029308	28552
Homo sapiens	TRBV24-1	F	Homo sapiens T cell receptor beta variable 24-1	3	7	7q34	M11951	28563
Homo sapiens	TRBV24/OR9-2	ORF  P	Homo sapiens T cell receptor beta variable 24/OR9-2	3	9	9p21	L05153	6961
Homo sapiens	TRBV25-1	F	Homo sapiens T cell receptor beta variable 25-1	2	7	7q34	L36092	28562
Homo sapiens	TRBV25/OR9-2	P	Homo sapiens T cell receptor beta variable 25/OR9-2	2	9	9p21	L05152	6960
Homo sapiens	TRBV26	P	Homo sapiens T cell receptor beta variable 26	3	7	7q34	L36092	28561
Homo sapiens	TRBV26/OR9-2	P	Homo sapiens T cell receptor beta variable 26/OR9-2	2	9	9p21	AF029308	246285
Homo sapiens	TRBV27	F	Homo sapiens T cell receptor beta variable 27	2	7	7q34	L36092	28560
Homo sapiens	TRBV28	F	Homo sapiens T cell receptor beta variable 28	2	7	7q34	U08314	28559
Homo sapiens	TRBV29-1	(F)  F	Homo sapiens T cell receptor beta variable 29-1	3	7	7q34	L36092	28558
Homo sapiens	TRBV29/OR9-2	ORF	Homo sapiens T cell receptor beta variable 29/OR9-2	2	9	9p21	L05150	6958
Homo sapiens	TRBV3-1	(F)  F	Homo sapiens T cell receptor beta variable 3-1	2	7	7q34	U07977	28619
Homo sapiens	TRBV3-2	(P)  P	Homo sapiens T cell receptor beta variable 3-2	3	7	7q34	L36092	28618
Homo sapiens	TRBV30	(F)  F  P	Homo sapiens T cell receptor beta variable 30	7	7	7q34	L36092	28557
Homo sapiens	TRBV4-1	(F)  F	Homo sapiens T cell receptor beta variable 4-1	3	7	7q34	U07977	28617
Homo sapiens	TRBV4-2	(F)  F	Homo sapiens T cell receptor beta variable 4-2	2	7	7q34	U07975	28616
Homo sapiens	TRBV4-3	(F)  F	Homo sapiens T cell receptor beta variable 4-3	4	7	7q34	U07978	28615
Homo sapiens	TRBV5-1	(F)  F	Homo sapiens T cell receptor beta variable 5-1	2	7	7q34	L36092	28614
Homo sapiens	TRBV5-2	P	Homo sapiens T cell receptor beta variable 5-2	4	7	7q34	L36092	28613
Homo sapiens	TRBV5-3	ORF	Homo sapiens T cell receptor beta variable 5-3	4	7	7q34	X61439	28612
Homo sapiens	TRBV5-4	(F)  F	Homo sapiens T cell receptor beta variable 5-4	7	7	7q34	L36092	28611
Homo sapiens	TRBV5-5	(F)  F	Homo sapiens T cell receptor beta variable 5-5	4	7	7q34	L36092	28610
Homo sapiens	TRBV5-6	F	Homo sapiens T cell receptor beta variable 5-6	2	7	7q34	L36092	28609
Homo sapiens	TRBV5-7	ORF	Homo sapiens T cell receptor beta variable 5-7	1	7	7q34	L36092	28608
Homo sapiens	TRBV5-8	(F)  F  P	Homo sapiens T cell receptor beta variable 5-8	4	7	7q34	L36092	28607
Homo sapiens	TRBV6-1	F	Homo sapiens T cell receptor beta variable 6-1	1	7	7q34	X61446	28606
Homo sapiens	TRBV6-2	F	Homo sapiens T cell receptor beta variable 6-2	1	7	7q34	X61445	28605
Homo sapiens	TRBV6-3	F	Homo sapiens T cell receptor beta variable 6-3	1	7	7q34	U07978	28604
Homo sapiens	TRBV6-4	F	Homo sapiens T cell receptor beta variable 6-4	2	7	7q34	X61653	28603
Homo sapiens	TRBV6-5	F	Homo sapiens T cell receptor beta variable 6-5	1	7	7q34	L36092	28602
Homo sapiens	TRBV6-6	(F)  F	Homo sapiens T cell receptor beta variable 6-6	6	7	7q34	L36092	28601
Homo sapiens	TRBV6-7	ORF	Homo sapiens T cell receptor beta variable 6-7	2	7	7q34	L36092	28600
Homo sapiens	TRBV6-8	F	Homo sapiens T cell receptor beta variable 6-8	2	7	7q34	L36092	28599
Homo sapiens	TRBV6-9	F	Homo sapiens T cell receptor beta variable 6-9	3	7	7q34	X61447	28598
Homo sapiens	TRBV7-1	ORF	Homo sapiens T cell receptor beta variable 7-1	1	7	7q34	IMGT000021	28597
Homo sapiens	TRBV7-2	(F)  F	Homo sapiens T cell receptor beta variable 7-2	4	7	7q34	X61442	28596
Homo sapiens	TRBV7-3	(F)  F  ORF	Homo sapiens T cell receptor beta variable 7-3	6	7	7q34	X61440	28595
Homo sapiens	TRBV7-4	F  [P]	Homo sapiens T cell receptor beta variable 7-4	3	7	7q34	L36092	28594
Homo sapiens	TRBV7-5	P	Homo sapiens T cell receptor beta variable 7-5	4	7	7q34	L36092	28593
Homo sapiens	TRBV7-6	(F)  F	Homo sapiens T cell receptor beta variable 7-6	3	7	7q34	L36092	28592
Homo sapiens	TRBV7-7	(F)  F	Homo sapiens T cell receptor beta variable 7-7	3	7	7q34	L36092	28591
Homo sapiens	TRBV7-8	(F)  F	Homo sapiens T cell receptor beta variable 7-8	3	7	7q34	M11953	28590
Homo sapiens	TRBV7-9	(F)  F  P	Homo sapiens T cell receptor beta variable 7-9	8	7	7q34	L36092	28589
Homo sapiens	TRBV8-1	P	Homo sapiens T cell receptor beta variable 8-1	3	7	7q34	L36092	28588
Homo sapiens	TRBV8-2	P	Homo sapiens T cell receptor beta variable 8-2	3	7	7q34	L36092	28587
Homo sapiens	TRBV9	(F)  F	Homo sapiens T cell receptor beta variable 9	3	7	7q34	L36092	28586
Homo sapiens	TRBVA	P	Homo sapiens T cell receptor beta variable A	2	7	7q34	L36092	28556
Homo sapiens	TRBVA/OR9-2	P	Homo sapiens T cell receptor beta variable A/OR9-2	1	9	9p21	AF029308	246286
Homo sapiens	TRBVB	P	Homo sapiens T cell receptor beta variable B	4	7	7q34	L36092	28555
Homo sapiens	TRBVC	P	Homo sapiens T cell receptor beta variable C	1	7	7q34	L36092	103106900
Homo sapiens	TRDC	F	Homo sapiens T cell receptor delta constant	1	14	14q11.2	M94081	28526
Homo sapiens	TRDD1	F	Homo sapiens T cell receptor delta diversity 1	1	14	14q11.2	M23325	28525
Homo sapiens	TRDD2	F	Homo sapiens T cell receptor delta diversity 2	1	14	14q11.2	M22153	28524
Homo sapiens	TRDD3	F	Homo sapiens T cell receptor delta diversity 3	1	14	14q11.2	M22152	28523
Homo sapiens	TRDJ1	F	Homo sapiens T cell receptor delta joining 1	1	14	14q11.2	M20289	28522
Homo sapiens	TRDJ2	F	Homo sapiens T cell receptor delta joining 2	1	14	14q11.2	L36386	28521
Homo sapiens	TRDJ3	F	Homo sapiens T cell receptor delta joining 3	1	14	14q11.2	M21508	28520
Homo sapiens	TRDJ4	F	Homo sapiens T cell receptor delta joining 4	2	14	14q11.2	AE000661	28519
Homo sapiens	TRDV1	F	Homo sapiens T cell receptor delta variable 1	1	14	14q11.2	M22198	28518
Homo sapiens	TRDV2	F	Homo sapiens T cell receptor delta variable 2	3	14	14q11.2	BK075133	28517
Homo sapiens	TRDV3	F	Homo sapiens T cell receptor delta variable 3	3	14	14q11.2	M23326	28516
Homo sapiens	TRGC1	(F)  F	Homo sapiens T cell receptor gamma constant 1	7	7	7p14	M14997;M14996;M14998	6966
Homo sapiens	TRGC2	(F)  F	Homo sapiens T cell receptor gamma constant 2	11	7	7p14	M15002;M13231	6967
Homo sapiens	TRGJ1	F	Homo sapiens T cell receptor gamma joining 1	2	7	7p14	M12960	6968
Homo sapiens	TRGJ2	F	Homo sapiens T cell receptor gamma joining 2	1	7	7p14	M12961	6969
Homo sapiens	TRGJP	F	Homo sapiens T cell receptor gamma joining P	1	7	7p14	M12950	6970
Homo sapiens	TRGJP1	F	Homo sapiens T cell receptor gamma joining P1	1	7	7p14	X08084	6971
Homo sapiens	TRGJP2	F	Homo sapiens T cell receptor gamma joining P2	2	7	7p14	M16016	6972
Homo sapiens	TRGV1	ORF	Homo sapiens T cell receptor gamma variable 1	1	7	7p14	BK075136	6973
Homo sapiens	TRGV10	ORF	Homo sapiens T cell receptor gamma variable 10	3	7	7p14	X07206	6984
Homo sapiens	TRGV11	ORF  P	Homo sapiens T cell receptor gamma variable 11	4	7	7p14	Y11227	6985
Homo sapiens	TRGV2	(F)  F	Homo sapiens T cell receptor gamma variable 2	3	7	7p14	M13429	6974
Homo sapiens	TRGV3	F	Homo sapiens T cell receptor gamma variable 3	4	7	7p14	M13430	6976
Homo sapiens	TRGV3P	-	Homo sapiens T cell receptor gamma variable 3P	1	7	7p14	-	-
Homo sapiens	TRGV4	F	Homo sapiens T cell receptor gamma variable 4	3	7	7p14	X15272	6977
Homo sapiens	TRGV5	F	Homo sapiens T cell receptor gamma variable 5	1	7	7p14	X13355	6978
Homo sapiens	TRGV5P	P	Homo sapiens T cell receptor gamma variable 5P	3	7	7p14	M13431	6979
Homo sapiens	TRGV6	P	Homo sapiens T cell receptor gamma variable 6	2	7	7p14	M13432	6980
Homo sapiens	TRGV7	P	Homo sapiens T cell receptor gamma variable 7	2	7	7p14	AF159056	6981
Homo sapiens	TRGV8	F	Homo sapiens T cell receptor gamma variable 8	1	7	7p14	M13434	6982
Homo sapiens	TRGV9	F	Homo sapiens T cell receptor gamma variable 9	3	7	7p14	X07205	6983
Homo sapiens	TRGVA	P	Homo sapiens T cell receptor gamma variable A	2	7	7p14	X07208	6986
Homo sapiens	TRGVB	P	Homo sapiens T cell receptor gamma variable B	3	7	7p14	X07209	6987
Macaca fascicularis	TRBC1	F	Macaca fascicularis T cell receptor beta constant 1	1	3		IMGT000075	-
Macaca fascicularis	TRBC2	F	Macaca fascicularis T cell receptor beta constant 2	1	3		IMGT000075	-
Macaca fascicularis	TRBD1	F	Macaca fascicularis T cell receptor beta diversity 1	1	3		IMGT000075	-
Macaca fascicularis	TRBD2	F	Macaca fascicularis T cell receptor beta diversity 2	1	3		IMGT000075	-
Macaca fascicularis	TRBJ1-1	F	Macaca fascicularis T cell receptor beta joining 1-1	1	3		IMGT000075	-
Macaca fascicularis	TRBJ1-2	F	Macaca fascicularis T cell receptor beta joining 1-2	1	3		IMGT000075	-
Macaca fascicularis	TRBJ1-3	F	Macaca fascicularis T cell receptor beta joining 1-3	1	3		IMGT000075	-
Macaca fascicularis	TRBJ1-4	F	Macaca fascicularis T cell receptor beta joining 1-4	1	3		IMGT000075	-
Macaca fascicularis	TRBJ1-5	F	Macaca fascicularis T cell receptor beta joining 1-5	1	3		IMGT000075	-
Macaca fascicularis	TRBJ1-6	F	Macaca fascicularis T cell receptor beta joining 1-6	1	3		IMGT000075	-
Macaca fascicularis	TRBJ2-1	F	Macaca fascicularis T cell receptor beta joining 2-1	1	3		IMGT000075	-
Macaca fascicularis	TRBJ2-2	F	Macaca fascicularis T cell receptor beta joining 2-2	1	3		IMGT000075	-
Macaca fascicularis	TRBJ2-2P	ORF	Macaca fascicularis T cell receptor beta joining 2-2P	1	3		IMGT000075	-
Macaca fascicularis	TRBJ2-3	F	Macaca fascicularis T cell receptor beta joining 2-3	1	3		IMGT000075	-
Macaca fascicularis	TRBJ2-4	F	Macaca fascicularis T cell receptor beta joining 2-4	1	3		IMGT000075	-
Macaca fascicularis	TRBJ2-5	F	Macaca fascicularis T cell receptor beta joining 2-5	1	3		IMGT000075	-
Macaca fascicularis	TRBJ2-6	F	Macaca fascicularis T cell receptor beta joining 2-6	1	3		IMGT000075	-
Macaca fascicularis	TRBJ2-7	F	Macaca fascicularis T cell receptor beta joining 2-7	1	3		IMGT000075	-
Macaca fascicularis	TRBV1-1	P	Macaca fascicularis T cell receptor beta variable 1-1	1	3		IMGT000075	-
Macaca fascicularis	TRBV1-2	P	Macaca fascicularis T cell receptor beta variable 1-2	1	3		IMGT000075	-
Macaca fascicularis	TRBV1-3	P	Macaca fascicularis T cell receptor beta variable 1-3	1	3		IMGT000075	-
Macaca fascicularis	TRBV10-1	F	Macaca fascicularis T cell receptor beta variable 10-1	1	3		IMGT000075	-
Macaca fascicularis	TRBV10-2	F	Macaca fascicularis T cell receptor beta variable 10-2	1	3		IMGT000075	-
Macaca fascicularis	TRBV10-3	F	Macaca fascicularis T cell receptor beta variable 10-3	1	3		IMGT000075	-
Macaca fascicularis	TRBV11-1	F	Macaca fascicularis T cell receptor beta variable 11-1	1	3		IMGT000075	-
Macaca fascicularis	TRBV11-2	F	Macaca fascicularis T cell receptor beta variable 11-2	1	3		IMGT000075	-
Macaca fascicularis	TRBV11-3	F	Macaca fascicularis T cell receptor beta variable 11-3	1	3		IMGT000075	-
Macaca fascicularis	TRBV12-1	ORF	Macaca fascicularis T cell receptor beta variable 12-1	1	3		IMGT000075	-
Macaca fascicularis	TRBV12-2	F	Macaca fascicularis T cell receptor beta variable 12-2	1	3		IMGT000075	-
Macaca fascicularis	TRBV12-3	F	Macaca fascicularis T cell receptor beta variable 12-3	1	3		IMGT000075	-
Macaca fascicularis	TRBV12-4	F	Macaca fascicularis T cell receptor beta variable 12-4	1	3		IMGT000075	-
Macaca fascicularis	TRBV13	F	Macaca fascicularis T cell receptor beta variable 13	1	3		IMGT000075	-
Macaca fascicularis	TRBV14	F	Macaca fascicularis T cell receptor beta variable 14	1	3		IMGT000075	-
Macaca fascicularis	TRBV15	F	Macaca fascicularis T cell receptor beta variable 15	1	3		IMGT000075	-
Macaca fascicularis	TRBV16	F	Macaca fascicularis T cell receptor beta variable 16	1	3		IMGT000075	-
Macaca fascicularis	TRBV17	P	Macaca fascicularis T cell receptor beta variable 17	1	3		IMGT000075	-
Macaca fascicularis	TRBV18	F	Macaca fascicularis T cell receptor beta variable 18	1	3		IMGT000075	-
Macaca fascicularis	TRBV19	F	Macaca fascicularis T cell receptor beta variable 19	1	3		IMGT000075	-
Macaca fascicularis	TRBV2-1	F	Macaca fascicularis T cell receptor beta variable 2-1	1	3		IMGT000075	-
Macaca fascicularis	TRBV2-2	F	Macaca fascicularis T cell receptor beta variable 2-2	1	3		IMGT000075	-
Macaca fascicularis	TRBV2-3	F	Macaca fascicularis T cell receptor beta variable 2-3	1	3		IMGT000075	-
Macaca fascicularis	TRBV20-1	F	Macaca fascicularis T cell receptor beta variable 20-1	1	3		IMGT000075	-
Macaca fascicularis	TRBV21-1	F	Macaca fascicularis T cell receptor beta variable 21-1	1	3		IMGT000075	-
Macaca fascicularis	TRBV22-1	P	Macaca fascicularis T cell receptor beta variable 22-1	1	3		IMGT000075	-
Macaca fascicularis	TRBV23-1	F	Macaca fascicularis T cell receptor beta variable 23-1	1	3		IMGT000075	-
Macaca fascicularis	TRBV24-1	F	Macaca fascicularis T cell receptor beta variable 24-1	1	3		IMGT000075	-
Macaca fascicularis	TRBV25-1	F	Macaca fascicularis T cell receptor beta variable 25-1	1	3		IMGT000075	-
Macaca fascicularis	TRBV26	P	Macaca fascicularis T cell receptor beta variable 26	1	3		IMGT000075	-
Macaca fascicularis	TRBV27	F	Macaca fascicularis T cell receptor beta variable 27	1	3		IMGT000075	-
Macaca fascicularis	TRBV28	F	Macaca fascicularis T cell receptor beta variable 28	1	3		IMGT000075	-
Macaca fascicularis	TRBV29-1	F	Macaca fascicularis T cell receptor beta variable 29-1	1	3		IMGT000075	-
Macaca fascicularis	TRBV3-1	F	Macaca fascicularis T cell receptor beta variable 3-1	1	3		IMGT000075	-
Macaca fascicularis	TRBV3-2	F	Macaca fascicularis T cell receptor beta variable 3-2	1	3		IMGT000075	-
Macaca fascicularis	TRBV3-3	F	Macaca fascicularis T cell receptor beta variable 3-3	1	3		IMGT000075	-
Macaca fascicularis	TRBV3-4	F	Macaca fascicularis T cell receptor beta variable 3-4	1	3		IMGT000075	-
Macaca fascicularis	TRBV30	F	Macaca fascicularis T cell receptor beta variable 30	1	3		IMGT000075	-
Macaca fascicularis	TRBV4-1	F	Macaca fascicularis T cell receptor beta variable 4-1	1	3		IMGT000075	-
Macaca fascicularis	TRBV4-2	F	Macaca fascicularis T cell receptor beta variable 4-2	1	3		IMGT000075	-
Macaca fascicularis	TRBV4-3	F	Macaca fascicularis T cell receptor beta variable 4-3	1	3		IMGT000075	-
Macaca fascicularis	TRBV5-1	P	Macaca fascicularis T cell receptor beta variable 5-1	1	3		IMGT000075	-
Macaca fascicularis	TRBV5-10	F	Macaca fascicularis T cell receptor beta variable 5-10	1	3		IMGT000075	-
Macaca fascicularis	TRBV5-2	P	Macaca fascicularis T cell receptor beta variable 5-2	1	3		IMGT000075	-
Macaca fascicularis	TRBV5-3	F	Macaca fascicularis T cell receptor beta variable 5-3	1	3		IMGT000075	-
Macaca fascicularis	TRBV5-4	F	Macaca fascicularis T cell receptor beta variable 5-4	1	3		IMGT000075	-
Macaca fascicularis	TRBV5-5	P	Macaca fascicularis T cell receptor beta variable 5-5	1	3		IMGT000075	-
Macaca fascicularis	TRBV5-6	P	Macaca fascicularis T cell receptor beta variable 5-6	1	3		IMGT000075	-
Macaca fascicularis	TRBV5-7	F	Macaca fascicularis T cell receptor beta variable 5-7	1	3		IMGT000075	-
Macaca fascicularis	TRBV5-8	F	Macaca fascicularis T cell receptor beta variable 5-8	1	3		IMGT000075	-
Macaca fascicularis	TRBV5-9	F	Macaca fascicularis T cell receptor beta variable 5-9	1	3		IMGT000075	-
Macaca fascicularis	TRBV6-1	F	Macaca fascicularis T cell receptor beta variable 6-1	1	3		IMGT000075	-
Macaca fascicularis	TRBV6-2	F	Macaca fascicularis T cell receptor beta variable 6-2	1	3		IMGT000075	-
Macaca fascicularis	TRBV6-2-1	ORF	Macaca fascicularis T cell receptor beta variable 6-2-1	1	3		IMGT000075	-
Macaca fascicularis	TRBV6-3	F	Macaca fascicularis T cell receptor beta variable 6-3	1	3		IMGT000075	-
Macaca fascicularis	TRBV6-4	P	Macaca fascicularis T cell receptor beta variable 6-4	1	3		IMGT000075	-
Macaca fascicularis	TRBV6-5	ORF	Macaca fascicularis T cell receptor beta variable 6-5	1	3		IMGT000075	-
Macaca fascicularis	TRBV6-5-1	P	Macaca fascicularis T cell receptor beta variable 6-5-1	1	3		IMGT000075	-
Macaca fascicularis	TRBV6-6	F	Macaca fascicularis T cell receptor beta variable 6-6	1	3		IMGT000075	-
Macaca fascicularis	TRBV6-7	P	Macaca fascicularis T cell receptor beta variable 6-7	1	3		IMGT000075	-
Macaca fascicularis	TRBV6-8	ORF	Macaca fascicularis T cell receptor beta variable 6-8	1	3		IMGT000075	-
Macaca fascicularis	TRBV7-1	P	Macaca fascicularis T cell receptor beta variable 7-1	1	3		IMGT000075	-
Macaca fascicularis	TRBV7-10	F	Macaca fascicularis T cell receptor beta variable 7-10	1	3		IMGT000075	-
Macaca fascicularis	TRBV7-2	F	Macaca fascicularis T cell receptor beta variable 7-2	1	3		IMGT000075	-
Macaca fascicularis	TRBV7-3	F	Macaca fascicularis T cell receptor beta variable 7-3	1	3		IMGT000075	-
Macaca fascicularis	TRBV7-4	F	Macaca fascicularis T cell receptor beta variable 7-4	1	3		IMGT000075	-
Macaca fascicularis	TRBV7-5	F	Macaca fascicularis T cell receptor beta variable 7-5	1	3		IMGT000075	-
Macaca fascicularis	TRBV7-6	F	Macaca fascicularis T cell receptor beta variable 7-6	1	3		IMGT000075	-
Macaca fascicularis	TRBV7-7	F	Macaca fascicularis T cell receptor beta variable 7-7	1	3		IMGT000075	-
Macaca fascicularis	TRBV7-7-1	F	Macaca fascicularis T cell receptor beta variable 7-7-1	1	3		IMGT000075	-
Macaca fascicularis	TRBV7-8	P	Macaca fascicularis T cell receptor beta variable 7-8	1	3		IMGT000075	-
Macaca fascicularis	TRBV7-9	F	Macaca fascicularis T cell receptor beta variable 7-9	1	3		IMGT000075	-
Macaca fascicularis	TRBV8-1	P	Macaca fascicularis T cell receptor beta variable 8-1	1	3		IMGT000075	-
Macaca fascicularis	TRBV8-2	P	Macaca fascicularis T cell receptor beta variable 8-2	1	3		IMGT000075	-
Macaca fascicularis	TRBV9	F	Macaca fascicularis T cell receptor beta variable 9	1	3		IMGT000075	-
Macaca fascicularis	TRBVA	P	Macaca fascicularis T cell receptor beta variable A	1	3		IMGT000075	-
Macaca fascicularis	TRBVB	P	Macaca fascicularis T cell receptor beta variable B	1	3		IMGT000075	-
Macaca fascicularis	TRBVC	P	Macaca fascicularis T cell receptor beta variable C	1	3		IMGT000075	-
Macaca mulatta	TRAC	F	Macaca mulatta T cell receptor alpha constant	2	7		IMGT000013	-
Macaca mulatta	TRAJ1	P	Macaca mulatta T cell receptor alpha joining 61	1	7		IMGT000013	-
Macaca mulatta	TRAJ10	F	Macaca mulatta T cell receptor alpha joining 52	1	7		IMGT000013	-
Macaca mulatta	TRAJ11	F	Macaca mulatta T cell receptor alpha joining 51	1	7		IMGT000013	-
Macaca mulatta	TRAJ12	F	Macaca mulatta T cell receptor alpha joining 50	2	7		IMGT000013	-
Macaca mulatta	TRAJ13	F	Macaca mulatta T cell receptor alpha joining 49	1	7		IMGT000013	-
Macaca mulatta	TRAJ14	ORF	Macaca mulatta T cell receptor alpha joining 48	1	7		IMGT000013	-
Macaca mulatta	TRAJ15	F  ORF	Macaca mulatta T cell receptor alpha joining 47	2	7		IMGT000013	-
Macaca mulatta	TRAJ16	F	Macaca mulatta T cell receptor alpha joining 46	1	7		IMGT000013	-
Macaca mulatta	TRAJ17	F	Macaca mulatta T cell receptor alpha joining 45	1	7		IMGT000013	-
Macaca mulatta	TRAJ18	F	Macaca mulatta T cell receptor alpha joining 44	1	7		IMGT000013	-
Macaca mulatta	TRAJ19	ORF	Macaca mulatta T cell receptor alpha joining 43	2	7		IMGT000013	-
Macaca mulatta	TRAJ2	F	Macaca mulatta T cell receptor alpha joining 60	2	7		IMGT000013	-
Macaca mulatta	TRAJ20	F  ORF	Macaca mulatta T cell receptor alpha joining 42	2	7		IMGT000013	-
Macaca mulatta	TRAJ21	F	Macaca mulatta T cell receptor alpha joining 41	1	7		IMGT000013	-
Macaca mulatta	TRAJ22	F	Macaca mulatta T cell receptor alpha joining 40	2	7		IMGT000013	-
Macaca mulatta	TRAJ23	F	Macaca mulatta T cell receptor alpha joining 39	1	7		IMGT000013	-
Macaca mulatta	TRAJ24	F	Macaca mulatta T cell receptor alpha joining 38	1	7		IMGT000013	-
Macaca mulatta	TRAJ25	F	Macaca mulatta T cell receptor alpha joining 37	1	7		IMGT000013	-
Macaca mulatta	TRAJ26	F	Macaca mulatta T cell receptor alpha joining 36	2	7		IMGT000013	-
Macaca mulatta	TRAJ27	F	Macaca mulatta T cell receptor alpha joining 35	1	7		IMGT000013	-
Macaca mulatta	TRAJ28	F	Macaca mulatta T cell receptor alpha joining 34	1	7		IMGT000013	-
Macaca mulatta	TRAJ29	F	Macaca mulatta T cell receptor alpha joining 33	1	7		IMGT000013	-
Macaca mulatta	TRAJ3	F	Macaca mulatta T cell receptor alpha joining 59	1	7		IMGT000013	-
Macaca mulatta	TRAJ30	F	Macaca mulatta T cell receptor alpha joining 32	1	7		IMGT000013	-
Macaca mulatta	TRAJ31	F	Macaca mulatta T cell receptor alpha joining 31	1	7		IMGT000013	-
Macaca mulatta	TRAJ32	F	Macaca mulatta T cell receptor alpha joining 30	2	7		IMGT000013	-
Macaca mulatta	TRAJ33	F	Macaca mulatta T cell receptor alpha joining 29	1	7		IMGT000013	-
Macaca mulatta	TRAJ34	F	Macaca mulatta T cell receptor alpha joining 28	2	7		IMGT000013	-
Macaca mulatta	TRAJ35	F	Macaca mulatta T cell receptor alpha joining 27	2	7		IMGT000013	-
Macaca mulatta	TRAJ36	F	Macaca mulatta T cell receptor alpha joining 26	1	7		IMGT000013	-
Macaca mulatta	TRAJ37	F	Macaca mulatta T cell receptor alpha joining 25	1	7		IMGT000013	-
Macaca mulatta	TRAJ38	F	Macaca mulatta T cell receptor alpha joining 24	1	7		IMGT000013	-
Macaca mulatta	TRAJ39	F	Macaca mulatta T cell receptor alpha joining 23	1	7		IMGT000013	-
Macaca mulatta	TRAJ4	F	Macaca mulatta T cell receptor alpha joining 58	1	7		IMGT000013	-
Macaca mulatta	TRAJ40	F	Macaca mulatta T cell receptor alpha joining 22	1	7		IMGT000013	-
Macaca mulatta	TRAJ41	F	Macaca mulatta T cell receptor alpha joining 21	1	7		IMGT000013	-
Macaca mulatta	TRAJ42	F	Macaca mulatta T cell receptor alpha joining 20	2	7		IMGT000013	-
Macaca mulatta	TRAJ43	F	Macaca mulatta T cell receptor alpha joining 19	1	7		IMGT000013	-
Macaca mulatta	TRAJ44	F	Macaca mulatta T cell receptor alpha joining 18	2	7		IMGT000013	-
Macaca mulatta	TRAJ45	F	Macaca mulatta T cell receptor alpha joining 17	2	7		IMGT000013	-
Macaca mulatta	TRAJ46	F	Macaca mulatta T cell receptor alpha joining 16	1	7		IMGT000013	-
Macaca mulatta	TRAJ47	F	Macaca mulatta T cell receptor alpha joining 15	1	7		IMGT000013	-
Macaca mulatta	TRAJ48	F	Macaca mulatta T cell receptor alpha joining 14	1	7		IMGT000013	-
Macaca mulatta	TRAJ49	F	Macaca mulatta T cell receptor alpha joining 13	2	7		IMGT000013	-
Macaca mulatta	TRAJ5	F	Macaca mulatta T cell receptor alpha joining 57	1	7		IMGT000013	-
Macaca mulatta	TRAJ50	F	Macaca mulatta T cell receptor alpha joining 12	1	7		IMGT000013	-
Macaca mulatta	TRAJ51	ORF	Macaca mulatta T cell receptor alpha joining 11	1	7		IMGT000013	-
Macaca mulatta	TRAJ52	F	Macaca mulatta T cell receptor alpha joining 10	2	7		IMGT000013	-
Macaca mulatta	TRAJ53	F	Macaca mulatta T cell receptor alpha joining 9	1	7		IMGT000013	-
Macaca mulatta	TRAJ54	F	Macaca mulatta T cell receptor alpha joining 8	1	7		IMGT000013	-
Macaca mulatta	TRAJ55	P	Macaca mulatta T cell receptor alpha joining 7	1	7		IMGT000013	-
Macaca mulatta	TRAJ56	F	Macaca mulatta T cell receptor alpha joining 6	1	7		IMGT000013	-
Macaca mulatta	TRAJ57	F	Macaca mulatta T cell receptor alpha joining 5	1	7		IMGT000013	-
Macaca mulatta	TRAJ58	F	Macaca mulatta T cell receptor alpha joining 4	1	7		IMGT000013	-
Macaca mulatta	TRAJ59	P	Macaca mulatta T cell receptor alpha joining 3	1	7		IMGT000013	-
Macaca mulatta	TRAJ6	F	Macaca mulatta T cell receptor alpha joining 56	1	7		IMGT000013	-
Macaca mulatta	TRAJ60	F	Macaca mulatta T cell receptor alpha joining 2	2	7		IMGT000013	-
Macaca mulatta	TRAJ61	ORF	Macaca mulatta T cell receptor alpha joining 1	1	7		IMGT000013	-
Macaca mulatta	TRAJ7	F	Macaca mulatta T cell receptor alpha joining 55	1	7		IMGT000013	-
Macaca mulatta	TRAJ8	F	Macaca mulatta T cell receptor alpha joining 54	1	7		IMGT000013	-
Macaca mulatta	TRAJ9	F	Macaca mulatta T cell receptor alpha joining 53	1	7		IMGT000013	-
Macaca mulatta	TRAV1-1	F	Macaca mulatta T cell receptor alpha variable 1-1	2	7		IMGT000013	-
Macaca mulatta	TRAV1-2	F	Macaca mulatta T cell receptor alpha variable 1-2	1	7		IMGT000013	-
Macaca mulatta	TRAV10	F	Macaca mulatta T cell receptor alpha variable 10	1	7		IMGT000013	-
Macaca mulatta	TRAV11-1	ORF	Macaca mulatta T cell receptor alpha variable 11-1	1	7		IMGT000013	-
Macaca mulatta	TRAV11-2	ORF	Macaca mulatta T cell receptor alpha variable 11-2	1	7		IMGT000076	-
Macaca mulatta	TRAV11-3	P	Macaca mulatta T cell receptor alpha variable 11-3	1	7		IMGT000013	-
Macaca mulatta	TRAV12-1	F	Macaca mulatta T cell receptor alpha variable 12-1	2	7		IMGT000013	-
Macaca mulatta	TRAV12-2	F	Macaca mulatta T cell receptor alpha variable 12-2	1	7		IMGT000013	-
Macaca mulatta	TRAV12-3	F	Macaca mulatta T cell receptor alpha variable 12-3	1	7		IMGT000013	-
Macaca mulatta	TRAV13-1	F	Macaca mulatta T cell receptor alpha variable 13-1	2	7		IMGT000013	-
Macaca mulatta	TRAV13-2	F	Macaca mulatta T cell receptor alpha variable 13-2	2	7		IMGT000013	-
Macaca mulatta	TRAV14-1	P	Macaca mulatta T cell receptor alpha variable 14-1	1	7		IMGT000013	-
Macaca mulatta	TRAV14-2	F	Macaca mulatta T cell receptor alpha variable 14-2	1	7		IMGT000013	-
Macaca mulatta	TRAV15	P	Macaca mulatta T cell receptor alpha variable 15	2	7		IMGT000013	-
Macaca mulatta	TRAV16	F	Macaca mulatta T cell receptor alpha variable 16	1	7		IMGT000013	-
Macaca mulatta	TRAV17	F	Macaca mulatta T cell receptor alpha variable 17	1	7		IMGT000013	-
Macaca mulatta	TRAV18	F	Macaca mulatta T cell receptor alpha variable 18	1	7		IMGT000013	-
Macaca mulatta	TRAV19	F	Macaca mulatta T cell receptor alpha variable 19	2	7		IMGT000013	-
Macaca mulatta	TRAV2	F	Macaca mulatta T cell receptor alpha variable 2	1	7		IMGT000013	-
Macaca mulatta	TRAV20	F	Macaca mulatta T cell receptor alpha variable 20	2	7		IMGT000013	-
Macaca mulatta	TRAV21	F	Macaca mulatta T cell receptor alpha variable 21	1	7		IMGT000013	-
Macaca mulatta	TRAV22-1	F	Macaca mulatta T cell receptor alpha variable 22-1	2	7		IMGT000013	-
Macaca mulatta	TRAV22-2	F	Macaca mulatta T cell receptor alpha variable 22-2	1	7		IMGT000013	-
Macaca mulatta	TRAV22-3	F	Macaca mulatta T cell receptor alpha variable 22-3	1	7		IMGT000076	-
Macaca mulatta	TRAV23-1	F	Macaca mulatta T cell receptor alpha variable 23-1	2	7		IMGT000013	-
Macaca mulatta	TRAV23-2	F	Macaca mulatta T cell receptor alpha variable 23-2	1	7		IMGT000013	-
Macaca mulatta	TRAV23-3	F	Macaca mulatta T cell receptor alpha variable 23-3	1	7		IMGT000013	-
Macaca mulatta	TRAV23-4	F	Macaca mulatta T cell receptor alpha variable 23-4	1	7		IMGT000076	-
Macaca mulatta	TRAV24	F	Macaca mulatta T cell receptor alpha variable 24	1	7		IMGT000013	-
Macaca mulatta	TRAV24-1	F	Macaca mulatta T cell receptor alpha variable 24-1	1	7		IMGT000076	-
Macaca mulatta	TRAV25	F	Macaca mulatta T cell receptor alpha variable 25	2	7		IMGT000013	-
Macaca mulatta	TRAV25-1	F	Macaca mulatta T cell receptor alpha variable 25-1	1	7		IMGT000076	-
Macaca mulatta	TRAV26-1	F	Macaca mulatta T cell receptor alpha variable 26-1	1	7		IMGT000013	-
Macaca mulatta	TRAV26-2	F	Macaca mulatta T cell receptor alpha variable 26-2	2	7		IMGT000013	-
Macaca mulatta	TRAV26-3	F	Macaca mulatta T cell receptor alpha variable 26-3	1	7		IMGT000076	-
Macaca mulatta	TRAV27	F	Macaca mulatta T cell receptor alpha variable 27	1	7		IMGT000013	-
Macaca mulatta	TRAV29	F	Macaca mulatta T cell receptor alpha variable 29	1	7		IMGT000013	-
Macaca mulatta	TRAV3	F	Macaca mulatta T cell receptor alpha variable 3	1	7		IMGT000013	-
Macaca mulatta	TRAV30	F	Macaca mulatta T cell receptor alpha variable 30	1	7		IMGT000013	-
Macaca mulatta	TRAV32	P	Macaca mulatta T cell receptor alpha variable 32	2	7		IMGT000013	-
Macaca mulatta	TRAV33	P	Macaca mulatta T cell receptor alpha variable 33	2	7		IMGT000013	-
Macaca mulatta	TRAV34	F	Macaca mulatta T cell receptor alpha variable 34	2	7		IMGT000013	-
Macaca mulatta	TRAV35	F	Macaca mulatta T cell receptor alpha variable 35	2	7		IMGT000013	-
Macaca mulatta	TRAV36	F	Macaca mulatta T cell receptor alpha variable 36	2	7		IMGT000013	-
Macaca mulatta	TRAV37	ORF	Macaca mulatta T cell receptor alpha variable 37	2	7		IMGT000013	-
Macaca mulatta	TRAV38-1	F	Macaca mulatta T cell receptor alpha variable 38-1	2	7		IMGT000013	-
Macaca mulatta	TRAV38-2	F	Macaca mulatta T cell receptor alpha variable 38-2	2	7		IMGT000013	-
Macaca mulatta	TRAV39	F	Macaca mulatta T cell receptor alpha variable 39	1	7		IMGT000013	-
Macaca mulatta	TRAV4	F	Macaca mulatta T cell receptor alpha variable 4	1	7		IMGT000013	-
Macaca mulatta	TRAV40	F	Macaca mulatta T cell receptor alpha variable 40	2	7		IMGT000013	-
Macaca mulatta	TRAV41	F	Macaca mulatta T cell receptor alpha variable 41	1	7		IMGT000013	-
Macaca mulatta	TRAV46	P	Macaca mulatta T cell receptor alpha variable 46	2	7		IMGT000013	-
Macaca mulatta	TRAV5	F	Macaca mulatta T cell receptor alpha variable 5	1	7		IMGT000013	-
Macaca mulatta	TRAV6	F	Macaca mulatta T cell receptor alpha variable 6	1	7		IMGT000013	-
Macaca mulatta	TRAV8-1	P	Macaca mulatta T cell receptor alpha variable 8-1	1	7		IMGT000013	-
Macaca mulatta	TRAV8-2	F	Macaca mulatta T cell receptor alpha variable 8-2	1	7		IMGT000013	-
Macaca mulatta	TRAV8-3	F	Macaca mulatta T cell receptor alpha variable 8-3	1	7		IMGT000013	-
Macaca mulatta	TRAV8-4	F	Macaca mulatta T cell receptor alpha variable 8-4	1	7		IMGT000013	-
Macaca mulatta	TRAV8-5	F	Macaca mulatta T cell receptor alpha variable 8-5	1	7		IMGT000013	-
Macaca mulatta	TRAV8-6	P	Macaca mulatta T cell receptor alpha variable 8-6	2	7		IMGT000013	-
Macaca mulatta	TRAV8-7	F	Macaca mulatta T cell receptor alpha variable 8-7	1	7		IMGT000013	-
Macaca mulatta	TRAV9-1	F	Macaca mulatta T cell receptor alpha variable 9-1	1	7		IMGT000013	-
Macaca mulatta	TRAV9-2	F	Macaca mulatta T cell receptor alpha variable 9-2	1	7		IMGT000013	-
Macaca mulatta	TRAVA	P	Macaca mulatta T cell receptor alpha variable A	1	7		IMGT000013	-
Macaca mulatta	TRAVB	P	Macaca mulatta T cell receptor alpha variable B	1	7		IMGT000013	-
Macaca mulatta	TRAVC	P	Macaca mulatta T cell receptor alpha variable C	1	7		IMGT000013	-
Macaca mulatta	TRBC1	F	Macaca mulatta T cell receptor beta constant 1	2	3		NW_001114291	-
Macaca mulatta	TRBC2	F  P	Macaca mulatta T cell receptor beta constant 2	3	3		IMGT000012	-
Macaca mulatta	TRBD1	F	Macaca mulatta T cell receptor beta diversity 1	1	3		L43137	-
Macaca mulatta	TRBD2	F	Macaca mulatta T cell receptor beta diversity 2	1	3		L43138	-
Macaca mulatta	TRBJ1-1	F	Macaca mulatta T cell receptor beta joining 1-1	2	3		L43137	-
Macaca mulatta	TRBJ1-2	F	Macaca mulatta T cell receptor beta joining 1-2	1	3		L43137	-
Macaca mulatta	TRBJ1-3	F	Macaca mulatta T cell receptor beta joining 1-3	1	3		L43137	-
Macaca mulatta	TRBJ1-4	F	Macaca mulatta T cell receptor beta joining 1-4	1	3		L43137	-
Macaca mulatta	TRBJ1-5	F	Macaca mulatta T cell receptor beta joining 1-5	1	3		L43137	-
Macaca mulatta	TRBJ1-6	F	Macaca mulatta T cell receptor beta joining 1-6	3	3		L43137	-
Macaca mulatta	TRBJ2-1	F	Macaca mulatta T cell receptor beta joining 2-1	2	3		L43138	-
Macaca mulatta	TRBJ2-2	F	Macaca mulatta T cell receptor beta joining 2-2	1	3		L43138	-
Macaca mulatta	TRBJ2-2P	ORF	Macaca mulatta T cell receptor beta joining 2-2P	2	3		L43138	-
Macaca mulatta	TRBJ2-3	F	Macaca mulatta T cell receptor beta joining 2-3	1	3		L43138	-
Macaca mulatta	TRBJ2-4	F	Macaca mulatta T cell receptor beta joining 2-4	1	3		L43138	-
Macaca mulatta	TRBJ2-5	F	Macaca mulatta T cell receptor beta joining 2-5	1	3		L43138	-
Macaca mulatta	TRBJ2-6	F	Macaca mulatta T cell receptor beta joining 2-6	1	3		L43138	-
Macaca mulatta	TRBJ2-7	F	Macaca mulatta T cell receptor beta joining 2-7	1	3		L43138	-
Macaca mulatta	TRBV1-1	P	Macaca mulatta T cell receptor beta variable 1-1	2	3		NW_001114291	-
Macaca mulatta	TRBV1-2	P	Macaca mulatta T cell receptor beta variable 1-2	1	3		NW_001114291	-
Macaca mulatta	TRBV1-3	P	Macaca mulatta T cell receptor beta variable 1-3	2	3		NW_001114291	-
Macaca mulatta	TRBV10-1	F	Macaca mulatta T cell receptor beta variable 10-1	2	3		NW_001114291	-
Macaca mulatta	TRBV10-2	F	Macaca mulatta T cell receptor beta variable 10-2	1	3		NW_001114291	-
Macaca mulatta	TRBV10-3	F	Macaca mulatta T cell receptor beta variable 10-3	2	3		NW_001114291	-
Macaca mulatta	TRBV11-1	F	Macaca mulatta T cell receptor beta variable 11-1	1	3		NW_001114291	-
Macaca mulatta	TRBV11-2	F	Macaca mulatta T cell receptor beta variable 11-2	2	3		NW_001114291	-
Macaca mulatta	TRBV11-3	F	Macaca mulatta T cell receptor beta variable 11-3	1	3		NW_001114291	-
Macaca mulatta	TRBV12-1	ORF	Macaca mulatta T cell receptor beta variable 12-1	2	3		NW_001114291	-
Macaca mulatta	TRBV12-2	F	Macaca mulatta T cell receptor beta variable 12-2	3	3		NW_001114291	-
Macaca mulatta	TRBV12-3	F	Macaca mulatta T cell receptor beta variable 12-3	2	3		NW_001114291	-
Macaca mulatta	TRBV12-4	F	Macaca mulatta T cell receptor beta variable 12-4	2	3		NW_001114291	-
Macaca mulatta	TRBV13	F	Macaca mulatta T cell receptor beta variable 13	2	3		NW_001114291	-
Macaca mulatta	TRBV14	F	Macaca mulatta T cell receptor beta variable 14	1	3		NW_001114291	-
Macaca mulatta	TRBV15	F	Macaca mulatta T cell receptor beta variable 15	1	3		NW_001114291	-
Macaca mulatta	TRBV16	F	Macaca mulatta T cell receptor beta variable 16	2	3		NW_001114291	-
Macaca mulatta	TRBV18	F	Macaca mulatta T cell receptor beta variable 18	1	3		NW_001114291	-
Macaca mulatta	TRBV19	F	Macaca mulatta T cell receptor beta variable 19	2	3		NW_001114291	-
Macaca mulatta	TRBV2-1	F	Macaca mulatta T cell receptor beta variable 2-1	2	3		NW_001114291	-
Macaca mulatta	TRBV2-2	F	Macaca mulatta T cell receptor beta variable 2-2	1	3		NW_001114291	-
Macaca mulatta	TRBV2-3	F	Macaca mulatta T cell receptor beta variable 2-3	2	3		NW_001114291	-
Macaca mulatta	TRBV20-1	F	Macaca mulatta T cell receptor beta variable 20-1	2	3		NW_001114291	-
Macaca mulatta	TRBV21-1	F	Macaca mulatta T cell receptor beta variable 21-1	2	3		NW_001114291	-
Macaca mulatta	TRBV22-1	P	Macaca mulatta T cell receptor beta variable 22-1	2	3		NW_001114291	-
Macaca mulatta	TRBV23-1	F	Macaca mulatta T cell receptor beta variable 23-1	1	3		NW_001114291	-
Macaca mulatta	TRBV24-1	F	Macaca mulatta T cell receptor beta variable 24-1	1	3		NW_001114291	-
Macaca mulatta	TRBV25-1	F	Macaca mulatta T cell receptor beta variable 25-1	1	3		NW_001114291	-
Macaca mulatta	TRBV26	P	Macaca mulatta T cell receptor beta variable 26	2	3		NW_001114291	-
Macaca mulatta	TRBV27	F	Macaca mulatta T cell receptor beta variable 27	2	3		NW_001114291	-
Macaca mulatta	TRBV28	F	Macaca mulatta T cell receptor beta variable 28	1	3		NW_001114291	-
Macaca mulatta	TRBV29-1	F	Macaca mulatta T cell receptor beta variable 29-1	2	3		NW_001114291	-
Macaca mulatta	TRBV3-1	F	Macaca mulatta T cell receptor beta variable 3-1	1	3		NW_001114291	-
Macaca mulatta	TRBV3-2	F	Macaca mulatta T cell receptor beta variable 3-2	2	3		NW_001114291	-
Macaca mulatta	TRBV3-3	F	Macaca mulatta T cell receptor beta variable 3-3	2	3		NW_001114291	-
Macaca mulatta	TRBV3-4	F	Macaca mulatta T cell receptor beta variable 3-4	2	3		NW_001114291	-
Macaca mulatta	TRBV30	F	Macaca mulatta T cell receptor beta variable 30	1	3		NW_001114291	-
Macaca mulatta	TRBV4-1	F	Macaca mulatta T cell receptor beta variable 4-1	2	3		NW_001114291	-
Macaca mulatta	TRBV4-2	F	Macaca mulatta T cell receptor beta variable 4-2	2	3		NW_001114291	-
Macaca mulatta	TRBV4-3	F	Macaca mulatta T cell receptor beta variable 4-3	3	3		NW_001114291	-
Macaca mulatta	TRBV5-1	P	Macaca mulatta T cell receptor beta variable 5-1	3	3		NW_001114291	-
Macaca mulatta	TRBV5-10	F	Macaca mulatta T cell receptor beta variable 5-10	2	3		NW_001114291	-
Macaca mulatta	TRBV5-2	P	Macaca mulatta T cell receptor beta variable 5-2	2	3		NW_001114291	-
Macaca mulatta	TRBV5-3	F  ORF	Macaca mulatta T cell receptor beta variable 5-3	3	3		NW_001114291	-
Macaca mulatta	TRBV5-4	F  P	Macaca mulatta T cell receptor beta variable 5-4	3	3		NW_001114291	-
Macaca mulatta	TRBV5-5	F  P	Macaca mulatta T cell receptor beta variable 5-5	3	3		NW_001114291	-
Macaca mulatta	TRBV5-6	F	Macaca mulatta T cell receptor beta variable 5-6	2	3		NW_001114291	-
Macaca mulatta	TRBV5-7	F  P	Macaca mulatta T cell receptor beta variable 5-7	2	3		NW_001114291	-
Macaca mulatta	TRBV5-8	F	Macaca mulatta T cell receptor beta variable 5-8	2	3		NW_001114291	-
Macaca mulatta	TRBV5-9	F	Macaca mulatta T cell receptor beta variable 5-9	3	3		NW_001114291	-
Macaca mulatta	TRBV6-1	F	Macaca mulatta T cell receptor beta variable 6-1	2	3		NW_001114291	-
Macaca mulatta	TRBV6-2	F	Macaca mulatta T cell receptor beta variable 6-2	3	3		NW_001114291	-
Macaca mulatta	TRBV6-2-1	ORF  P	Macaca mulatta T cell receptor beta variable 6-2-1	2	3		IMGT000012	-
Macaca mulatta	TRBV6-3	F	Macaca mulatta T cell receptor beta variable 6-3	2	3		NW_001114291	-
Macaca mulatta	TRBV6-4	ORF  P	Macaca mulatta T cell receptor beta variable 6-4	3	3		NW_001114291	-
Macaca mulatta	TRBV6-5	ORF	Macaca mulatta T cell receptor beta variable 6-5	1	3		IMGT000012	-
Macaca mulatta	TRBV6-5-1	P	Macaca mulatta T cell receptor beta variable 6-5-1	2	3		NW_001114291	-
Macaca mulatta	TRBV6-6	F	Macaca mulatta T cell receptor beta variable 6-6	2	3		NW_001114291	-
Macaca mulatta	TRBV6-7	ORF	Macaca mulatta T cell receptor beta variable 6-7	1	3		NW_001114291	-
Macaca mulatta	TRBV6-8	F  ORF	Macaca mulatta T cell receptor beta variable 6-8	2	3		IMGT000012	-
Macaca mulatta	TRBV7-1	P	Macaca mulatta T cell receptor beta variable 7-1	1	3		IMGT000012	-
Macaca mulatta	TRBV7-10	F  ORF	Macaca mulatta T cell receptor beta variable 7-10	2	3		NW_001114291	-
Macaca mulatta	TRBV7-2	F  P	Macaca mulatta T cell receptor beta variable 7-2	2	3		IMGT000012	-
Macaca mulatta	TRBV7-3	F	Macaca mulatta T cell receptor beta variable 7-3	1	3		NW_001114291	-
Macaca mulatta	TRBV7-4	F	Macaca mulatta T cell receptor beta variable 7-4	3	3		NW_001114291	-
Macaca mulatta	TRBV7-5	F	Macaca mulatta T cell receptor beta variable 7-5	2	3		NW_001114291	-
Macaca mulatta	TRBV7-6	F	Macaca mulatta T cell receptor beta variable 7-6	2	3		NW_001114291	-
Macaca mulatta	TRBV7-7	F  ORF	Macaca mulatta T cell receptor beta variable 7-7	2	3		NW_001114291	-
Macaca mulatta	TRBV7-7-1	F  P	Macaca mulatta T cell receptor beta variable 7-7-1	2	3		IMGT000012	-
Macaca mulatta	TRBV7-8	P	Macaca mulatta T cell receptor beta variable 7-8	1	3		NW_001114291	-
Macaca mulatta	TRBV7-9	F	Macaca mulatta T cell receptor beta variable 7-9	2	3		NW_001114291	-
Macaca mulatta	TRBV8-1	P	Macaca mulatta T cell receptor beta variable 8-1	2	3		NW_001114291	-
Macaca mulatta	TRBV8-2	P	Macaca mulatta T cell receptor beta variable 8-2	2	3		NW_001114291	-
Macaca mulatta	TRBV9	F	Macaca mulatta T cell receptor beta variable 9	3	3		NW_001114291	-
Macaca mulatta	TRBVA	P	Macaca mulatta T cell receptor beta variable A	1	3		NW_001114291	-
Macaca mulatta	TRBVB	P	Macaca mulatta T cell receptor beta variable B	1	3		NW_001114291	-
Macaca mulatta	TRBVC	P	Macaca mulatta T cell receptor beta variable C	2	3		NW_001114291	-
Macaca mulatta	TRDC	F	Macaca mulatta T cell receptor delta constant	3	7		IMGT000013	-
Macaca mulatta	TRDD1	ORF	Macaca mulatta T cell receptor delta diversity 1	1	7		IMGT000013	-
Macaca mulatta	TRDD2	F	Macaca mulatta T cell receptor delta diversity 2	1	7		IMGT000013	-
Macaca mulatta	TRDD3	F	Macaca mulatta T cell receptor delta diversity 3	1	7		IMGT000013	-
Macaca mulatta	TRDD4	F	Macaca mulatta T cell receptor delta diversity 4	1	7		IMGT000013	-
Macaca mulatta	TRDJ1	F	Macaca mulatta T cell receptor delta joining 1	1	7		IMGT000013	-
Macaca mulatta	TRDJ2	F	Macaca mulatta T cell receptor delta joining 2	1	7		IMGT000013	-
Macaca mulatta	TRDJ3	F	Macaca mulatta T cell receptor delta joining 3	2	7		IMGT000013	-
Macaca mulatta	TRDJ4	F	Macaca mulatta T cell receptor delta joining 4	2	7		IMGT000013	-
Macaca mulatta	TRDV1	F	Macaca mulatta T cell receptor delta variable 1	2	7		IMGT000013	-
Macaca mulatta	TRDV1-1	F	Macaca mulatta T cell receptor delta variable 1-1	1	7		IMGT000076	-
Macaca mulatta	TRDV2	F	Macaca mulatta T cell receptor delta variable 2	2	7		IMGT000013	-
Macaca mulatta	TRDV3	F	Macaca mulatta T cell receptor delta variable 3	2	7		IMGT000013	-
Macaca mulatta	TRDV4	F	Macaca mulatta T cell receptor delta variable 4	1	7		IMGT000013	-
Macaca mulatta	TRGC1	F	Macaca mulatta T cell receptor gamma constant 1	1	3		IMGT000059	-
Macaca mulatta	TRGC2	F	Macaca mulatta T cell receptor gamma constant 2	1	3		IMGT000059	-
Macaca mulatta	TRGJ1-1	ORF	Macaca mulatta T cell receptor gamma joining 1-1	1	3		IMGT000059	-
Macaca mulatta	TRGJ1-2	F	Macaca mulatta T cell receptor gamma joining 1-2	1	3		IMGT000059	-
Macaca mulatta	TRGJ2-1	ORF	Macaca mulatta T cell receptor gamma joining 2-1	1	3		IMGT000059	-
Macaca mulatta	TRGJ2-2	P	Macaca mulatta T cell receptor gamma joining 2-2	1	3		IMGT000059	-
Macaca mulatta	TRGJ2-3	F	Macaca mulatta T cell receptor gamma joining 2-3	1	3		IMGT000059	-
Macaca mulatta	TRGV1	ORF	Macaca mulatta T cell receptor gamma variable 1	1	3		IMGT000059	-
Macaca mulatta	TRGV10	ORF	Macaca mulatta T cell receptor gamma variable 10	1	3		IMGT000059	-
Macaca mulatta	TRGV11	P	Macaca mulatta T cell receptor gamma variable 11	1	3		IMGT000059	-
Macaca mulatta	TRGV2	F	Macaca mulatta T cell receptor gamma variable 2	1	3		IMGT000059	-
Macaca mulatta	TRGV3	F	Macaca mulatta T cell receptor gamma variable 3	1	3		IMGT000059	-
Macaca mulatta	TRGV6	P	Macaca mulatta T cell receptor gamma variable 6	1	3		IMGT000059	-
Macaca mulatta	TRGV8	F	Macaca mulatta T cell receptor gamma variable 8	1	3		IMGT000059	-
Macaca mulatta	TRGV9	F	Macaca mulatta T cell receptor gamma variable 9	1	3		IMGT000059	-
Macaca mulatta	TRGVA	P	Macaca mulatta T cell receptor gamma variable A	1	3		IMGT000059	-
Macaca mulatta	TRGVB	P	Macaca mulatta T cell receptor gamma variable B	1	3		IMGT000059	-
Macaca mulatta	TRGVC	P	Macaca mulatta T cell receptor gamma variable C	1	3		IMGT000059	-
Macaca mulatta	TRGVD	P	Macaca mulatta T cell receptor gamma variable D	1	3		IMGT000059	-
Mesocricetus auratus	TRAC	F	Mesocricetus auratus T cell receptor alpha constant	1			IMGT000237	-
Mesocricetus auratus	TRBC1	F	Mesocricetus auratus T cell receptor beta constant 1	1			IMGT000239	-
Mesocricetus auratus	TRBC2	F	Mesocricetus auratus T cell receptor beta constant 2	1			IMGT000239	-
Mesocricetus auratus	TRDC	F	Mesocricetus auratus T cell receptor delta constant	1			IMGT000237	-
Mesocricetus auratus	TRGC1	F	Mesocricetus auratus T cell receptor gamma constant 1	1			IMGT000240	-
Mesocricetus auratus	TRGC2	F	Mesocricetus auratus T cell receptor gamma constant 2	1			IMGT000240	-
Mus minutoides	TRBC2	F	Mus minutoides T cell receptor beta constant 2	1	-	-	S92301	-
Mus musculus	TRAC	(F)  F	Mus musculus T cell receptor alpha constant	2	14	14C2 (19.7 cM)	M64239	100101484
Mus musculus	TRAJ1	P	Mus musculus T cell receptor alpha joining 1	1	14	14C2 (19.7 cM)	M64239	100124400
Mus musculus	TRAJ11	F	Mus musculus T cell receptor alpha joining 11	1	14	14C2 (19.7 cM)	M64239	100124392
Mus musculus	TRAJ12	F	Mus musculus T cell receptor alpha joining 12	2	14	14C2 (19.7 cM)	M64239	100124391
Mus musculus	TRAJ13	F	Mus musculus T cell receptor alpha joining 13	1	14	14C2 (19.7 cM)	M64239	100124390
Mus musculus	TRAJ14	P	Mus musculus T cell receptor alpha joining 14	1	14	14C2 (19.7 cM)	M64239	100124389
Mus musculus	TRAJ15	F	Mus musculus T cell receptor alpha joining 15	1	14	14C2 (19.7 cM)	M64239	100124388
Mus musculus	TRAJ16	F	Mus musculus T cell receptor alpha joining 16	1	14	14C2 (19.7 cM)	X03057	100124387
Mus musculus	TRAJ17	F	Mus musculus T cell receptor alpha joining 17	1	14	14C2 (19.7 cM)	M64239	100124372
Mus musculus	TRAJ18	F	Mus musculus T cell receptor alpha joining 18	1	14	14C2 (19.7 cM)	M64239	100124371
Mus musculus	TRAJ19	ORF	Mus musculus T cell receptor alpha joining 19	1	14	14C2 (19.7 cM)	M64239	100124370
Mus musculus	TRAJ2	F	Mus musculus T cell receptor alpha joining 2	2	14	14C2 (19.7 cM)	M64239	654838
Mus musculus	TRAJ20	P	Mus musculus T cell receptor alpha joining 20	1	14	14C2 (19.7 cM)	M64239	100124369
Mus musculus	TRAJ21	(F)  F	Mus musculus T cell receptor alpha joining 21	2	14	14C2 (19.7 cM)	M64239	100124368
Mus musculus	TRAJ22	F	Mus musculus T cell receptor alpha joining 22	1	14	14C2 (19.7 cM)	M64239	100124367
Mus musculus	TRAJ23	F	Mus musculus T cell receptor alpha joining 23	1	14	14C2 (19.7 cM)	M64239	100124366
Mus musculus	TRAJ24	F	Mus musculus T cell receptor alpha joining 24	2	14	14C2 (19.7 cM)	M64239	100124365
Mus musculus	TRAJ25	ORF	Mus musculus T cell receptor alpha joining 25	2	14	14C2 (19.7 cM)	M64239	100124364
Mus musculus	TRAJ26	F	Mus musculus T cell receptor alpha joining 26	1	14	14C2 (19.7 cM)	IMGT000082	100124363
Mus musculus	TRAJ27	F	Mus musculus T cell receptor alpha joining 27	1	14	14C2 (19.7 cM)	M64239	100124362
Mus musculus	TRAJ28	F	Mus musculus T cell receptor alpha joining 28	1	14	14C2 (19.7 cM)	X17177	100124361
Mus musculus	TRAJ29	ORF	Mus musculus T cell receptor alpha joining 29	1	14	14C2 (19.7 cM)	M64239	100124360
Mus musculus	TRAJ3	P	Mus musculus T cell receptor alpha joining 3	1	14	14C2 (19.7 cM)	M64239	100124399
Mus musculus	TRAJ30	F	Mus musculus T cell receptor alpha joining 30	1	14	14C2 (19.7 cM)	M64239	100124359
Mus musculus	TRAJ31	(F)  F	Mus musculus T cell receptor alpha joining 31	2	14	14C2 (19.7 cM)	M64239	100124358
Mus musculus	TRAJ32	(F)  F	Mus musculus T cell receptor alpha joining 32	2	14	14C2 (19.7 cM)	X02858	100124357
Mus musculus	TRAJ33	F	Mus musculus T cell receptor alpha joining 33	1	14	14C2 (19.7 cM)	M64239	100124356
Mus musculus	TRAJ34	F	Mus musculus T cell receptor alpha joining 34	2	14	14C2 (19.7 cM)	X02862	100124355
Mus musculus	TRAJ35	F	Mus musculus T cell receptor alpha joining 35	2	14	14C2 (19.7 cM)	X03056	100124354
Mus musculus	TRAJ36	P	Mus musculus T cell receptor alpha joining 36	1	14	14C2 (19.7 cM)	M64239	100124353
Mus musculus	TRAJ37	F	Mus musculus T cell receptor alpha joining 37	1	14	14C2 (19.7 cM)	M64239	100124352
Mus musculus	TRAJ38	F	Mus musculus T cell receptor alpha joining 38	1	14	14C2 (19.7 cM)	M64239	100124351
Mus musculus	TRAJ39	F	Mus musculus T cell receptor alpha joining 39	1	14	14C2 (19.7 cM)	M64239	100124349
Mus musculus	TRAJ4	F  P	Mus musculus T cell receptor alpha joining 4	2	14	14C2 (19.7 cM)	M64239	100124398
Mus musculus	TRAJ40	F	Mus musculus T cell receptor alpha joining 40	1	14	14C2 (19.7 cM)	X03058	100124348
Mus musculus	TRAJ41	ORF	Mus musculus T cell receptor alpha joining 41	1	14	14C2 (19.7 cM)	M64239	100124347
Mus musculus	TRAJ42	(F)  F	Mus musculus T cell receptor alpha joining 42	2	14	14C2 (19.7 cM)	M64239	100124346
Mus musculus	TRAJ43	(F)  F	Mus musculus T cell receptor alpha joining 43	2	14	14C2 (19.7 cM)	M64239	100124345
Mus musculus	TRAJ44	ORF	Mus musculus T cell receptor alpha joining 44	1	14	14C2 (19.7 cM)	M64239	100124344
Mus musculus	TRAJ45	(F)  F	Mus musculus T cell receptor alpha joining 45	2	14	14C2 (19.7 cM)	X02859	100124343
Mus musculus	TRAJ46	P	Mus musculus T cell receptor alpha joining 46	2	14	14C2 (19.7 cM)	M64239	100124342
Mus musculus	TRAJ47	F  ORF	Mus musculus T cell receptor alpha joining 47	2	14	14C2 (19.7 cM)	M64239	100124341
Mus musculus	TRAJ48	F	Mus musculus T cell receptor alpha joining 48	1	14	14C2 (19.7 cM)	M64239	100124340
Mus musculus	TRAJ49	F	Mus musculus T cell receptor alpha joining 49	1	14	14C2 (19.7 cM)	X03059	100124339
Mus musculus	TRAJ5	F	Mus musculus T cell receptor alpha joining 5	1	14	14C2 (19.7 cM)	M38105	654839
Mus musculus	TRAJ50	F	Mus musculus T cell receptor alpha joining 50	1	14	14C2 (19.7 cM)	M64239	100124338
Mus musculus	TRAJ51	P	Mus musculus T cell receptor alpha joining 51	2	14	14C2 (19.7 cM)	M64239	100124337
Mus musculus	TRAJ52	F	Mus musculus T cell receptor alpha joining 52	1	14	14C2 (19.7 cM)	M64239	100124336
Mus musculus	TRAJ53	F	Mus musculus T cell receptor alpha joining 53	1	14	14C2 (19.7 cM)	M64239	100124335
Mus musculus	TRAJ54	P	Mus musculus T cell receptor alpha joining 54	1	14	14C2 (19.7 cM)	M64239	100124333
Mus musculus	TRAJ55	P	Mus musculus T cell receptor alpha joining 55	1	14	14C2 (19.7 cM)	M64239	100124297
Mus musculus	TRAJ56	F	Mus musculus T cell receptor alpha joining 56	1	14	14C2 (19.7 cM)	M64239	100124296
Mus musculus	TRAJ57	F	Mus musculus T cell receptor alpha joining 57	1	14	14C2 (19.7 cM)	M64239	100124295
Mus musculus	TRAJ58	F	Mus musculus T cell receptor alpha joining 58	1	14	14C2 (19.7 cM)	M64239	100124294
Mus musculus	TRAJ59	P	Mus musculus T cell receptor alpha joining 59	1	14	14C2 (19.7 cM)	M64239	100124293
Mus musculus	TRAJ6	F	Mus musculus T cell receptor alpha joining 6	1	14	14C2 (19.7 cM)	M64239	100124397
Mus musculus	TRAJ60	P	Mus musculus T cell receptor alpha joining 60	1	14	14C2 (19.7 cM)	M64239	100124288
Mus musculus	TRAJ61	P	Mus musculus T cell receptor alpha joining 61	1	14	14C2 (19.7 cM)	M64239	100124287
Mus musculus	TRAJ7	ORF	Mus musculus T cell receptor alpha joining 7	1	14	14C2 (19.7 cM)	M64239	100124396
Mus musculus	TRAJ8	P	Mus musculus T cell receptor alpha joining 8	2	14	14C2 (19.7 cM)	M64239	100124395
Mus musculus	TRAJ9	F	Mus musculus T cell receptor alpha joining 9	2	14	14C2 (19.7 cM)	X03761	100124393
Mus musculus	TRAV1	F	Mus musculus T cell receptor alpha variable 1	2	14	14C2 (19.7 cM)	AF259072	627171
Mus musculus	TRAV10	(F)  (P)  F	Mus musculus T cell receptor alpha variable 10	5	14	14C2 (19.7 cM)	AC005240	667765
Mus musculus	TRAV10D	(P)  F	Mus musculus T cell receptor alpha variable 10D	3	14	14C2 (19.7 cM)	AC003994	100101486
Mus musculus	TRAV10N	F	Mus musculus T cell receptor alpha variable 10N	1	14	14C2 (19.7 cM)	AC163653	667626
Mus musculus	TRAV11	F	Mus musculus T cell receptor alpha variable 11	2	14	14C2 (19.7 cM)	AC005240	100126466
Mus musculus	TRAV11D	F  ORF	Mus musculus T cell receptor alpha variable 11D	2	14	14C2 (19.7 cM)	AC004101	640196
Mus musculus	TRAV11N	P	Mus musculus T cell receptor alpha variable 11N	1	14	14C2 (19.7 cM)	AC163653	100042560
Mus musculus	TRAV12-1	(F)  F  ORF	Mus musculus T cell receptor alpha variable 12D-1	6	14	14C2 (19.7 cM)	X06307	630086
Mus musculus	TRAV12-2	F	Mus musculus T cell receptor alpha variable 12-2	2	14	14C2 (19.7 cM)	AC003997	100043322
Mus musculus	TRAV12-3	(F)  F	Mus musculus T cell receptor alpha variable 12-3	5	14	14C2 (19.7 cM)	AC003997	654836
Mus musculus	TRAV12-4	P	Mus musculus T cell receptor alpha variable 12-4	3	14	14C2 (19.7 cM)	AC005938	100101936
Mus musculus	TRAV12D-1	(F)  F	Mus musculus T cell receptor alpha variable 12D-1	6	14	14C2 (19.7 cM)	X06308	100043177
Mus musculus	TRAV12D-2	(F)  F	Mus musculus T cell receptor alpha variable 12D-2	5	14	14C2 (19.7 cM)	X04332	100043197
Mus musculus	TRAV12D-3	(F)  (ORF)  F	Mus musculus T cell receptor alpha variable 12D-3	4	14	14C2 (19.7 cM)	U90514	667542
Mus musculus	TRAV12N-1	F	Mus musculus T cell receptor alpha variable 12N-1	1	14	14C2 (19.7 cM)	AC188458	100043218
Mus musculus	TRAV12N-2	F	Mus musculus T cell receptor alpha variable 12N-2	1	14	14C2 (19.7 cM)	AC188458	100043270
Mus musculus	TRAV12N-3	F	Mus musculus T cell receptor alpha variable 12N-3	1	14	14C2 (19.7 cM)	AC161460	667681
Mus musculus	TRAV13-1	F	Mus musculus T cell receptor alpha variable 13-1	2	14	14C2 (19.7 cM)	AC004406	100126469
Mus musculus	TRAV13-2	(F)  F	Mus musculus T cell receptor alpha variable 13-2	3	14	14C2 (19.7 cM)	AC003997	638566
Mus musculus	TRAV13-3	F  ORF  P	Mus musculus T cell receptor alpha variable 13-3	3	14	14C2 (19.7 cM)	AC003995	432910
Mus musculus	TRAV13-4/DV7	(F)  F	Mus musculus T cell receptor alpha variable 13-4/DV7	3	14	14C2 (19.7 cM)	AC003996	100113412
Mus musculus	TRAV13-5	F	Mus musculus T cell receptor alpha variable 13-5	1	14	14C2 (19.7 cM)	AC005938	219060
Mus musculus	TRAV13D-1	(F)  F	Mus musculus T cell receptor alpha variable 13D-1	4	14	14C2 (19.7 cM)	AC005402	640931
Mus musculus	TRAV13D-2	(F)  F	Mus musculus T cell receptor alpha variable 13D-2	3	14	14C2 (19.7 cM)	X17178	667547
Mus musculus	TRAV13D-3	F	Mus musculus T cell receptor alpha variable 13D-3	2	14	14C2 (19.7 cM)	AC005855	667596
Mus musculus	TRAV13D-4	(F)  F	Mus musculus T cell receptor alpha variable 13D-4	3	14	14C2 (19.7 cM)	AC005855	639655
Mus musculus	TRAV13N-1	F	Mus musculus T cell receptor alpha variable 13N-1	1	14	14C2 (19.7 cM)	AC188458	100042568
Mus musculus	TRAV13N-2	F	Mus musculus T cell receptor alpha variable 13N-2	1	14	14C2 (19.7 cM)	AC161460	100042593
Mus musculus	TRAV13N-3	F	Mus musculus T cell receptor alpha variable 13N-3	1	14	14C2 (19.7 cM)	AC161460	547328
Mus musculus	TRAV13N-4	F	Mus musculus T cell receptor alpha variable 13N-4	1	14	14C2 (19.7 cM)	AC161460	100126460
Mus musculus	TRAV14-1	(F)  F	Mus musculus T cell receptor alpha variable 14-1	3	14	14C2 (19.7 cM)	L77149	436467
Mus musculus	TRAV14-2	F	Mus musculus T cell receptor alpha variable 14-2	3	14	14C2 (19.7 cM)	L77148	667567
Mus musculus	TRAV14-3	(F)  F	Mus musculus T cell receptor alpha variable 14-3	5	14	14C2 (19.7 cM)	L77154	547330
Mus musculus	TRAV14D-1	F  ORF	Mus musculus T cell receptor alpha variable 14D-1	2	14	14C2 (19.7 cM)	L77150	630415
Mus musculus	TRAV14D-2	(F)  F	Mus musculus T cell receptor alpha variable 14D-2	3	14	14C2 (19.7 cM)	U04312	100043214
Mus musculus	TRAV14D-3/DV8	(F)  F	Mus musculus T cell receptor alpha variable 14D-3/DV8	8	14	14C2 (19.7 cM)	L77152	634322
Mus musculus	TRAV14N-1	F	Mus musculus T cell receptor alpha variable 14N-1	1	14	14C2 (19.7 cM)	AC188458	100043204
Mus musculus	TRAV14N-2	F	Mus musculus T cell receptor alpha variable 14N-2	1	14	14C2 (19.7 cM)	AC161460	193574
Mus musculus	TRAV14N-3	F	Mus musculus T cell receptor alpha variable 14N-3	1	14	14C2 (19.7 cM)	AC161460	100043308
Mus musculus	TRAV15-1/DV6-1	(F)  F	Mus musculus T cell receptor alpha variable 15-1/DV6-1	2	14	14C2 (19.7 cM)	AC004406	386446
Mus musculus	TRAV15-2/DV6-2	F	Mus musculus T cell receptor alpha variable 15-2/DV6-2	2	14	14C2 (19.7 cM)	AC003997	436545
Mus musculus	TRAV15-3	P	Mus musculus T cell receptor alpha variable 15-3	2	14	14C2 (19.7 cM)	AC003996	100113411
Mus musculus	TRAV15D-1/DV6D-1	(F)  F	Mus musculus T cell receptor alpha variable 15D-1/DV6D-1	7	14	14C2 (19.7 cM)	X07878	436468
Mus musculus	TRAV15D-2/DV6D-2	(F)  F	Mus musculus T cell receptor alpha variable 15D-2/DV6D-2	5	14	14C2 (19.7 cM)	AC005402	100101491
Mus musculus	TRAV15D-3	P	Mus musculus T cell receptor alpha variable 15D-3	2	14	14C2 (19.7 cM)	AC004407	100101934
Mus musculus	TRAV15N-1	F	Mus musculus T cell receptor alpha variable 15N-1	1	14	14C2 (19.7 cM)	AC188458	100126452
Mus musculus	TRAV15N-2	F	Mus musculus T cell receptor alpha variable 15N-2	1	14	14C2 (19.7 cM)	AC161460	547424
Mus musculus	TRAV15N-3	P	Mus musculus T cell receptor alpha variable 15N-3	1	14	14C2 (19.7 cM)	AC122813	100126461
Mus musculus	TRAV16	(F)  F	Mus musculus T cell receptor alpha variable 16	6	14	14C2 (19.7 cM)	AC004096	195297
Mus musculus	TRAV16D/DV11	(F)  F	Mus musculus T cell receptor alpha variable 16D/DV11	4	14	14C2 (19.7 cM)	AC005855	547329
Mus musculus	TRAV16N	F	Mus musculus T cell receptor alpha variable 16N	1	14	14C2 (19.7 cM)	AC161460	100126459
Mus musculus	TRAV17	F	Mus musculus T cell receptor alpha variable 17	2	14	14C2 (19.7 cM)	AC005938	627777
Mus musculus	TRAV18	ORF	Mus musculus T cell receptor alpha variable 18	2	14	14C2 (19.7 cM)	AC005938	547427
Mus musculus	TRAV19	F  P	Mus musculus T cell receptor alpha variable 19	3	14	14C2 (19.7 cM)	AE007512	547428
Mus musculus	TRAV2	F	Mus musculus T cell receptor alpha variable 2	1	14	14C2 (19.7 cM)	AF259071	100042372
Mus musculus	TRAV20	(P)  P	Mus musculus T cell receptor alpha variable 20	2	14	14C2 (19.7 cM)	M94080	100101939
Mus musculus	TRAV21/DV12	(F)  F  ORF	Mus musculus T cell receptor alpha variable 21/DV12	3	14	14C2 (19.7 cM)	M94080	100101940
Mus musculus	TRAV22	P	Mus musculus T cell receptor alpha variable 22	2	14	14C2 (19.7 cM)	AC004399	100101941
Mus musculus	TRAV23	P	Mus musculus T cell receptor alpha variable 23	2	14	14C2 (19.7 cM)	AC003993	100113481
Mus musculus	TRAV3-1	(F)  F	Mus musculus T cell receptor alpha variable 3-1	3	14	14C2 (19.7 cM)	AF259071	667441
Mus musculus	TRAV3-2	P	Mus musculus T cell receptor alpha variable 3-2	2	14	14C2 (19.7 cM)	AC003997	100126470
Mus musculus	TRAV3-3	F	Mus musculus T cell receptor alpha variable 3-3	1	14	14C2 (19.7 cM)	AC003997	320898
Mus musculus	TRAV3-4	F	Mus musculus T cell receptor alpha variable 3-4	2	14	14C2 (19.7 cM)	AC003996	211027
Mus musculus	TRAV3D-2	P	Mus musculus T cell receptor alpha variable 3D-2	2	14	14C2 (19.7 cM)	AC005402	100042470
Mus musculus	TRAV3D-3	F	Mus musculus T cell receptor alpha variable 3D-3	2	14	14C2 (19.7 cM)	AC005402	100043202
Mus musculus	TRAV3N-2	P	Mus musculus T cell receptor alpha variable 3N-2	1	14	14C2 (19.7 cM)	AC188458	100042574
Mus musculus	TRAV3N-3	F	Mus musculus T cell receptor alpha variable 3N-3	1	14	14C2 (19.7 cM)	AC161460	100043282
Mus musculus	TRAV4-1	P	Mus musculus T cell receptor alpha variable 4-1	2	14	14C2 (19.7 cM)	AF259071	100042384
Mus musculus	TRAV4-2	F	Mus musculus T cell receptor alpha variable 4-2	2	14	14C2 (19.7 cM)	AC004407	100126462
Mus musculus	TRAV4-3	(F)  F	Mus musculus T cell receptor alpha variable 4-3	3	14	14C2 (19.7 cM)	AC003997	100126471
Mus musculus	TRAV4-4/DV10	F	Mus musculus T cell receptor alpha variable 4-4/DV10	2	14	14C2 (19.7 cM)	AC004102	100113414
Mus musculus	TRAV4D-2	P	Mus musculus T cell receptor alpha variable 4D-2	2	14	14C2 (19.7 cM)	AF259073	546612
Mus musculus	TRAV4D-3	(F)  F	Mus musculus T cell receptor alpha variable 4D-3	6	14	14C2 (19.7 cM)	AC005402	100042479
Mus musculus	TRAV4D-4	(F)  F	Mus musculus T cell receptor alpha variable 4D-4	5	14	14C2 (19.7 cM)	AC005855	195296
Mus musculus	TRAV4N-3	F	Mus musculus T cell receptor alpha variable 4N-3	1	14	14C2 (19.7 cM)	AC188458	100042579
Mus musculus	TRAV4N-4	F	Mus musculus T cell receptor alpha variable 4N-4	1	14	14C2 (19.7 cM)	AC161460	100042607
Mus musculus	TRAV5-1	F	Mus musculus T cell receptor alpha variable 5-1	2	14	14C2 (19.7 cM)	AF259071	633740
Mus musculus	TRAV5-2	P	Mus musculus T cell receptor alpha variable 5-2	2	14	14C2 (19.7 cM)	AC003997	100126472
Mus musculus	TRAV5-3	P	Mus musculus T cell receptor alpha variable 5-3	1	14	14C2 (19.7 cM)	AC003997	100126589
Mus musculus	TRAV5-4	F	Mus musculus T cell receptor alpha variable 5-4	2	14	14C2 (19.7 cM)	AC003995	21507
Mus musculus	TRAV5D-2	P	Mus musculus T cell receptor alpha variable 5D-2	2	14	14C2 (19.7 cM)	AC005402	100101488
Mus musculus	TRAV5D-3	P	Mus musculus T cell receptor alpha variable 5D-3	2	14	14C2 (19.7 cM)	AC005402	100101489
Mus musculus	TRAV5D-4	(F)  F  ORF	Mus musculus T cell receptor alpha variable 5D-4	5	14	14C2 (19.7 cM)	AC005855	667583
Mus musculus	TRAV5N-2	P	Mus musculus T cell receptor alpha variable 5N-2	1	14	14C2 (19.7 cM)	AC188458	100126454
Mus musculus	TRAV5N-3	P	Mus musculus T cell receptor alpha variable 5N-3	1	14	14C2 (19.7 cM)	AC161460	100126455
Mus musculus	TRAV5N-4	F	Mus musculus T cell receptor alpha variable 5N-4	1	14	14C2 (19.7 cM)	AC161460	100042614
Mus musculus	TRAV6-1	(F)  F	Mus musculus T cell receptor alpha variable 6-1	3	14	14C2 (19.7 cM)	AF259071	667449
Mus musculus	TRAV6-2	(F)  F	Mus musculus T cell receptor alpha variable 6-2	3	14	14C2 (19.7 cM)	AF259071	436539
Mus musculus	TRAV6-3	F	Mus musculus T cell receptor alpha variable 6-3	2	14	14C2 (19.7 cM)	AC004407	328483
Mus musculus	TRAV6-4	(F)  F	Mus musculus T cell receptor alpha variable 6-4	3	14	14C2 (19.7 cM)	AC004407	100126463
Mus musculus	TRAV6-5	(F)  F	Mus musculus T cell receptor alpha variable 6-5	4	14	14C2 (19.7 cM)	AC004405	100126464
Mus musculus	TRAV6-6	(F)  F	Mus musculus T cell receptor alpha variable 6-6	4	14	14C2 (19.7 cM)	AC005240	100126465
Mus musculus	TRAV6-7/DV9	(F)  (P)  F	Mus musculus T cell receptor alpha variable 6-7/DV9	8	14	14C2 (19.7 cM)	AC003995	100113413
Mus musculus	TRAV6D-3	(F)  F	Mus musculus T cell receptor alpha variable 6D-3	3	14	14C2 (19.7 cM)	AF259073	627394
Mus musculus	TRAV6D-4	F	Mus musculus T cell receptor alpha variable 6D-4	1	14	14C2 (19.7 cM)	AC005403	277146
Mus musculus	TRAV6D-5	F	Mus musculus T cell receptor alpha variable 6D-5	2	14	14C2 (19.7 cM)	AC003994	667481
Mus musculus	TRAV6D-6	(F)  F	Mus musculus T cell receptor alpha variable 6D-6	5	14	14C2 (19.7 cM)	AC004101	100042444
Mus musculus	TRAV6D-7	(F)  F	Mus musculus T cell receptor alpha variable 6D-7	4	14	14C2 (19.7 cM)	AC005855	385047
Mus musculus	TRAV6N-5	F	Mus musculus T cell receptor alpha variable 6N-5	1	14	14C2 (19.7 cM)	AC163653	100126451
Mus musculus	TRAV6N-6	F	Mus musculus T cell receptor alpha variable 6N-6	1	14	14C2 (19.7 cM)	AC163653	620297
Mus musculus	TRAV6N-7	F	Mus musculus T cell receptor alpha variable 6N-7	1	14	14C2 (19.7 cM)	AC161460	100126456
Mus musculus	TRAV7-1	F	Mus musculus T cell receptor alpha variable 7-1	2	14	14C2 (19.7 cM)	AF259071	671652
Mus musculus	TRAV7-2	F	Mus musculus T cell receptor alpha variable 7-2	2	14	14C2 (19.7 cM)	AC004407	634132
Mus musculus	TRAV7-3	(F)  F	Mus musculus T cell receptor alpha variable 7-3	4	14	14C2 (19.7 cM)	AC004407	547420
Mus musculus	TRAV7-4	F	Mus musculus T cell receptor alpha variable 7-4	2	14	14C2 (19.7 cM)	AC004407	386450
Mus musculus	TRAV7-5	(F)  F	Mus musculus T cell receptor alpha variable 7-5	3	14	14C2 (19.7 cM)	AC004406	630061
Mus musculus	TRAV7-6	F	Mus musculus T cell receptor alpha variable 7-6	2	14	14C2 (19.7 cM)	AC003995	213480
Mus musculus	TRAV7D-2	(F)  F	Mus musculus T cell receptor alpha variable 7D-2	3	14	14C2 (19.7 cM)	AF259071	100042410
Mus musculus	TRAV7D-3	(F)  F	Mus musculus T cell receptor alpha variable 7D-3	3	14	14C2 (19.7 cM)	X02833	100042419
Mus musculus	TRAV7D-4	(F)  F	Mus musculus T cell receptor alpha variable 7D-4	3	14	14C2 (19.7 cM)	X56723	382180
Mus musculus	TRAV7D-5	F	Mus musculus T cell receptor alpha variable 7D-5	2	14	14C2 (19.7 cM)	AC004101	627273
Mus musculus	TRAV7D-6	F	Mus musculus T cell receptor alpha variable 7D-6	2	14	14C2 (19.7 cM)	AC005855	320734
Mus musculus	TRAV7N-4	F	Mus musculus T cell receptor alpha variable 7N-4	1	14	14C2 (19.7 cM)	AC163653	636127
Mus musculus	TRAV7N-5	F	Mus musculus T cell receptor alpha variable 7N-5	1	14	14C2 (19.7 cM)	AC163653	667635
Mus musculus	TRAV7N-6	F	Mus musculus T cell receptor alpha variable 7N-6	1	14	14C2 (19.7 cM)	AC161460	100126457
Mus musculus	TRAV8-1	(F)  F	Mus musculus T cell receptor alpha variable 8-1	3	14	14C2 (19.7 cM)	AC004407	674098
Mus musculus	TRAV8-2	F  P	Mus musculus T cell receptor alpha variable 8-2	2	14	14C2 (19.7 cM)	AC004096	193587
Mus musculus	TRAV8D-1	(F)  F	Mus musculus T cell receptor alpha variable 8D-1	2	14	14C2 (19.7 cM)	AC003994	667476
Mus musculus	TRAV8D-2	(F)  F	Mus musculus T cell receptor alpha variable 8D-2	3	14	14C2 (19.7 cM)	AC005855	667604
Mus musculus	TRAV8N-2	F	Mus musculus T cell receptor alpha variable 8N-2	1	14	14C2 (19.7 cM)	AC161460	100126458
Mus musculus	TRAV9-1	F	Mus musculus T cell receptor alpha variable 9-1	2	14	14C2 (19.7 cM)	AC004405	627324
Mus musculus	TRAV9-2	F	Mus musculus T cell receptor alpha variable 9-2	2	14	14C2 (19.7 cM)	U26917	436479
Mus musculus	TRAV9-3	(F)  F	Mus musculus T cell receptor alpha variable 9-3	3	14	14C2 (19.7 cM)	U31878	100126588
Mus musculus	TRAV9-4	F	Mus musculus T cell receptor alpha variable 9-4	2	14	14C2 (19.7 cM)	X02857	630461
Mus musculus	TRAV9D-1	(F)  F	Mus musculus T cell receptor alpha variable 9D-1	3	14	14C2 (19.7 cM)	AC003994	671927
Mus musculus	TRAV9D-2	(F)  (P)  F  ORF	Mus musculus T cell receptor alpha variable 9D-2	5	14	14C2 (19.7 cM)	U31877	328482
Mus musculus	TRAV9D-3	(F)  F	Mus musculus T cell receptor alpha variable 9D-3	3	14	14C2 (19.7 cM)	AC005402	100038850
Mus musculus	TRAV9D-4	(F)  F  P	Mus musculus T cell receptor alpha variable 9D-4	4	14	14C2 (19.7 cM)	AC005855	667574
Mus musculus	TRAV9N-1	P	Mus musculus T cell receptor alpha variable 9N-1	1	14	14C2 (19.7 cM)	AC163653	279872
Mus musculus	TRAV9N-2	F	Mus musculus T cell receptor alpha variable 9N-2	1	14	14C2 (19.7 cM)	AC188458	667660
Mus musculus	TRAV9N-3	F	Mus musculus T cell receptor alpha variable 9N-3	1	14	14C2 (19.7 cM)	AC188458	100043274
Mus musculus	TRAV9N-4	F	Mus musculus T cell receptor alpha variable 9N-4	1	14	14C2 (19.7 cM)	AC161460	279882
Mus musculus	TRBC1	F	Mus musculus T cell receptor beta constant 1	1	6	6B1 (20.5 cM)	IMGT000132	100125262
Mus musculus	TRBC2	F	Mus musculus T cell receptor beta constant 2	3	6	6B1 (20.5 cM)	M26060;M26058;M26059;M26057	100125263
Mus musculus	TRBD1	F	Mus musculus T cell receptor beta diversity 1	1	6	6B1 (20.5 cM)	X00933	100125246
Mus musculus	TRBD2	F	Mus musculus T cell receptor beta diversity 2	1	6	6B1 (20.5 cM)	X00934	100125247
Mus musculus	TRBJ1-1	(F)  F	Mus musculus T cell receptor beta joining 1-1	2	6	6B1 (20.5 cM)	X01018	100125248
Mus musculus	TRBJ1-2	F	Mus musculus T cell receptor beta joining 1-2	1	6	6B1 (20.5 cM)	X01018	100125249
Mus musculus	TRBJ1-3	F	Mus musculus T cell receptor beta joining 1-3	1	6	6B1 (20.5 cM)	X01018	100125250
Mus musculus	TRBJ1-4	F	Mus musculus T cell receptor beta joining 1-4	2	6	6B1 (20.5 cM)	X01018	100125251
Mus musculus	TRBJ1-5	F	Mus musculus T cell receptor beta joining 1-5	3	6	6B1 (20.5 cM)	AE000665	100125252
Mus musculus	TRBJ1-6	ORF	Mus musculus T cell receptor beta joining 1-6	1	6	6B1 (20.5 cM)	X01018	100125253
Mus musculus	TRBJ1-7	ORF	Mus musculus T cell receptor beta joining 1-7	1	6	6B1 (20.5 cM)	X01018	100125254
Mus musculus	TRBJ2-1	F	Mus musculus T cell receptor beta joining 2-1	1	6	6B1 (20.5 cM)	K02802	100125255
Mus musculus	TRBJ2-2	F	Mus musculus T cell receptor beta joining 2-2	1	6	6B1 (20.5 cM)	K02802	100125256
Mus musculus	TRBJ2-3	F	Mus musculus T cell receptor beta joining 2-3	1	6	6B1 (20.5 cM)	K02802	100125257
Mus musculus	TRBJ2-4	F	Mus musculus T cell receptor beta joining 2-4	1	6	6B1 (20.5 cM)	K02802	100125258
Mus musculus	TRBJ2-5	F	Mus musculus T cell receptor beta joining 2-5	1	6	6B1 (20.5 cM)	K02802	100125259
Mus musculus	TRBJ2-6	P	Mus musculus T cell receptor beta joining 2-6	1	6	6B1 (20.5 cM)	K02802	100125260
Mus musculus	TRBJ2-7	(F)  F	Mus musculus T cell receptor beta joining 2-7	2	6	6B1 (20.5 cM)	K02802	100125261
Mus musculus	TRBV1	(F)  F	Mus musculus T cell receptor beta variable 1	2	6	6B1 (20.5 cM)	AE000663	621968
Mus musculus	TRBV10	P	Mus musculus T cell receptor beta variable 10	1	6	6B1 (20.5 cM)	X16694	100124670
Mus musculus	TRBV11	P	Mus musculus T cell receptor beta variable 11	1	6	6B1 (20.5 cM)	AE000663	100124671
Mus musculus	TRBV12-1	(F)  F	Mus musculus T cell receptor beta variable 12-1	2	6	6B1 (20.5 cM)	M15614	100124672
Mus musculus	TRBV12-2	(F)  F	Mus musculus T cell receptor beta variable 12-2	2	6	6B1 (20.5 cM)	M15613	100124674
Mus musculus	TRBV12-3	P	Mus musculus T cell receptor beta variable 12-3	1	6	6B1 (20.5 cM)	M15615	100124676
Mus musculus	TRBV13-1	F	Mus musculus T cell receptor beta variable 13-1	2	6	6B1 (20.5 cM)	M15618	100124673
Mus musculus	TRBV13-2	(F)  F	Mus musculus T cell receptor beta variable 13-2	5	6	6B1 (20.5 cM)	M15617	100124675
Mus musculus	TRBV13-3	F	Mus musculus T cell receptor beta variable 13-3	1	6	6B1 (20.5 cM)	M15616	100124677
Mus musculus	TRBV14	F	Mus musculus T cell receptor beta variable 14	1	6	6B1 (20.5 cM)	AE000664	100124678
Mus musculus	TRBV15	F	Mus musculus T cell receptor beta variable 15	1	6	6B1 (20.5 cM)	AE000664	100124679
Mus musculus	TRBV16	(F)  F	Mus musculus T cell receptor beta variable 16	4	6	6B1 (20.5 cM)	L29434	100124680
Mus musculus	TRBV17	F	Mus musculus T cell receptor beta variable 17	1	6	6B1 (20.5 cM)	AE000664	100124681
Mus musculus	TRBV18	P	Mus musculus T cell receptor beta variable 18	1	6	6B1 (20.5 cM)	X16692	100124682
Mus musculus	TRBV19	(F)  F	Mus musculus T cell receptor beta variable 19	3	6	6B1 (20.5 cM)	AE000664	100124684
Mus musculus	TRBV2	F	Mus musculus T cell receptor beta variable 2	1	6	6B1 (20.5 cM)	AE000663	100124659
Mus musculus	TRBV20	(F)  F	Mus musculus T cell receptor beta variable 20	2	6	6B1 (20.5 cM)	AE000664	100124685
Mus musculus	TRBV21	ORF	Mus musculus T cell receptor beta variable 21	1	6	6B1 (20.5 cM)	X16691	100124686
Mus musculus	TRBV22	P	Mus musculus T cell receptor beta variable 22	1	6	6B1 (20.5 cM)	X16690	100124687
Mus musculus	TRBV23	F	Mus musculus T cell receptor beta variable 23	1	6	6B1 (20.5 cM)	AE000664	100124688
Mus musculus	TRBV24	(F)  (ORF)  F  P	Mus musculus T cell receptor beta variable 24	4	6	6B1 (20.5 cM)	M61184	100124689
Mus musculus	TRBV25	P	Mus musculus T cell receptor beta variable 25	1	6	6B1 (20.5 cM)	X16689	100124690
Mus musculus	TRBV26	(F)  F	Mus musculus T cell receptor beta variable 26	2	6	6B1 (20.5 cM)	K02548	110315
Mus musculus	TRBV27	P	Mus musculus T cell receptor beta variable 27	1	6	6B1 (20.5 cM)	AE000664	100124693
Mus musculus	TRBV28	P	Mus musculus T cell receptor beta variable 28	1	6	6B1 (20.5 cM)	AE000664	100124694
Mus musculus	TRBV29	(F)  F	Mus musculus T cell receptor beta variable 29	2	6	6B1 (20.5 cM)	AE000664	100124698
Mus musculus	TRBV3	(F)  F	Mus musculus T cell receptor beta variable 3	2	6	6B1 (20.5 cM)	AE000663	100039790
Mus musculus	TRBV30	F	Mus musculus T cell receptor beta variable 30	1	6	6B1 (20.5 cM)	X16695	100124699
Mus musculus	TRBV31	(F)  F	Mus musculus T cell receptor beta variable 31	2	6	6B1 (20.5 cM)	X03277	269846
Mus musculus	TRBV4	(F)  F	Mus musculus T cell receptor beta variable 4	2	6	6B1 (20.5 cM)	X56725	100124660
Mus musculus	TRBV5	(F)  F	Mus musculus T cell receptor beta variable 5	5	6	6B1 (20.5 cM)	AE000663	100124661
Mus musculus	TRBV6	P	Mus musculus T cell receptor beta variable 6	1	6	6B1 (20.5 cM)	AE000663	100124662
Mus musculus	TRBV7	P	Mus musculus T cell receptor beta variable 7	1	6	6B1 (20.5 cM)	AE000663	100124663
Mus musculus	TRBV8	P	Mus musculus T cell receptor beta variable 8	1	6	6B1 (20.5 cM)	AE000663	100124664
Mus musculus	TRBV9	P	Mus musculus T cell receptor beta variable 9	1	6	6B1 (20.5 cM)	X16693	100124665
Mus musculus	TRDC	F	Mus musculus T cell receptor delta constant	1	14	14C2 (19.7 cM)	M23381;L36135;L36134;L36133	100123473
Mus musculus	TRDD1	F	Mus musculus T cell receptor delta diversity 1	2	14	14C2 (19.7 cM)	X64900	100114902
Mus musculus	TRDD2	F	Mus musculus T cell receptor delta diversity 2	1	14	14C2 (19.7 cM)	X64901	100114904
Mus musculus	TRDJ1	F	Mus musculus T cell receptor delta joining 1	1	14	14C2 (19.7 cM)	AF019412	100115376
Mus musculus	TRDJ2	F	Mus musculus T cell receptor delta joining 2	2	14	14C2 (19.7 cM)	X64903	100118398
Mus musculus	TRDV1	F	Mus musculus T cell receptor delta variable 1	2	14	14C2 (19.7 cM)	M94080	627813
Mus musculus	TRDV2-1	F	Mus musculus T cell receptor delta variable 2-1	2	14	14C2 (19.7 cM)	AC003993	100101942
Mus musculus	TRDV2-2	F  [F]	Mus musculus T cell receptor delta variable 2-2	2	14	14C2 (19.7 cM)	AC003993	320913
Mus musculus	TRDV3	P	Mus musculus T cell receptor delta variable 3	2	14	14C2 (19.7 cM)	AC005835	100114900
Mus musculus	TRDV4	F	Mus musculus T cell receptor delta variable 4	1	14	14C2 (19.7 cM)	AC003057	100114901
Mus musculus	TRDV5	(F)  F	Mus musculus T cell receptor delta variable 3	4	14	14C2 (19.7 cM)	M23382	626545
Mus musculus	TRGC1	F	Mus musculus T cell receptor gamma constant 1	2	13	13A2 (10.0 cM)	M13340;M13341;M13342	107573
Mus musculus	TRGC2	F	Mus musculus T cell receptor gamma constant 2	2	13	13A2 (10.0 cM)	M12836;M12835;M12834	107574
Mus musculus	TRGC3	ORF  P	Mus musculus T cell receptor gamma constant 3	3	13	13A2 (10.0 cM)	M12839;M12838;M12837	107575
Mus musculus	TRGC4	F	Mus musculus T cell receptor gamma constant 4	2	13	13A2 (10.0 cM)	L02340;L02341;AF021335	107576
Mus musculus	TRGJ1	F	Mus musculus T cell receptor gamma joining 1	1	13	13A2 (10.0 cM)	M12830	100126431
Mus musculus	TRGJ2	F	Mus musculus T cell receptor gamma joining 2	1	13	13A2 (10.0 cM)	M12829	100126433
Mus musculus	TRGJ3	F	Mus musculus T cell receptor gamma joining 3	1	13	13A2 (10.0 cM)	AF037352	100126432
Mus musculus	TRGJ4	F	Mus musculus T cell receptor gamma joining 4	1	13	13A2 (10.0 cM)	X05502	100126434
Mus musculus	TRGV1	(F)  F	Mus musculus T cell receptor gamma variable 1	8	13	13A2 (10.0 cM)	M12832	21632
Mus musculus	TRGV2	(F)  F  [F]	Mus musculus T cell receptor gamma variable 2	5	13	13A2 (10.0 cM)	M12831	21636
Mus musculus	TRGV3	F  [F]	Mus musculus T cell receptor gamma variable 3	3	13	13A2 (10.0 cM)	AF037352	21637
Mus musculus	TRGV4	(F)  F	Mus musculus T cell receptor gamma variable 4	5	13	13A2 (10.0 cM)	AF037352	21638
Mus musculus	TRGV5	F	Mus musculus T cell receptor gamma variable 5	1	13	13A2 (10.0 cM)	AF037352	21639
Mus musculus	TRGV6	(F)  F	Mus musculus T cell receptor gamma variable 6	4	13	13A2 (10.0 cM)	D29793	21640
Mus musculus	TRGV7	F	Mus musculus T cell receptor gamma variable 7	2	13	13A2 (10.0 cM)	D29794	21641
Mus musculus	TRGVA	P	Mus musculus T cell receptor gamma variable A	2	13	13A2 (10.0 cM)	IMGT000133	-
Mus pahari	TRBC1	P	Mus pahari T cell receptor beta constant 1	1	-	-	M28600	-
Mus pahari	TRBC2	F	Mus pahari T cell receptor beta constant 2	1	-	-	M28601	-
Mus spretus	TRBC1	F	Mus spretus T cell receptor beta constant 1	1	-	-	M28759;M28765;M28763;M28761	-
Mus spretus	TRBC2	F	Mus spretus T cell receptor beta constant 2	1	-	-	M28766;M28764;M28762;M28760	-
Mustela putorius furo	TRAC	F	Mustela putorius furo T cell receptor alpha constant	1			BK068537	-
Mustela putorius furo	TRAJ1	F	Mustela putorius furo T cell receptor alpha joining 1	1			BK068537	-
Mustela putorius furo	TRAJ10	ORF	Mustela putorius furo T cell receptor alpha joining 10	1			BK068537	-
Mustela putorius furo	TRAJ11	ORF	Mustela putorius furo T cell receptor alpha joining 11	1			BK068537	-
Mustela putorius furo	TRAJ12	F	Mustela putorius furo T cell receptor alpha joining 12	1			BK068537	-
Mustela putorius furo	TRAJ13	ORF	Mustela putorius furo T cell receptor alpha joining 13	1			BK068537	-
Mustela putorius furo	TRAJ14	P	Mustela putorius furo T cell receptor alpha joining 14	1			BK068537	-
Mustela putorius furo	TRAJ15	F	Mustela putorius furo T cell receptor alpha joining 15	1			BK068537	-
Mustela putorius furo	TRAJ16	F	Mustela putorius furo T cell receptor alpha joining 16	1			BK068537	-
Mustela putorius furo	TRAJ17	ORF	Mustela putorius furo T cell receptor alpha joining 17	1			BK068537	-
Mustela putorius furo	TRAJ18	F	Mustela putorius furo T cell receptor alpha joining 18	1			BK068537	-
Mustela putorius furo	TRAJ19	ORF	Mustela putorius furo T cell receptor alpha joining 19	1			BK068537	-
Mustela putorius furo	TRAJ2	F	Mustela putorius furo T cell receptor alpha joining 2	1			BK068537	-
Mustela putorius furo	TRAJ20	F	Mustela putorius furo T cell receptor alpha joining 20	1			BK068537	-
Mustela putorius furo	TRAJ21	F	Mustela putorius furo T cell receptor alpha joining 21	1			BK068537	-
Mustela putorius furo	TRAJ22	F	Mustela putorius furo T cell receptor alpha joining 22	1			BK068537	-
Mustela putorius furo	TRAJ23	F	Mustela putorius furo T cell receptor alpha joining 23	1			BK068537	-
Mustela putorius furo	TRAJ24	ORF	Mustela putorius furo T cell receptor alpha joining 24	1			BK068537	-
Mustela putorius furo	TRAJ25	F	Mustela putorius furo T cell receptor alpha joining 25	1			BK068537	-
Mustela putorius furo	TRAJ26	F	Mustela putorius furo T cell receptor alpha joining 26	1			BK068537	-
Mustela putorius furo	TRAJ27	F	Mustela putorius furo T cell receptor alpha joining 27	1			BK068537	-
Mustela putorius furo	TRAJ28	F	Mustela putorius furo T cell receptor alpha joining 28	1			BK068537	-
Mustela putorius furo	TRAJ29	F	Mustela putorius furo T cell receptor alpha joining 29	1			BK068537	-
Mustela putorius furo	TRAJ3	P	Mustela putorius furo T cell receptor alpha joining 3	1			BK068537	-
Mustela putorius furo	TRAJ30	F	Mustela putorius furo T cell receptor alpha joining 30	1			BK068537	-
Mustela putorius furo	TRAJ31	F	Mustela putorius furo T cell receptor alpha joining 31	1			BK068537	-
Mustela putorius furo	TRAJ32	ORF	Mustela putorius furo T cell receptor alpha joining 32	1			BK068537	-
Mustela putorius furo	TRAJ33	ORF	Mustela putorius furo T cell receptor alpha joining 33	1			BK068537	-
Mustela putorius furo	TRAJ34	F	Mustela putorius furo T cell receptor alpha joining 34	1			BK068537	-
Mustela putorius furo	TRAJ35	F	Mustela putorius furo T cell receptor alpha joining 35	1			BK068537	-
Mustela putorius furo	TRAJ36	F	Mustela putorius furo T cell receptor alpha joining 36	1			BK068537	-
Mustela putorius furo	TRAJ37	ORF	Mustela putorius furo T cell receptor alpha joining 37	1			BK068537	-
Mustela putorius furo	TRAJ38	F	Mustela putorius furo T cell receptor alpha joining 38	1			BK068537	-
Mustela putorius furo	TRAJ39	F	Mustela putorius furo T cell receptor alpha joining 39	1			BK068537	-
Mustela putorius furo	TRAJ4	F	Mustela putorius furo T cell receptor alpha joining 4	1			BK068537	-
Mustela putorius furo	TRAJ40	F	Mustela putorius furo T cell receptor alpha joining 40	1			BK068537	-
Mustela putorius furo	TRAJ41	F	Mustela putorius furo T cell receptor alpha joining 41	1			BK068537	-
Mustela putorius furo	TRAJ42	F	Mustela putorius furo T cell receptor alpha joining 42	1			BK068537	-
Mustela putorius furo	TRAJ43	F	Mustela putorius furo T cell receptor alpha joining 43	1			BK068537	-
Mustela putorius furo	TRAJ44	P	Mustela putorius furo T cell receptor alpha joining 44	1			BK068537	-
Mustela putorius furo	TRAJ45	ORF	Mustela putorius furo T cell receptor alpha joining 45	1			BK068537	-
Mustela putorius furo	TRAJ46	F	Mustela putorius furo T cell receptor alpha joining 46	1			BK068537	-
Mustela putorius furo	TRAJ47	ORF	Mustela putorius furo T cell receptor alpha joining 47	1			BK068537	-
Mustela putorius furo	TRAJ48	F	Mustela putorius furo T cell receptor alpha joining 48	1			BK068537	-
Mustela putorius furo	TRAJ49	F	Mustela putorius furo T cell receptor alpha joining 49	1			BK068537	-
Mustela putorius furo	TRAJ5	F	Mustela putorius furo T cell receptor alpha joining 5	1			BK068537	-
Mustela putorius furo	TRAJ50	F	Mustela putorius furo T cell receptor alpha joining 50	1			BK068537	-
Mustela putorius furo	TRAJ51	P	Mustela putorius furo T cell receptor alpha joining 51	1			BK068537	-
Mustela putorius furo	TRAJ52	ORF	Mustela putorius furo T cell receptor alpha joining 52	1			BK068537	-
Mustela putorius furo	TRAJ53	F	Mustela putorius furo T cell receptor alpha joining 53	1			BK068537	-
Mustela putorius furo	TRAJ54	ORF	Mustela putorius furo T cell receptor alpha joining 54	1			BK068537	-
Mustela putorius furo	TRAJ56	F	Mustela putorius furo T cell receptor alpha joining 56	1			BK068537	-
Mustela putorius furo	TRAJ57	ORF	Mustela putorius furo T cell receptor alpha joining 57	1			BK068537	-
Mustela putorius furo	TRAJ58	F	Mustela putorius furo T cell receptor alpha joining 58	1			BK068537	-
Mustela putorius furo	TRAJ59	ORF	Mustela putorius furo T cell receptor alpha joining 59	1			BK068537	-
Mustela putorius furo	TRAJ6	F	Mustela putorius furo T cell receptor alpha joining 6	1			BK068537	-
Mustela putorius furo	TRAJ60	ORF	Mustela putorius furo T cell receptor alpha joining 60	1			BK068537	-
Mustela putorius furo	TRAJ61	P	Mustela putorius furo T cell receptor alpha joining 61	1			BK068537	-
Mustela putorius furo	TRAJ7	ORF	Mustela putorius furo T cell receptor alpha joining 7	1			BK068537	-
Mustela putorius furo	TRAJ8	ORF	Mustela putorius furo T cell receptor alpha joining 8	1			BK068537	-
Mustela putorius furo	TRAJ9	ORF	Mustela putorius furo T cell receptor alpha joining 9	1			BK068537	-
Mustela putorius furo	TRAV10	P	Mustela putorius furo T cell receptor alpha variable 10	1			BK068537	-
Mustela putorius furo	TRAV11	P	Mustela putorius furo T cell receptor alpha variable 11	1			BK068537	-
Mustela putorius furo	TRAV12	P	Mustela putorius furo T cell receptor alpha variable 12	1			BK068537	-
Mustela putorius furo	TRAV13-1	P	Mustela putorius furo T cell receptor alpha variable 13-1	1			BK068537	-
Mustela putorius furo	TRAV13-10	P	Mustela putorius furo T cell receptor alpha variable 13-10	1			BK068537	-
Mustela putorius furo	TRAV13-11	F	Mustela putorius furo T cell receptor alpha variable 13-11	1			BK068537	-
Mustela putorius furo	TRAV13-12	F	Mustela putorius furo T cell receptor alpha variable 13-12	1			BK068537	-
Mustela putorius furo	TRAV13-13	F	Mustela putorius furo T cell receptor alpha variable 13-13	1			BK068537	-
Mustela putorius furo	TRAV13-14	P	Mustela putorius furo T cell receptor alpha variable 13-14	1			BK068537	-
Mustela putorius furo	TRAV13-15	P	Mustela putorius furo T cell receptor alpha variable 13-15	1			BK068537	-
Mustela putorius furo	TRAV13-2	F	Mustela putorius furo T cell receptor alpha variable 13-2	1			BK068537	-
Mustela putorius furo	TRAV13-3	P	Mustela putorius furo T cell receptor alpha variable 13-3	1			BK068537	-
Mustela putorius furo	TRAV13-4	P	Mustela putorius furo T cell receptor alpha variable 13-4	1			BK068537	-
Mustela putorius furo	TRAV13-5	P	Mustela putorius furo T cell receptor alpha variable 13-5	1			BK068537	-
Mustela putorius furo	TRAV13-6	P	Mustela putorius furo T cell receptor alpha variable 13-6	1			BK068537	-
Mustela putorius furo	TRAV13-7	P	Mustela putorius furo T cell receptor alpha variable 13-7	1			BK068537	-
Mustela putorius furo	TRAV13-8	P	Mustela putorius furo T cell receptor alpha variable 13-8	1			BK068537	-
Mustela putorius furo	TRAV13-9	P	Mustela putorius furo T cell receptor alpha variable 13-9	1			BK068537	-
Mustela putorius furo	TRAV14-1	ORF	Mustela putorius furo T cell receptor alpha variable 14-1	1			BK068537	-
Mustela putorius furo	TRAV14-2	ORF	Mustela putorius furo T cell receptor alpha variable 14-2	1			BK068537	-
Mustela putorius furo	TRAV14-3	F	Mustela putorius furo T cell receptor alpha variable 14-3	1			BK068537	-
Mustela putorius furo	TRAV14-4	P	Mustela putorius furo T cell receptor alpha variable 14-4	1			BK068537	-
Mustela putorius furo	TRAV14-5	P	Mustela putorius furo T cell receptor alpha variable 14-5	1			BK068537	-
Mustela putorius furo	TRAV14-6	P	Mustela putorius furo T cell receptor alpha variable 14-6	1			BK068537	-
Mustela putorius furo	TRAV14-7	P	Mustela putorius furo T cell receptor alpha variable 14-7	1			BK068537	-
Mustela putorius furo	TRAV14-8	F	Mustela putorius furo T cell receptor alpha variable 14-8	1			BK068537	-
Mustela putorius furo	TRAV16	F	Mustela putorius furo T cell receptor alpha variable 16	1			BK068537	-
Mustela putorius furo	TRAV17	F	Mustela putorius furo T cell receptor alpha variable 17	1			BK068537	-
Mustela putorius furo	TRAV18-1	P	Mustela putorius furo T cell receptor alpha variable 18-1	1			BK068537	-
Mustela putorius furo	TRAV18-2	F	Mustela putorius furo T cell receptor alpha variable 18-2	1			BK068537	-
Mustela putorius furo	TRAV19	F	Mustela putorius furo T cell receptor alpha variable 19	1			BK068537	-
Mustela putorius furo	TRAV20	F	Mustela putorius furo T cell receptor alpha variable 20	1			BK068537	-
Mustela putorius furo	TRAV21	F	Mustela putorius furo T cell receptor alpha variable 21	1			BK068537	-
Mustela putorius furo	TRAV22	ORF	Mustela putorius furo T cell receptor alpha variable 22	1			BK068537	-
Mustela putorius furo	TRAV23	ORF	Mustela putorius furo T cell receptor alpha variable 23	1			BK068537	-
Mustela putorius furo	TRAV24	F	Mustela putorius furo T cell receptor alpha variable 24	1			BK068537	-
Mustela putorius furo	TRAV25	F	Mustela putorius furo T cell receptor alpha variable 25	1			BK068537	-
Mustela putorius furo	TRAV26	F	Mustela putorius furo T cell receptor alpha variable 26	1			BK068537	-
Mustela putorius furo	TRAV27	F	Mustela putorius furo T cell receptor alpha variable 27	1			BK068537	-
Mustela putorius furo	TRAV28	ORF	Mustela putorius furo T cell receptor alpha variable 28	1			BK068537	-
Mustela putorius furo	TRAV29	F	Mustela putorius furo T cell receptor alpha variable 29	1			BK068537	-
Mustela putorius furo	TRAV3	P	Mustela putorius furo T cell receptor alpha variable 3	1			BK068537	-
Mustela putorius furo	TRAV30	P	Mustela putorius furo T cell receptor alpha variable 30	1			BK068537	-
Mustela putorius furo	TRAV31	P	Mustela putorius furo T cell receptor alpha variable 31	1			BK068537	-
Mustela putorius furo	TRAV32	P	Mustela putorius furo T cell receptor alpha variable 32	1			BK068537	-
Mustela putorius furo	TRAV33	F	Mustela putorius furo T cell receptor alpha variable 33	1			BK068537	-
Mustela putorius furo	TRAV34	F	Mustela putorius furo T cell receptor alpha variable 34	1			BK068537	-
Mustela putorius furo	TRAV35	F	Mustela putorius furo T cell receptor alpha variable 35	1			BK068537	-
Mustela putorius furo	TRAV36	F	Mustela putorius furo T cell receptor alpha variable 36	1			BK068537	-
Mustela putorius furo	TRAV37	ORF	Mustela putorius furo T cell receptor alpha variable 37	1			BK068537	-
Mustela putorius furo	TRAV38-1	F	Mustela putorius furo T cell receptor alpha variable 38-1	1			BK068537	-
Mustela putorius furo	TRAV38-2	F	Mustela putorius furo T cell receptor alpha variable 38-2	1			BK068537	-
Mustela putorius furo	TRAV40	F	Mustela putorius furo T cell receptor alpha variable 40	1			BK068537	-
Mustela putorius furo	TRAV41	F	Mustela putorius furo T cell receptor alpha variable 41	1			BK068537	-
Mustela putorius furo	TRAV43-1	F	Mustela putorius furo T cell receptor alpha variable 43-1	1			BK068537	-
Mustela putorius furo	TRAV43-10	ORF	Mustela putorius furo T cell receptor alpha variable 43-10	1			BK068537	-
Mustela putorius furo	TRAV43-11	P	Mustela putorius furo T cell receptor alpha variable 43-11	1			BK068537	-
Mustela putorius furo	TRAV43-12	F	Mustela putorius furo T cell receptor alpha variable 43-12	1			BK068537	-
Mustela putorius furo	TRAV43-13	F	Mustela putorius furo T cell receptor alpha variable 43-13	1			BK068537	-
Mustela putorius furo	TRAV43-14	F	Mustela putorius furo T cell receptor alpha variable 43-14	1			BK068537	-
Mustela putorius furo	TRAV43-15	P	Mustela putorius furo T cell receptor alpha variable 43-15	1			BK068537	-
Mustela putorius furo	TRAV43-2	F	Mustela putorius furo T cell receptor alpha variable 43-2	1			BK068537	-
Mustela putorius furo	TRAV43-3	P	Mustela putorius furo T cell receptor alpha variable 43-3	1			BK068537	-
Mustela putorius furo	TRAV43-4	F	Mustela putorius furo T cell receptor alpha variable 43-4	1			BK068537	-
Mustela putorius furo	TRAV43-5	F	Mustela putorius furo T cell receptor alpha variable 43-5	1			BK068537	-
Mustela putorius furo	TRAV43-6	P	Mustela putorius furo T cell receptor alpha variable 43-6	1			BK068537	-
Mustela putorius furo	TRAV43-7	F	Mustela putorius furo T cell receptor alpha variable 43-7	1			BK068537	-
Mustela putorius furo	TRAV43-8	F	Mustela putorius furo T cell receptor alpha variable 43-8	1			BK068537	-
Mustela putorius furo	TRAV43-9	F	Mustela putorius furo T cell receptor alpha variable 43-9	1			BK068537	-
Mustela putorius furo	TRAV46	P	Mustela putorius furo T cell receptor alpha variable 46	1			BK068537	-
Mustela putorius furo	TRAV5	F	Mustela putorius furo T cell receptor alpha variable 5	1			BK068537	-
Mustela putorius furo	TRAV6	F	Mustela putorius furo T cell receptor alpha variable 6	1			BK068537	-
Mustela putorius furo	TRAV8-1	P	Mustela putorius furo T cell receptor alpha variable 8-1	1			BK068537	-
Mustela putorius furo	TRAV8-2	F	Mustela putorius furo T cell receptor alpha variable 8-2	1			BK068537	-
Mustela putorius furo	TRAV8-3	P	Mustela putorius furo T cell receptor alpha variable 8-3	1			BK068537	-
Mustela putorius furo	TRAV9-1	P	Mustela putorius furo T cell receptor alpha variable 9-1	1			BK068537	-
Mustela putorius furo	TRAV9-10	F	Mustela putorius furo T cell receptor alpha variable 9-10	1			BK068537	-
Mustela putorius furo	TRAV9-11	F	Mustela putorius furo T cell receptor alpha variable 9-11	1			BK068537	-
Mustela putorius furo	TRAV9-12	F	Mustela putorius furo T cell receptor alpha variable 9-12	1			BK068537	-
Mustela putorius furo	TRAV9-13	F	Mustela putorius furo T cell receptor alpha variable 9-13	1			BK068537	-
Mustela putorius furo	TRAV9-14	P	Mustela putorius furo T cell receptor alpha variable 9-14	1			BK068537	-
Mustela putorius furo	TRAV9-15	F	Mustela putorius furo T cell receptor alpha variable 9-15	1			BK068537	-
Mustela putorius furo	TRAV9-16	F	Mustela putorius furo T cell receptor alpha variable 9-16	1			BK068537	-
Mustela putorius furo	TRAV9-17	P	Mustela putorius furo T cell receptor alpha variable 9-17	1			BK068537	-
Mustela putorius furo	TRAV9-18	F	Mustela putorius furo T cell receptor alpha variable 9-18	1			BK068537	-
Mustela putorius furo	TRAV9-19	F	Mustela putorius furo T cell receptor alpha variable 9-19	1			BK068537	-
Mustela putorius furo	TRAV9-2	F	Mustela putorius furo T cell receptor alpha variable 9-2	1			BK068537	-
Mustela putorius furo	TRAV9-3	F	Mustela putorius furo T cell receptor alpha variable 9-3	1			BK068537	-
Mustela putorius furo	TRAV9-4	F	Mustela putorius furo T cell receptor alpha variable 9-4	1			BK068537	-
Mustela putorius furo	TRAV9-5	F	Mustela putorius furo T cell receptor alpha variable 9-5	1			BK068537	-
Mustela putorius furo	TRAV9-6	F	Mustela putorius furo T cell receptor alpha variable 9-6	1			BK068537	-
Mustela putorius furo	TRAV9-7	ORF	Mustela putorius furo T cell receptor alpha variable 9-7	1			BK068537	-
Mustela putorius furo	TRAV9-8	F	Mustela putorius furo T cell receptor alpha variable 9-8	1			BK068537	-
Mustela putorius furo	TRAV9-9	ORF	Mustela putorius furo T cell receptor alpha variable 9-9	1			BK068537	-
Mustela putorius furo	TRAVA	P	Mustela putorius furo T cell receptor alpha variable A	1			BK068537	-
Mustela putorius furo	TRAVB	P	Mustela putorius furo T cell receptor alpha variable B	1			BK068537	-
Mustela putorius furo	TRBC1	F	Mustela putorius furo T cell receptor beta constant 1	2			BK068297	-
Mustela putorius furo	TRBC2	F	Mustela putorius furo T cell receptor beta constant 2	1			BK068297	-
Mustela putorius furo	TRBD1	F	Mustela putorius furo T cell receptor beta diversity 1	1			BK068297	-
Mustela putorius furo	TRBD2	F	Mustela putorius furo T cell receptor beta diversity 2	1			BK068297	-
Mustela putorius furo	TRBJ1-1	ORF	Mustela putorius furo T cell receptor beta joining 1-1	1			BK068297	-
Mustela putorius furo	TRBJ1-2	F	Mustela putorius furo T cell receptor beta joining 1-2	1			BK068297	-
Mustela putorius furo	TRBJ1-3	P	Mustela putorius furo T cell receptor beta joining 1-3	1			BK068297	-
Mustela putorius furo	TRBJ1-4	ORF	Mustela putorius furo T cell receptor beta joining 1-4	1			BK068297	-
Mustela putorius furo	TRBJ1-5	F	Mustela putorius furo T cell receptor beta joining 1-5	1			BK068297	-
Mustela putorius furo	TRBJ1-6	F	Mustela putorius furo T cell receptor beta joining 1-6	1			BK068297	-
Mustela putorius furo	TRBJ2-1	F	Mustela putorius furo T cell receptor beta joining 2-1	1			BK068297	-
Mustela putorius furo	TRBJ2-2	F	Mustela putorius furo T cell receptor beta joining 2-2	1			BK068297	-
Mustela putorius furo	TRBJ2-3	F	Mustela putorius furo T cell receptor beta joining 2-3	1			BK068297	-
Mustela putorius furo	TRBJ2-4	F	Mustela putorius furo T cell receptor beta joining 2-4	1			BK068297	-
Mustela putorius furo	TRBJ2-5	ORF	Mustela putorius furo T cell receptor beta joining 2-5	1			BK068297	-
Mustela putorius furo	TRBJ2-6	F	Mustela putorius furo T cell receptor beta joining 2-6	1			BK068297	-
Mustela putorius furo	TRBV1	ORF	Mustela putorius furo T cell receptor beta variable 1	1			BK068296	-
Mustela putorius furo	TRBV10	P	Mustela putorius furo T cell receptor beta variable 10	1			BK068297	-
Mustela putorius furo	TRBV11	P	Mustela putorius furo T cell receptor beta variable 11	1			BK068297	-
Mustela putorius furo	TRBV12-1	F	Mustela putorius furo T cell receptor beta variable 12-1	2			BK068297	-
Mustela putorius furo	TRBV12-2	F	Mustela putorius furo T cell receptor beta variable 12-2	1			BK068297	-
Mustela putorius furo	TRBV15	F	Mustela putorius furo T cell receptor beta variable 15	1			BK068297	-
Mustela putorius furo	TRBV16	F	Mustela putorius furo T cell receptor beta variable 16	1			BK068297	-
Mustela putorius furo	TRBV17	P	Mustela putorius furo T cell receptor beta variable 17	1			BK068297	-
Mustela putorius furo	TRBV18	F	Mustela putorius furo T cell receptor beta variable 18	2			BK068297	-
Mustela putorius furo	TRBV19	F	Mustela putorius furo T cell receptor beta variable 19	1			BK068297	-
Mustela putorius furo	TRBV2	P	Mustela putorius furo T cell receptor beta variable 2	2			BK068297	-
Mustela putorius furo	TRBV20	ORF	Mustela putorius furo T cell receptor beta variable 20	1			BK068297	-
Mustela putorius furo	TRBV21	F	Mustela putorius furo T cell receptor beta variable 21	1			BK068297	-
Mustela putorius furo	TRBV22	F	Mustela putorius furo T cell receptor beta variable 22	1			BK068297	-
Mustela putorius furo	TRBV23	P	Mustela putorius furo T cell receptor beta variable 23	1			BK068297	-
Mustela putorius furo	TRBV24	P	Mustela putorius furo T cell receptor beta variable 24	1			BK068297	-
Mustela putorius furo	TRBV25	F	Mustela putorius furo T cell receptor beta variable 25	1			BK068297	-
Mustela putorius furo	TRBV26	F	Mustela putorius furo T cell receptor beta variable 26	1			BK068297	-
Mustela putorius furo	TRBV27	F	Mustela putorius furo T cell receptor beta variable 27	2			BK068297	-
Mustela putorius furo	TRBV28	P	Mustela putorius furo T cell receptor beta variable 28	1			BK068297	-
Mustela putorius furo	TRBV29	F	Mustela putorius furo T cell receptor beta variable 29	1			BK068297	-
Mustela putorius furo	TRBV3	F	Mustela putorius furo T cell receptor beta variable 3	1			BK068297	-
Mustela putorius furo	TRBV30	P	Mustela putorius furo T cell receptor beta variable 30	1			BK068297	-
Mustela putorius furo	TRBV4-1	F	Mustela putorius furo T cell receptor beta variable 4-1	2			BK068297	-
Mustela putorius furo	TRBV4-2	F	Mustela putorius furo T cell receptor beta variable 4-2	2			BK068297	-
Mustela putorius furo	TRBV5-1	P	Mustela putorius furo T cell receptor beta variable 5-1	1			BK068297	-
Mustela putorius furo	TRBV5-2	F	Mustela putorius furo T cell receptor beta variable 5-2	1			BK068297	-
Mustela putorius furo	TRBV5-3	P	Mustela putorius furo T cell receptor beta variable 5-3	1			BK068297	-
Mustela putorius furo	TRBV5-4	F	Mustela putorius furo T cell receptor beta variable 5-4	1			BK068297	-
Mustela putorius furo	TRBV6	ORF	Mustela putorius furo T cell receptor beta variable 6	2			BK068297	-
Mustela putorius furo	TRBV7-1	F  P	Mustela putorius furo T cell receptor beta variable 7-1	2			BK068297	-
Mustela putorius furo	TRBV7-2	F	Mustela putorius furo T cell receptor beta variable 7-2	2			BK068297	-
Mustela putorius furo	TRBV8	F	Mustela putorius furo T cell receptor beta variable 8	2			BK068297	-
Mustela putorius furo	TRBVA	P	Mustela putorius furo T cell receptor beta variable A	2			BK068297	-
Mustela putorius furo	TRDC	F	Mustela putorius furo T cell receptor delta constant	1			BK068537	-
Mustela putorius furo	TRDD1	F	Mustela putorius furo T cell receptor delta diversity 1	1			BK068537	-
Mustela putorius furo	TRDD2	F	Mustela putorius furo T cell receptor delta diversity 2	1			BK068537	-
Mustela putorius furo	TRDJ1	F	Mustela putorius furo T cell receptor delta joining 1	1			BK068537	-
Mustela putorius furo	TRDJ2	P	Mustela putorius furo T cell receptor delta joining 2	1			BK068537	-
Mustela putorius furo	TRDJ3	F	Mustela putorius furo T cell receptor delta joining 3	1			BK068537	-
Mustela putorius furo	TRDJ4	P	Mustela putorius furo T cell receptor delta joining 4	1			BK068537	-
Mustela putorius furo	TRDJ5	P	Mustela putorius furo T cell receptor delta joining 5	1			BK068537	-
Mustela putorius furo	TRDV1	P	Mustela putorius furo T cell receptor delta variable 1	1			BK068537	-
Mustela putorius furo	TRDV2	P	Mustela putorius furo T cell receptor delta variable 2	1			BK068537	-
Mustela putorius furo	TRDV3	F	Mustela putorius furo T cell receptor delta variable 3	1			BK068537	-
Mustela putorius furo	TRDV4	F	Mustela putorius furo T cell receptor delta variable 4	1			BK068537	-
Mustela putorius furo	TRDV5	F	Mustela putorius furo T cell receptor delta variable 5	1			BK068537	-
Mustela putorius furo	TRGC1	P	Mustela putorius furo T cell receptor gamma constant 1	1			BK068011	-
Mustela putorius furo	TRGC2	P	Mustela putorius furo T cell receptor gamma constant 2	1			BK068011	-
Mustela putorius furo	TRGC3	F	Mustela putorius furo T cell receptor gamma constant 3	1			BK068011	-
Mustela putorius furo	TRGC4	F	Mustela putorius furo T cell receptor gamma constant 4	1			BK068011	-
Mustela putorius furo	TRGC5	F	Mustela putorius furo T cell receptor gamma constant 5	1			BK068011	-
Mustela putorius furo	TRGC5A	P	Mustela putorius furo T cell receptor gamma constant 5A	1			BK068011	-
Mustela putorius furo	TRGC6	P	Mustela putorius furo T cell receptor gamma constant 6	1			BK068011	-
Mustela putorius furo	TRGC7	F	Mustela putorius furo T cell receptor gamma constant 7	1			BK068011	-
Mustela putorius furo	TRGC8	F	Mustela putorius furo T cell receptor gamma constant 8	1			BK068011	-
Mustela putorius furo	TRGC9	F	Mustela putorius furo T cell receptor gamma constant 9	1			BK068011	-
Mustela putorius furo	TRGJ1-1	ORF	Mustela putorius furo T cell receptor gamma joining 1-1	1			BK068011	-
Mustela putorius furo	TRGJ2-1	P	Mustela putorius furo T cell receptor gamma joining 2-1	1			BK068011	-
Mustela putorius furo	TRGJ2-2	P	Mustela putorius furo T cell receptor gamma joining 2-2	1			BK068011	-
Mustela putorius furo	TRGJ2-3	F	Mustela putorius furo T cell receptor gamma joining 2-3	1			BK068011	-
Mustela putorius furo	TRGJ3-1	P	Mustela putorius furo T cell receptor gamma joining 3-1	1			BK068011	-
Mustela putorius furo	TRGJ3-2	P	Mustela putorius furo T cell receptor gamma joining 3-2	1			BK068011	-
Mustela putorius furo	TRGJ3-3	F	Mustela putorius furo T cell receptor gamma joining 3-3	1			BK068011	-
Mustela putorius furo	TRGJ4-1	P	Mustela putorius furo T cell receptor gamma joining 4-1	1			BK068011	-
Mustela putorius furo	TRGJ4-2	P	Mustela putorius furo T cell receptor gamma joining 4-2	1			BK068011	-
Mustela putorius furo	TRGJ4-3	F	Mustela putorius furo T cell receptor gamma joining 4-3	1			BK068011	-
Mustela putorius furo	TRGJ5-1	P	Mustela putorius furo T cell receptor gamma joining 5-1	1			BK068011	-
Mustela putorius furo	TRGJ5-2	P	Mustela putorius furo T cell receptor gamma joining 5-2	1			BK068011	-
Mustela putorius furo	TRGJ5-3	F	Mustela putorius furo T cell receptor gamma joining 5-3	1			BK068011	-
Mustela putorius furo	TRGJ6-1	ORF	Mustela putorius furo T cell receptor gamma joining 6-1	1			BK068011	-
Mustela putorius furo	TRGJ6-2	P	Mustela putorius furo T cell receptor gamma joining 6-2	1			BK068011	-
Mustela putorius furo	TRGJ6-3	ORF	Mustela putorius furo T cell receptor gamma joining 6-3	1			BK068011	-
Mustela putorius furo	TRGJ7-1	ORF	Mustela putorius furo T cell receptor gamma joining 7-1	1			BK068011	-
Mustela putorius furo	TRGJ7-2	P	Mustela putorius furo T cell receptor gamma joining 7-2	1			BK068011	-
Mustela putorius furo	TRGJ8-1	ORF	Mustela putorius furo T cell receptor gamma joining 8-1	1			BK068011	-
Mustela putorius furo	TRGJ9-1	ORF	Mustela putorius furo T cell receptor gamma joining 9-1	1			BK068011	-
Mustela putorius furo	TRGJ9-2	P	Mustela putorius furo T cell receptor gamma joining 9-2	1			BK068011	-
Mustela putorius furo	TRGV2-1	F	Mustela putorius furo T cell receptor gamma variable 2-1	1			BK068011	-
Mustela putorius furo	TRGV2-2	F	Mustela putorius furo T cell receptor gamma variable 2-2	1			BK068011	-
Mustela putorius furo	TRGV2-3	F	Mustela putorius furo T cell receptor gamma variable 2-3	1			BK068011	-
Mustela putorius furo	TRGV3-1	P	Mustela putorius furo T cell receptor gamma variable 3-1	1			BK068011	-
Mustela putorius furo	TRGV3-2	P	Mustela putorius furo T cell receptor gamma variable 3-2	1			BK068011	-
Mustela putorius furo	TRGV3-3	P	Mustela putorius furo T cell receptor gamma variable 3-3	1			BK068011	-
Mustela putorius furo	TRGV5-1	F	Mustela putorius furo T cell receptor gamma variable 5-1	1			BK068011	-
Mustela putorius furo	TRGV6-1	F	Mustela putorius furo T cell receptor gamma variable 6-1	1			BK068011	-
Mustela putorius furo	TRGV7-1	F	Mustela putorius furo T cell receptor gamma variable 7-1	1			BK068011	-
Mustela putorius furo	TRGV7-2	F	Mustela putorius furo T cell receptor gamma variable 7-2	1			BK068011	-
Mustela putorius furo	TRGV7-3	ORF	Mustela putorius furo T cell receptor gamma variable 7-3	1			BK068011	-
Mustela putorius furo	TRGVA	P	Mustela putorius furo T cell receptor gamma variable A	1			BK068011	-
Mustela putorius furo	TRGVB	P	Mustela putorius furo T cell receptor gamma variable B	1			BK068011	-
Mustela putorius furo	TRGVC	P	Mustela putorius furo T cell receptor gamma variable C	1			BK068011	-
Mustela putorius furo	TRGVD	P	Mustela putorius furo T cell receptor gamma variable D	1			BK068011	-
Mustela putorius furo	TRGVE	P	Mustela putorius furo T cell receptor gamma variable E	1			BK068011	-
Oncorhynchus mykiss	TRBD1	F	Oncorhynchus mykiss T cell receptor beta diversity 1	1	-	-	U97590	-
Oncorhynchus mykiss	TRBJ1	F	Oncorhynchus mykiss T cell receptor beta joining 1	1	-	-	U97590	-
Oncorhynchus mykiss	TRBJ10	F	Oncorhynchus mykiss T cell receptor beta joining 10	1	-	-	U97590	-
Oncorhynchus mykiss	TRBJ2	F	Oncorhynchus mykiss T cell receptor beta joining 2	1	-	-	U97590	-
Oncorhynchus mykiss	TRBJ3	F	Oncorhynchus mykiss T cell receptor beta joining 3	1	-	-	U97590	-
Oncorhynchus mykiss	TRBJ4	F	Oncorhynchus mykiss T cell receptor beta joining 4	1	-	-	U97590	-
Oncorhynchus mykiss	TRBJ5	F	Oncorhynchus mykiss T cell receptor beta joining 5	1	-	-	U97590	-
Oncorhynchus mykiss	TRBJ6	F	Oncorhynchus mykiss T cell receptor beta joining 6	1	-	-	U97590	-
Oncorhynchus mykiss	TRBJ7	F	Oncorhynchus mykiss T cell receptor beta joining 7	1	-	-	U97590	-
Oncorhynchus mykiss	TRBJ8	F	Oncorhynchus mykiss T cell receptor beta joining 8	1	-	-	U97590	-
Oncorhynchus mykiss	TRBJ9	F	Oncorhynchus mykiss T cell receptor beta joining 9	1	-	-	U97590	-
Oncorhynchus mykiss	TRBV10S1	(F)	Oncorhynchus mykiss T cell receptor beta variable 10S1	1	-	-	AY135392	-
Oncorhynchus mykiss	TRBV1S1	(F)	Oncorhynchus mykiss T cell receptor beta variable 1S1	1	-	-	U18123	-
Oncorhynchus mykiss	TRBV1S2	(F)	Oncorhynchus mykiss T cell receptor beta variable 1S2	1	-	-	AJ517910	-
Oncorhynchus mykiss	TRBV1S3	(F)	Oncorhynchus mykiss T cell receptor beta variable 1S3	1	-	-	AJ517915	-
Oncorhynchus mykiss	TRBV1S4	(F)	Oncorhynchus mykiss T cell receptor beta variable 1S4	1	-	-	AJ517917	-
Oncorhynchus mykiss	TRBV1S5	(F)	Oncorhynchus mykiss T cell receptor beta variable 1S5	1	-	-	AJ517919	-
Oncorhynchus mykiss	TRBV2S1	(F)	Oncorhynchus mykiss T cell receptor beta variable 2S1	1	-	-	U18124	-
Oncorhynchus mykiss	TRBV2S10	[F]	Oncorhynchus mykiss T cell receptor beta variable 2S10	1	-	-	AF329719	-
Oncorhynchus mykiss	TRBV2S11	[P]	Oncorhynchus mykiss T cell receptor beta variable 2S11	1	-	-	AF329723	-
Oncorhynchus mykiss	TRBV2S12	(F)	Oncorhynchus mykiss T cell receptor beta variable 2S12	1	-	-	AF329722	-
Oncorhynchus mykiss	TRBV2S13	(F)	Oncorhynchus mykiss T cell receptor beta variable 2S13	1	-	-	AF329700	-
Oncorhynchus mykiss	TRBV2S14	[F]	Oncorhynchus mykiss T cell receptor beta variable 2S14	1	-	-	AF329706	-
Oncorhynchus mykiss	TRBV2S15	(P)	Oncorhynchus mykiss T cell receptor beta variable 2S15	1	-	-	AF329716	-
Oncorhynchus mykiss	TRBV2S16	[F]	Oncorhynchus mykiss T cell receptor beta variable 2S16	1	-	-	AF329717	-
Oncorhynchus mykiss	TRBV2S17	[F]	Oncorhynchus mykiss T cell receptor beta variable 2S17	1	-	-	AF329702	-
Oncorhynchus mykiss	TRBV2S18	[F]	Oncorhynchus mykiss T cell receptor beta variable 2S18	1	-	-	AF329725	-
Oncorhynchus mykiss	TRBV2S19	[F]	Oncorhynchus mykiss T cell receptor beta variable 2S19	1	-	-	AF329707	-
Oncorhynchus mykiss	TRBV2S2	[P]	Oncorhynchus mykiss T cell receptor beta variable 2S2	1	-	-	AF329703	-
Oncorhynchus mykiss	TRBV2S20	[F]	Oncorhynchus mykiss T cell receptor beta variable 2S20	1	-	-	AF329720	-
Oncorhynchus mykiss	TRBV2S21	[P]	Oncorhynchus mykiss T cell receptor beta variable 2S21	1	-	-	AF329724	-
Oncorhynchus mykiss	TRBV2S23	[F]	Oncorhynchus mykiss T cell receptor beta variable 2S23	1	-	-	AF329726	-
Oncorhynchus mykiss	TRBV2S24	[F]	Oncorhynchus mykiss T cell receptor beta variable 2S24	1	-	-	AF329711	-
Oncorhynchus mykiss	TRBV2S25	[ORF]	Oncorhynchus mykiss T cell receptor beta variable 2S25	1	-	-	AF329712	-
Oncorhynchus mykiss	TRBV2S26	[P]	Oncorhynchus mykiss T cell receptor beta variable 2S26	1	-	-	AF329721	-
Oncorhynchus mykiss	TRBV2S27	(F)	Oncorhynchus mykiss T cell receptor beta variable 2S27	1	-	-	AJ517925	-
Oncorhynchus mykiss	TRBV2S3	[F]	Oncorhynchus mykiss T cell receptor beta variable 2S3	1	-	-	AF329705	-
Oncorhynchus mykiss	TRBV2S4	[F]	Oncorhynchus mykiss T cell receptor beta variable 2S4	1	-	-	AF329708	-
Oncorhynchus mykiss	TRBV2S5	[F]	Oncorhynchus mykiss T cell receptor beta variable 2S5	1	-	-	AF329713	-
Oncorhynchus mykiss	TRBV2S6	[F]	Oncorhynchus mykiss T cell receptor beta variable 2S6	1	-	-	AF329704	-
Oncorhynchus mykiss	TRBV2S7	[F]	Oncorhynchus mykiss T cell receptor beta variable 2S7	1	-	-	AF329718	-
Oncorhynchus mykiss	TRBV2S8	[F]	Oncorhynchus mykiss T cell receptor beta variable 2S8	1	-	-	AF329714	-
Oncorhynchus mykiss	TRBV2S9	[F]	Oncorhynchus mykiss T cell receptor beta variable 2S9	1	-	-	AF329710	-
Oncorhynchus mykiss	TRBV3S1	(F)	Oncorhynchus mykiss T cell receptor beta variable 3S1	1	-	-	U18125	-
Oncorhynchus mykiss	TRBV3S2	(F)	Oncorhynchus mykiss T cell receptor beta variable 3S2	1	-	-	AJ517930	-
Oncorhynchus mykiss	TRBV4S1	(F)	Oncorhynchus mykiss T cell receptor beta variable 4S1	1	-	-	AY135385	-
Oncorhynchus mykiss	TRBV5S1	(F)	Oncorhynchus mykiss T cell receptor beta variable 5S1	1	-	-	AY135386	-
Oncorhynchus mykiss	TRBV6S1	(F)	Oncorhynchus mykiss T cell receptor beta variable 6S1	1	-	-	AY135387	-
Oncorhynchus mykiss	TRBV7S1	(F)	Oncorhynchus mykiss T cell receptor beta variable 7S1	1	-	-	AY135389	-
Oncorhynchus mykiss	TRBV7S2	(F)	Oncorhynchus mykiss T cell receptor beta variable 7S2	1	-	-	AJ517966	-
Oncorhynchus mykiss	TRBV7S3	(F)	Oncorhynchus mykiss T cell receptor beta variable 7S3	1	-	-	AJ517967	-
Oncorhynchus mykiss	TRBV7S4	(F)	Oncorhynchus mykiss T cell receptor beta variable 7S4	1	-	-	AJ517968	-
Oncorhynchus mykiss	TRBV8S1	(F)	Oncorhynchus mykiss T cell receptor beta variable 8S1	1	-	-	AY135390	-
Oncorhynchus mykiss	TRBV8S2	(F)	Oncorhynchus mykiss T cell receptor beta variable 8S2	1	-	-	AJ517978	-
Oncorhynchus mykiss	TRBV8S3	(F)	Oncorhynchus mykiss T cell receptor beta variable 8S3	1	-	-	AJ517980	-
Oncorhynchus mykiss	TRBV9S1	(F)	Oncorhynchus mykiss T cell receptor beta variable 9S1	1	-	-	AY135391	-
Oryctolagus cuniculus	TRAC	F	Oryctolagus cuniculus T cell receptor alpha constant	1	17		BK064757	-
Oryctolagus cuniculus	TRAJ1	ORF	Oryctolagus cuniculus T cell receptor alpha joining 1	1	17		BK064757	-
Oryctolagus cuniculus	TRAJ10	ORF	Oryctolagus cuniculus T cell receptor alpha joining 10	1	17		BK064757	-
Oryctolagus cuniculus	TRAJ11	F	Oryctolagus cuniculus T cell receptor alpha joining 11	1	17		BK064757	-
Oryctolagus cuniculus	TRAJ12	F	Oryctolagus cuniculus T cell receptor alpha joining 12	1	17		BK064757	-
Oryctolagus cuniculus	TRAJ13	F	Oryctolagus cuniculus T cell receptor alpha joining 13	1	17		BK064757	-
Oryctolagus cuniculus	TRAJ14	ORF	Oryctolagus cuniculus T cell receptor alpha joining 14	1	17		BK064757	-
Oryctolagus cuniculus	TRAJ15	F	Oryctolagus cuniculus T cell receptor alpha joining 15	1	17		BK064757	-
Oryctolagus cuniculus	TRAJ16	F	Oryctolagus cuniculus T cell receptor alpha joining 16	1	17		BK064757	-
Oryctolagus cuniculus	TRAJ17	F	Oryctolagus cuniculus T cell receptor alpha joining 17	1	17		BK064757	-
Oryctolagus cuniculus	TRAJ18	F	Oryctolagus cuniculus T cell receptor alpha joining 18	1	17		BK064757	-
Oryctolagus cuniculus	TRAJ19	ORF	Oryctolagus cuniculus T cell receptor alpha joining 19	1	17		BK064757	-
Oryctolagus cuniculus	TRAJ2	F	Oryctolagus cuniculus T cell receptor alpha joining 2	1	17		BK064757	-
Oryctolagus cuniculus	TRAJ20	F	Oryctolagus cuniculus T cell receptor alpha joining 20	1	17		BK064757	-
Oryctolagus cuniculus	TRAJ21	F	Oryctolagus cuniculus T cell receptor alpha joining 21	1	17		BK064757	-
Oryctolagus cuniculus	TRAJ22	F	Oryctolagus cuniculus T cell receptor alpha joining 22	1	17		BK064757	-
Oryctolagus cuniculus	TRAJ23	F	Oryctolagus cuniculus T cell receptor alpha joining 23	1	17		BK064757	-
Oryctolagus cuniculus	TRAJ24	F	Oryctolagus cuniculus T cell receptor alpha joining 24	1	17		BK064757	-
Oryctolagus cuniculus	TRAJ25	F	Oryctolagus cuniculus T cell receptor alpha joining 25	1	17		BK064757	-
Oryctolagus cuniculus	TRAJ26	F	Oryctolagus cuniculus T cell receptor alpha joining 26	1	17		BK064757	-
Oryctolagus cuniculus	TRAJ27	F	Oryctolagus cuniculus T cell receptor alpha joining 27	1	17		BK064757	-
Oryctolagus cuniculus	TRAJ28	F	Oryctolagus cuniculus T cell receptor alpha joining 28	1	17		BK064757	-
Oryctolagus cuniculus	TRAJ29	F	Oryctolagus cuniculus T cell receptor alpha joining 29	1	17		BK064757	-
Oryctolagus cuniculus	TRAJ3	F	Oryctolagus cuniculus T cell receptor alpha joining 3	1	17		BK064757	-
Oryctolagus cuniculus	TRAJ30	ORF	Oryctolagus cuniculus T cell receptor alpha joining 30	1	17		BK064757	-
Oryctolagus cuniculus	TRAJ31	F	Oryctolagus cuniculus T cell receptor alpha joining 31	1	17		BK064757	-
Oryctolagus cuniculus	TRAJ32	F	Oryctolagus cuniculus T cell receptor alpha joining 32	1	17		BK064757	-
Oryctolagus cuniculus	TRAJ33	F	Oryctolagus cuniculus T cell receptor alpha joining 33	1	17		BK064757	-
Oryctolagus cuniculus	TRAJ34	F	Oryctolagus cuniculus T cell receptor alpha joining 34	1	17		BK064757	-
Oryctolagus cuniculus	TRAJ35	F	Oryctolagus cuniculus T cell receptor alpha joining 35	1	17		BK064757	-
Oryctolagus cuniculus	TRAJ36	F	Oryctolagus cuniculus T cell receptor alpha joining 36	1	17		BK064757	-
Oryctolagus cuniculus	TRAJ37	F	Oryctolagus cuniculus T cell receptor alpha joining 37	1	17		BK064757	-
Oryctolagus cuniculus	TRAJ38	F	Oryctolagus cuniculus T cell receptor alpha joining 38	1	17		BK064757	-
Oryctolagus cuniculus	TRAJ39	F	Oryctolagus cuniculus T cell receptor alpha joining 39	1	17		BK064757	-
Oryctolagus cuniculus	TRAJ4	F	Oryctolagus cuniculus T cell receptor alpha joining 4	1	17		BK064757	-
Oryctolagus cuniculus	TRAJ40	F	Oryctolagus cuniculus T cell receptor alpha joining 40	1	17		BK064757	-
Oryctolagus cuniculus	TRAJ41	F	Oryctolagus cuniculus T cell receptor alpha joining 41	1	17		BK064757	-
Oryctolagus cuniculus	TRAJ42	F	Oryctolagus cuniculus T cell receptor alpha joining 42	1	17		BK064757	-
Oryctolagus cuniculus	TRAJ43	F	Oryctolagus cuniculus T cell receptor alpha joining 43	1	17		BK064757	-
Oryctolagus cuniculus	TRAJ44	F	Oryctolagus cuniculus T cell receptor alpha joining 44	1	17		BK064757	-
Oryctolagus cuniculus	TRAJ45	F	Oryctolagus cuniculus T cell receptor alpha joining 45	1	17		BK064757	-
Oryctolagus cuniculus	TRAJ46	P	Oryctolagus cuniculus T cell receptor alpha joining 46	1	17		BK064757	-
Oryctolagus cuniculus	TRAJ47	F	Oryctolagus cuniculus T cell receptor alpha joining 47	1	17		BK064757	-
Oryctolagus cuniculus	TRAJ48	F	Oryctolagus cuniculus T cell receptor alpha joining 48	1	17		BK064757	-
Oryctolagus cuniculus	TRAJ49	F	Oryctolagus cuniculus T cell receptor alpha joining 49	1	17		BK064757	-
Oryctolagus cuniculus	TRAJ5	ORF	Oryctolagus cuniculus T cell receptor alpha joining 5	1	17		BK064757	-
Oryctolagus cuniculus	TRAJ50	F	Oryctolagus cuniculus T cell receptor alpha joining 50	1	17		BK064757	-
Oryctolagus cuniculus	TRAJ51	ORF	Oryctolagus cuniculus T cell receptor alpha joining 51	1	17		BK064757	-
Oryctolagus cuniculus	TRAJ52	F	Oryctolagus cuniculus T cell receptor alpha joining 52	1	17		BK064757	-
Oryctolagus cuniculus	TRAJ53	F	Oryctolagus cuniculus T cell receptor alpha joining 53	1	17		BK064757	-
Oryctolagus cuniculus	TRAJ54	F	Oryctolagus cuniculus T cell receptor alpha joining 54	1	17		BK064757	-
Oryctolagus cuniculus	TRAJ56	F	Oryctolagus cuniculus T cell receptor alpha joining 56	1	17		BK064757	-
Oryctolagus cuniculus	TRAJ57	F	Oryctolagus cuniculus T cell receptor alpha joining 57	1	17		BK064757	-
Oryctolagus cuniculus	TRAJ58	F	Oryctolagus cuniculus T cell receptor alpha joining 58	1	17		BK064757	-
Oryctolagus cuniculus	TRAJ6	F	Oryctolagus cuniculus T cell receptor alpha joining 6	1	17		BK064757	-
Oryctolagus cuniculus	TRAJ61	ORF	Oryctolagus cuniculus T cell receptor alpha joining 61	1	17		BK064757	-
Oryctolagus cuniculus	TRAJ7	F	Oryctolagus cuniculus T cell receptor alpha joining 7	1	17		BK064757	-
Oryctolagus cuniculus	TRAJ8	F	Oryctolagus cuniculus T cell receptor alpha joining 8	1	17		BK064757	-
Oryctolagus cuniculus	TRAJ9	F	Oryctolagus cuniculus T cell receptor alpha joining 9	1	17		BK064757	-
Oryctolagus cuniculus	TRAV10	F	Oryctolagus cuniculus T cell receptor alpha variable 10	1	17		BK064757	-
Oryctolagus cuniculus	TRAV12	F	Oryctolagus cuniculus T cell receptor alpha variable 12	1	17		BK064757	-
Oryctolagus cuniculus	TRAV13-1	P	Oryctolagus cuniculus T cell receptor alpha variable 13-1	1	17		BK064757	-
Oryctolagus cuniculus	TRAV13-2	F	Oryctolagus cuniculus T cell receptor alpha variable 13-2	1	17		BK064757	-
Oryctolagus cuniculus	TRAV13-3	F	Oryctolagus cuniculus T cell receptor alpha variable 13-3	1	17		BK064757	-
Oryctolagus cuniculus	TRAV13-4	F	Oryctolagus cuniculus T cell receptor alpha variable 13-4	1	17		BK064757	-
Oryctolagus cuniculus	TRAV14-1	F	Oryctolagus cuniculus T cell receptor alpha variable 14-1	1	17		BK064757	-
Oryctolagus cuniculus	TRAV14-2	F	Oryctolagus cuniculus T cell receptor alpha variable 14-2	1	17		BK064757	-
Oryctolagus cuniculus	TRAV16	F	Oryctolagus cuniculus T cell receptor alpha variable 16	1	17		BK064757	-
Oryctolagus cuniculus	TRAV17	F	Oryctolagus cuniculus T cell receptor alpha variable 17	1	17		BK064757	-
Oryctolagus cuniculus	TRAV18	F	Oryctolagus cuniculus T cell receptor alpha variable 18	1	17		BK064757	-
Oryctolagus cuniculus	TRAV19	F	Oryctolagus cuniculus T cell receptor alpha variable 19	1	17		BK064757	-
Oryctolagus cuniculus	TRAV20	P	Oryctolagus cuniculus T cell receptor alpha variable 20	1	17		BK064757	-
Oryctolagus cuniculus	TRAV21	P	Oryctolagus cuniculus T cell receptor alpha variable 21	1	17		BK064757	-
Oryctolagus cuniculus	TRAV23	F	Oryctolagus cuniculus T cell receptor alpha variable 23	1	17		BK064757	-
Oryctolagus cuniculus	TRAV24	F	Oryctolagus cuniculus T cell receptor alpha variable 24	1	17		BK064757	-
Oryctolagus cuniculus	TRAV26	F	Oryctolagus cuniculus T cell receptor alpha variable 26	1	17		BK064757	-
Oryctolagus cuniculus	TRAV27	P	Oryctolagus cuniculus T cell receptor alpha variable 27	1	17		BK064757	-
Oryctolagus cuniculus	TRAV28	P	Oryctolagus cuniculus T cell receptor alpha variable 28	1	17		BK064757	-
Oryctolagus cuniculus	TRAV29	P	Oryctolagus cuniculus T cell receptor alpha variable 29	1	17		BK064757	-
Oryctolagus cuniculus	TRAV32	F	Oryctolagus cuniculus T cell receptor alpha variable 32	1	17		BK064757	-
Oryctolagus cuniculus	TRAV35	P	Oryctolagus cuniculus T cell receptor alpha variable 35	1	17		BK064757	-
Oryctolagus cuniculus	TRAV36	P	Oryctolagus cuniculus T cell receptor alpha variable 36	1	17		BK064757	-
Oryctolagus cuniculus	TRAV37	F	Oryctolagus cuniculus T cell receptor alpha variable 37	1	17		BK064757	-
Oryctolagus cuniculus	TRAV38-1	F	Oryctolagus cuniculus T cell receptor alpha variable 38-1	1	17		BK064757	-
Oryctolagus cuniculus	TRAV38-2	F	Oryctolagus cuniculus T cell receptor alpha variable 38-2	1	17		BK064757	-
Oryctolagus cuniculus	TRAV39	F	Oryctolagus cuniculus T cell receptor alpha variable 39	1	17		BK064757	-
Oryctolagus cuniculus	TRAV4	F	Oryctolagus cuniculus T cell receptor alpha variable 4	1	17		BK064757	-
Oryctolagus cuniculus	TRAV41	F	Oryctolagus cuniculus T cell receptor alpha variable 41	1	17		BK064757	-
Oryctolagus cuniculus	TRAV42	F	Oryctolagus cuniculus T cell receptor alpha variable 42	1	17		BK064757	-
Oryctolagus cuniculus	TRAV43-1	ORF	Oryctolagus cuniculus T cell receptor alpha variable 43-1	1	17		BK064757	-
Oryctolagus cuniculus	TRAV43-2	ORF	Oryctolagus cuniculus T cell receptor alpha variable 43-2	1	17		BK064757	-
Oryctolagus cuniculus	TRAV43-3	F	Oryctolagus cuniculus T cell receptor alpha variable 43-3	1	17		BK064757	-
Oryctolagus cuniculus	TRAV43-4	F	Oryctolagus cuniculus T cell receptor alpha variable 43-4	1	17		BK064757	-
Oryctolagus cuniculus	TRAV43-5	F	Oryctolagus cuniculus T cell receptor alpha variable 43-5	1	17		BK064757	-
Oryctolagus cuniculus	TRAV45-1	P	Oryctolagus cuniculus T cell receptor alpha variable 45-1	1	17		BK064757	-
Oryctolagus cuniculus	TRAV45-2	F	Oryctolagus cuniculus T cell receptor alpha variable 45-2	1	17		BK064757	-
Oryctolagus cuniculus	TRAV45-3	F	Oryctolagus cuniculus T cell receptor alpha variable 45-3	1	17		BK064757	-
Oryctolagus cuniculus	TRAV45-4	F	Oryctolagus cuniculus T cell receptor alpha variable 45-4	1	17		BK064757	-
Oryctolagus cuniculus	TRAV45-5	F	Oryctolagus cuniculus T cell receptor alpha variable 45-5	1	17		BK064757	-
Oryctolagus cuniculus	TRAV45-6	F	Oryctolagus cuniculus T cell receptor alpha variable 45-6	1	17		BK064757	-
Oryctolagus cuniculus	TRAV45-7	F	Oryctolagus cuniculus T cell receptor alpha variable 45-7	1	17		BK064757	-
Oryctolagus cuniculus	TRAV46	P	Oryctolagus cuniculus T cell receptor alpha variable 46	1	17		BK064757	-
Oryctolagus cuniculus	TRAV5-1	P	Oryctolagus cuniculus T cell receptor alpha variable 5-1	1	17		BK064757	-
Oryctolagus cuniculus	TRAV5-10	F	Oryctolagus cuniculus T cell receptor alpha variable 5-10	1	17		BK064757	-
Oryctolagus cuniculus	TRAV5-2	F	Oryctolagus cuniculus T cell receptor alpha variable 5-2	1	17		BK064757	-
Oryctolagus cuniculus	TRAV5-3	F	Oryctolagus cuniculus T cell receptor alpha variable 5-3	1	17		BK064757	-
Oryctolagus cuniculus	TRAV5-4	F	Oryctolagus cuniculus T cell receptor alpha variable 5-4	1	17		BK064757	-
Oryctolagus cuniculus	TRAV5-5	F	Oryctolagus cuniculus T cell receptor alpha variable 5-5	1	17		BK064757	-
Oryctolagus cuniculus	TRAV5-6	P	Oryctolagus cuniculus T cell receptor alpha variable 5-6	1	17		BK064757	-
Oryctolagus cuniculus	TRAV5-7	F	Oryctolagus cuniculus T cell receptor alpha variable 5-7	1	17		BK064757	-
Oryctolagus cuniculus	TRAV5-8	F	Oryctolagus cuniculus T cell receptor alpha variable 5-8	1	17		BK064757	-
Oryctolagus cuniculus	TRAV5-9	F	Oryctolagus cuniculus T cell receptor alpha variable 5-9	1	17		BK064757	-
Oryctolagus cuniculus	TRAV8-1	F	Oryctolagus cuniculus T cell receptor alpha variable 8-1	1	17		BK064757	-
Oryctolagus cuniculus	TRAV8-2	F	Oryctolagus cuniculus T cell receptor alpha variable 8-2	1	17		BK064757	-
Oryctolagus cuniculus	TRAV8-3	F	Oryctolagus cuniculus T cell receptor alpha variable 8-3	1	17		BK064757	-
Oryctolagus cuniculus	TRAV8-4	F	Oryctolagus cuniculus T cell receptor alpha variable 8-4	1	17		BK064757	-
Oryctolagus cuniculus	TRAV8-5	F	Oryctolagus cuniculus T cell receptor alpha variable 8-5	1	17		BK064757	-
Oryctolagus cuniculus	TRAV9-1	F	Oryctolagus cuniculus T cell receptor alpha variable 9-1	1	17		BK064757	-
Oryctolagus cuniculus	TRAV9-2	F	Oryctolagus cuniculus T cell receptor alpha variable 9-2	1	17		BK064757	-
Oryctolagus cuniculus	TRAV9-3	F	Oryctolagus cuniculus T cell receptor alpha variable 9-3	1	17		BK064757	-
Oryctolagus cuniculus	TRAV9-4	F	Oryctolagus cuniculus T cell receptor alpha variable 9-4	1	17		BK064757	-
Oryctolagus cuniculus	TRBC1	F	Oryctolagus cuniculus T cell receptor beta constant 1	4			IMGT000032	-
Oryctolagus cuniculus	TRBC2	F	Oryctolagus cuniculus T cell receptor beta constant 2	1			IMGT000032	-
Oryctolagus cuniculus	TRBD1	F	Oryctolagus cuniculus T cell receptor beta diversity 1	1			IMGT000032	-
Oryctolagus cuniculus	TRBD2	F	Oryctolagus cuniculus T cell receptor beta diversity 2	1			S60737	-
Oryctolagus cuniculus	TRBJ1-1	F	Oryctolagus cuniculus T cell receptor beta joining 1-1	1			IMGT000032	-
Oryctolagus cuniculus	TRBJ1-2	F	Oryctolagus cuniculus T cell receptor beta joining 1-2	1			IMGT000032	-
Oryctolagus cuniculus	TRBJ1-3	F	Oryctolagus cuniculus T cell receptor beta joining 1-3	1			IMGT000032	-
Oryctolagus cuniculus	TRBJ1-4	F	Oryctolagus cuniculus T cell receptor beta joining 1-4	1			IMGT000032	-
Oryctolagus cuniculus	TRBJ1-5	ORF	Oryctolagus cuniculus T cell receptor beta joining 1-5	1			IMGT000032	-
Oryctolagus cuniculus	TRBJ1-6	F	Oryctolagus cuniculus T cell receptor beta joining 1-6	1			IMGT000032	-
Oryctolagus cuniculus	TRBJ2-1	F	Oryctolagus cuniculus T cell receptor beta joining 2-1	1			S60737	-
Oryctolagus cuniculus	TRBJ2-2	F	Oryctolagus cuniculus T cell receptor beta joining 2-2	1			S60737	-
Oryctolagus cuniculus	TRBJ2-3	F	Oryctolagus cuniculus T cell receptor beta joining 2-3	1			S60737	-
Oryctolagus cuniculus	TRBJ2-4	F	Oryctolagus cuniculus T cell receptor beta joining 2-4	1			S60737	-
Oryctolagus cuniculus	TRBJ2-5	F	Oryctolagus cuniculus T cell receptor beta joining 2-5	1			S60737	-
Oryctolagus cuniculus	TRBJ2-6	F	Oryctolagus cuniculus T cell receptor beta joining 2-6	2			S60737	-
Oryctolagus cuniculus	TRBV1	F	Oryctolagus cuniculus T cell receptor beta variable 1	1			IMGT000032	-
Oryctolagus cuniculus	TRBV10	F	Oryctolagus cuniculus T cell receptor beta variable 10	1			IMGT000032	-
Oryctolagus cuniculus	TRBV12	F	Oryctolagus cuniculus T cell receptor beta variable 12	1			IMGT000032	-
Oryctolagus cuniculus	TRBV13	F	Oryctolagus cuniculus T cell receptor beta variable 13	1			IMGT000032	-
Oryctolagus cuniculus	TRBV15	P	Oryctolagus cuniculus T cell receptor beta variable 15	1			IMGT000032	-
Oryctolagus cuniculus	TRBV16	P	Oryctolagus cuniculus T cell receptor beta variable 16	1			IMGT000032	-
Oryctolagus cuniculus	TRBV17	P	Oryctolagus cuniculus T cell receptor beta variable 17	1			IMGT000032	-
Oryctolagus cuniculus	TRBV18	F	Oryctolagus cuniculus T cell receptor beta variable 18	1			IMGT000032	-
Oryctolagus cuniculus	TRBV19	F	Oryctolagus cuniculus T cell receptor beta variable 19	1			IMGT000032	-
Oryctolagus cuniculus	TRBV2-1	F	Oryctolagus cuniculus T cell receptor beta variable 2-1	1			IMGT000032	-
Oryctolagus cuniculus	TRBV2-2	F  P	Oryctolagus cuniculus T cell receptor beta variable 2-2	2			IMGT000032	-
Oryctolagus cuniculus	TRBV20-1	F	Oryctolagus cuniculus T cell receptor beta variable 20-1	1			IMGT000032	-
Oryctolagus cuniculus	TRBV20-2	F	Oryctolagus cuniculus T cell receptor beta variable 20-2	1			IMGT000032	-
Oryctolagus cuniculus	TRBV21-1	F	Oryctolagus cuniculus T cell receptor beta variable 21-1	1			IMGT000032	-
Oryctolagus cuniculus	TRBV21-2	F	Oryctolagus cuniculus T cell receptor beta variable 21-2	1			IMGT000032	-
Oryctolagus cuniculus	TRBV21-3	F	Oryctolagus cuniculus T cell receptor beta variable 21-3	1			IMGT000032	-
Oryctolagus cuniculus	TRBV21-4	F	Oryctolagus cuniculus T cell receptor beta variable 21-4	1			IMGT000032	-
Oryctolagus cuniculus	TRBV21-5	F	Oryctolagus cuniculus T cell receptor beta variable 21-5	1			IMGT000032	-
Oryctolagus cuniculus	TRBV21-6	F	Oryctolagus cuniculus T cell receptor beta variable 21-6	1			IMGT000032	-
Oryctolagus cuniculus	TRBV21-7	F	Oryctolagus cuniculus T cell receptor beta variable 21-7	1			IMGT000032	-
Oryctolagus cuniculus	TRBV23	P	Oryctolagus cuniculus T cell receptor beta variable 23	1			IMGT000032	-
Oryctolagus cuniculus	TRBV24	P	Oryctolagus cuniculus T cell receptor beta variable 24	1			IMGT000032	-
Oryctolagus cuniculus	TRBV25	F	Oryctolagus cuniculus T cell receptor beta variable 25	1			IMGT000032	-
Oryctolagus cuniculus	TRBV26	F	Oryctolagus cuniculus T cell receptor beta variable 26	1			IMGT000032	-
Oryctolagus cuniculus	TRBV27	F	Oryctolagus cuniculus T cell receptor beta variable 27	1			IMGT000032	-
Oryctolagus cuniculus	TRBV28	F	Oryctolagus cuniculus T cell receptor beta variable 28	1			IMGT000032	-
Oryctolagus cuniculus	TRBV29	F	Oryctolagus cuniculus T cell receptor beta variable 29	1			IMGT000032	-
Oryctolagus cuniculus	TRBV3	F	Oryctolagus cuniculus T cell receptor beta variable 3	2			IMGT000032	-
Oryctolagus cuniculus	TRBV30	F	Oryctolagus cuniculus T cell receptor beta variable 30	1			IMGT000032	-
Oryctolagus cuniculus	TRBV4	F	Oryctolagus cuniculus T cell receptor beta variable 4	2			IMGT000032	-
Oryctolagus cuniculus	TRBV5-1	F	Oryctolagus cuniculus T cell receptor beta variable 5-1	1			IMGT000032	-
Oryctolagus cuniculus	TRBV5-10	F	Oryctolagus cuniculus T cell receptor beta variable 5-10	1			IMGT000032	-
Oryctolagus cuniculus	TRBV5-11	P	Oryctolagus cuniculus T cell receptor beta variable 5-11	1			IMGT000032	-
Oryctolagus cuniculus	TRBV5-12	F	Oryctolagus cuniculus T cell receptor beta variable 5-12	1			IMGT000032	-
Oryctolagus cuniculus	TRBV5-13	P	Oryctolagus cuniculus T cell receptor beta variable 5-13	1			IMGT000032	-
Oryctolagus cuniculus	TRBV5-14	F	Oryctolagus cuniculus T cell receptor beta variable 5-14	1			IMGT000032	-
Oryctolagus cuniculus	TRBV5-15	F	Oryctolagus cuniculus T cell receptor beta variable 5-15	1			IMGT000032	-
Oryctolagus cuniculus	TRBV5-16	F	Oryctolagus cuniculus T cell receptor beta variable 5-16	1			IMGT000032	-
Oryctolagus cuniculus	TRBV5-17	F	Oryctolagus cuniculus T cell receptor beta variable 5-17	1			IMGT000032	-
Oryctolagus cuniculus	TRBV5-2	F	Oryctolagus cuniculus T cell receptor beta variable 5-2	1			IMGT000032	-
Oryctolagus cuniculus	TRBV5-3	P	Oryctolagus cuniculus T cell receptor beta variable 5-3	1			IMGT000032	-
Oryctolagus cuniculus	TRBV5-4	F	Oryctolagus cuniculus T cell receptor beta variable 5-4	1			IMGT000032	-
Oryctolagus cuniculus	TRBV5-5	F	Oryctolagus cuniculus T cell receptor beta variable 5-5	1			IMGT000032	-
Oryctolagus cuniculus	TRBV5-6	P	Oryctolagus cuniculus T cell receptor beta variable 5-6	1			IMGT000032	-
Oryctolagus cuniculus	TRBV5-7	F	Oryctolagus cuniculus T cell receptor beta variable 5-7	1			IMGT000032	-
Oryctolagus cuniculus	TRBV5-8	F	Oryctolagus cuniculus T cell receptor beta variable 5-8	1			IMGT000032	-
Oryctolagus cuniculus	TRBV5-9	F	Oryctolagus cuniculus T cell receptor beta variable 5-9	1			IMGT000032	-
Oryctolagus cuniculus	TRBV6-1	P	Oryctolagus cuniculus T cell receptor beta variable 6-1	1			IMGT000032	-
Oryctolagus cuniculus	TRBV6-10	F	Oryctolagus cuniculus T cell receptor beta variable 6-10	1			IMGT000032	-
Oryctolagus cuniculus	TRBV6-11	F	Oryctolagus cuniculus T cell receptor beta variable 6-11	1			IMGT000032	-
Oryctolagus cuniculus	TRBV6-12	F	Oryctolagus cuniculus T cell receptor beta variable 6-12	1			IMGT000032	-
Oryctolagus cuniculus	TRBV6-13	F	Oryctolagus cuniculus T cell receptor beta variable 6-13	1			IMGT000032	-
Oryctolagus cuniculus	TRBV6-14	F	Oryctolagus cuniculus T cell receptor beta variable 6-14	1			IMGT000032	-
Oryctolagus cuniculus	TRBV6-2	F	Oryctolagus cuniculus T cell receptor beta variable 6-2	1			IMGT000032	-
Oryctolagus cuniculus	TRBV6-3	F	Oryctolagus cuniculus T cell receptor beta variable 6-3	1			IMGT000032	-
Oryctolagus cuniculus	TRBV6-4	F	Oryctolagus cuniculus T cell receptor beta variable 6-4	1			IMGT000032	-
Oryctolagus cuniculus	TRBV6-5	F	Oryctolagus cuniculus T cell receptor beta variable 6-5	1			IMGT000032	-
Oryctolagus cuniculus	TRBV6-6	F	Oryctolagus cuniculus T cell receptor beta variable 6-6	1			IMGT000032	-
Oryctolagus cuniculus	TRBV6-7	F	Oryctolagus cuniculus T cell receptor beta variable 6-7	1			IMGT000032	-
Oryctolagus cuniculus	TRBV6-8	F	Oryctolagus cuniculus T cell receptor beta variable 6-8	1			IMGT000032	-
Oryctolagus cuniculus	TRBV6-9	F	Oryctolagus cuniculus T cell receptor beta variable 6-9	1			IMGT000032	-
Oryctolagus cuniculus	TRBV7-1	F	Oryctolagus cuniculus T cell receptor beta variable 7-1	1			IMGT000032	-
Oryctolagus cuniculus	TRBV7-10	F	Oryctolagus cuniculus T cell receptor beta variable 7-10	1			IMGT000032	-
Oryctolagus cuniculus	TRBV7-11	F	Oryctolagus cuniculus T cell receptor beta variable 7-11	1			IMGT000032	-
Oryctolagus cuniculus	TRBV7-12	P	Oryctolagus cuniculus T cell receptor beta variable 7-12	1			IMGT000032	-
Oryctolagus cuniculus	TRBV7-13	F	Oryctolagus cuniculus T cell receptor beta variable 7-13	1			IMGT000032	-
Oryctolagus cuniculus	TRBV7-14	F	Oryctolagus cuniculus T cell receptor beta variable 7-14	1			IMGT000032	-
Oryctolagus cuniculus	TRBV7-2	F	Oryctolagus cuniculus T cell receptor beta variable 7-2	1			IMGT000032	-
Oryctolagus cuniculus	TRBV7-3	F	Oryctolagus cuniculus T cell receptor beta variable 7-3	1			IMGT000032	-
Oryctolagus cuniculus	TRBV7-4	P	Oryctolagus cuniculus T cell receptor beta variable 7-4	1			IMGT000032	-
Oryctolagus cuniculus	TRBV7-5	F	Oryctolagus cuniculus T cell receptor beta variable 7-5	1			IMGT000032	-
Oryctolagus cuniculus	TRBV7-6	P	Oryctolagus cuniculus T cell receptor beta variable 7-6	1			IMGT000032	-
Oryctolagus cuniculus	TRBV7-7	F	Oryctolagus cuniculus T cell receptor beta variable 7-7	1			IMGT000032	-
Oryctolagus cuniculus	TRBV7-8	P	Oryctolagus cuniculus T cell receptor beta variable 7-8	1			IMGT000032	-
Oryctolagus cuniculus	TRBV7-9	P	Oryctolagus cuniculus T cell receptor beta variable 7-9	1			IMGT000032	-
Oryctolagus cuniculus	TRBV9-1	P	Oryctolagus cuniculus T cell receptor beta variable 9-1	1			IMGT000032	-
Oryctolagus cuniculus	TRBV9-2	P	Oryctolagus cuniculus T cell receptor beta variable 9-2	1			IMGT000032	-
Oryctolagus cuniculus	TRDC	F	Oryctolagus cuniculus T cell receptor delta constant	1	17		BK064757	-
Oryctolagus cuniculus	TRDD1	F	Oryctolagus cuniculus T cell receptor delta diversity 1	1	17		BK064757	-
Oryctolagus cuniculus	TRDD2	F	Oryctolagus cuniculus T cell receptor delta diversity 2	1	17		BK064757	-
Oryctolagus cuniculus	TRDJ1	P	Oryctolagus cuniculus T cell receptor delta joining 1	1	17		BK064757	-
Oryctolagus cuniculus	TRDJ2	F	Oryctolagus cuniculus T cell receptor delta joining 2	1	17		BK064757	-
Oryctolagus cuniculus	TRDJ3	F	Oryctolagus cuniculus T cell receptor delta joining 3	1	17		BK064757	-
Oryctolagus cuniculus	TRDV1	F	Oryctolagus cuniculus T cell receptor delta variable 1	1	17		BK064757	-
Oryctolagus cuniculus	TRDV3	F	Oryctolagus cuniculus T cell receptor delta variable 3	1	17		BK064757	-
Oryctolagus cuniculus	TRDV4	P	Oryctolagus cuniculus T cell receptor delta variable 4	1	17		BK064757	-
Oryctolagus cuniculus	TRDV5	F	Oryctolagus cuniculus T cell receptor delta variable 5	1	17		BK064757	-
Oryctolagus cuniculus	TRGC	F	Oryctolagus cuniculus T cell receptor gamma constant	1	10		IMGT000030	-
Oryctolagus cuniculus	TRGJ1	F	Oryctolagus cuniculus T cell receptor gamma joining 1	1	10		IMGT000030	-
Oryctolagus cuniculus	TRGJ2	F	Oryctolagus cuniculus T cell receptor gamma joining 2	1	10		IMGT000030	-
Oryctolagus cuniculus	TRGV1-1	F	Oryctolagus cuniculus T cell receptor gamma variable 1-1	3	10		IMGT000030	-
Oryctolagus cuniculus	TRGV1-2	F	Oryctolagus cuniculus T cell receptor gamma variable 1-2	1	10		IMGT000030	-
Oryctolagus cuniculus	TRGV1-2D	F	Oryctolagus cuniculus T cell receptor gamma variable 1-2D	1	10		IMGT000030	-
Oryctolagus cuniculus	TRGV1-3	F	Oryctolagus cuniculus T cell receptor gamma variable 1-3	8	10		IMGT000030	-
Oryctolagus cuniculus	TRGV1-4	F	Oryctolagus cuniculus T cell receptor gamma variable 1-4	3	10		IMGT000030	-
Oryctolagus cuniculus	TRGV1-5	F	Oryctolagus cuniculus T cell receptor gamma variable 1-5	2	10		IMGT000030	-
Oryctolagus cuniculus	TRGV1-6	F	Oryctolagus cuniculus T cell receptor gamma variable 1-6	2	10		IMGT000030	-
Oryctolagus cuniculus	TRGV1-7	ORF	Oryctolagus cuniculus T cell receptor gamma variable 1-7	2	10		IMGT000030	-
Oryctolagus cuniculus	TRGV2	ORF	Oryctolagus cuniculus T cell receptor gamma variable 2	1	10		IMGT000030	-
Oryctolagus cuniculus	TRGV3	F	Oryctolagus cuniculus T cell receptor gamma variable 3	1	10		IMGT000030	-
Oryctolagus cuniculus	TRGV4	ORF	Oryctolagus cuniculus T cell receptor gamma variable 4	1	10		IMGT000030	-
Ovis aries	TRAC	F	Ovis aries T cell receptor alpha constant	1	7	-	BK064708	-
Ovis aries	TRAJ1	F	Ovis aries T cell receptor alpha joining 1	1	7	-	BK064708	-
Ovis aries	TRAJ10	F	Ovis aries T cell receptor alpha joining 10	2	7	-	BK064708	-
Ovis aries	TRAJ11	F	Ovis aries T cell receptor alpha joining 11	1	7	-	BK064708	-
Ovis aries	TRAJ12	F	Ovis aries T cell receptor alpha joining 12	1	7	-	BK064708	-
Ovis aries	TRAJ13	ORF	Ovis aries T cell receptor alpha joining 13	1	7	-	BK064708	-
Ovis aries	TRAJ14	ORF	Ovis aries T cell receptor alpha joining 14	1	7	-	BK064708	-
Ovis aries	TRAJ15	F	Ovis aries T cell receptor alpha joining 15	1	7	-	BK064708	-
Ovis aries	TRAJ16	F	Ovis aries T cell receptor alpha joining 16	1	7	-	BK064708	-
Ovis aries	TRAJ17	F	Ovis aries T cell receptor alpha joining 17	1	7	-	BK064708	-
Ovis aries	TRAJ18	F	Ovis aries T cell receptor alpha joining 18	1	7	-	BK064708	-
Ovis aries	TRAJ19	P	Ovis aries T cell receptor alpha joining 19	1	7	-	BK064708	-
Ovis aries	TRAJ2	F	Ovis aries T cell receptor alpha joining 2	1	7	-	BK064708	-
Ovis aries	TRAJ20	F	Ovis aries T cell receptor alpha joining 20	1	7	-	BK064708	-
Ovis aries	TRAJ21	F	Ovis aries T cell receptor alpha joining 21	1	7	-	BK064708	-
Ovis aries	TRAJ22	F	Ovis aries T cell receptor alpha joining 22	1	7	-	BK064708	-
Ovis aries	TRAJ23	F	Ovis aries T cell receptor alpha joining 23	1	7	-	BK064708	-
Ovis aries	TRAJ24	F	Ovis aries T cell receptor alpha joining 24	1	7	-	BK064708	-
Ovis aries	TRAJ25	F	Ovis aries T cell receptor alpha joining 25	1	7	-	BK064708	-
Ovis aries	TRAJ26	F	Ovis aries T cell receptor alpha joining 26	1	7	-	BK064708	-
Ovis aries	TRAJ27	F	Ovis aries T cell receptor alpha joining 27	1	7	-	BK064708	-
Ovis aries	TRAJ28	F	Ovis aries T cell receptor alpha joining 28	1	7	-	BK064708	-
Ovis aries	TRAJ29	F	Ovis aries T cell receptor alpha joining 29	1	7	-	BK064708	-
Ovis aries	TRAJ29D	ORF	Ovis aries T cell receptor alpha joining 29D	1	7	-	BK064708	-
Ovis aries	TRAJ29N	F	Ovis aries T cell receptor alpha joining 29N	1	7	-	BK064708	-
Ovis aries	TRAJ3	ORF	Ovis aries T cell receptor alpha joining 3	2	7	-	BK064708	-
Ovis aries	TRAJ30	F	Ovis aries T cell receptor alpha joining 30	1	7	-	BK064708	-
Ovis aries	TRAJ30D	P	Ovis aries T cell receptor alpha joining 30D	1	7	-	BK064708	-
Ovis aries	TRAJ31	F	Ovis aries T cell receptor alpha joining 31	1	7	-	BK064708	-
Ovis aries	TRAJ31D	P	Ovis aries T cell receptor alpha joining 31D	1	7	-	BK064708	-
Ovis aries	TRAJ31N	P	Ovis aries T cell receptor alpha joining 31N	1	7	-	BK064708	-
Ovis aries	TRAJ32	F	Ovis aries T cell receptor alpha joining 32	2	7	-	BK064708	-
Ovis aries	TRAJ32D	F	Ovis aries T cell receptor alpha joining 32D	1	7	-	BK064708	-
Ovis aries	TRAJ32N	P	Ovis aries T cell receptor alpha joining 32N	1	7	-	BK064708	-
Ovis aries	TRAJ33	F	Ovis aries T cell receptor alpha joining 33	1	7	-	BK064708	-
Ovis aries	TRAJ33D	F	Ovis aries T cell receptor alpha joining 33D	1	7	-	BK064708	-
Ovis aries	TRAJ33N	P	Ovis aries T cell receptor alpha joining 33N	1	7	-	BK064708	-
Ovis aries	TRAJ34	F	Ovis aries T cell receptor alpha joining 34	1	7	-	BK064708	-
Ovis aries	TRAJ34D	F	Ovis aries T cell receptor alpha joining 34D	1	7	-	BK064708	-
Ovis aries	TRAJ34N	P	Ovis aries T cell receptor alpha joining 34N	1	7	-	BK064708	-
Ovis aries	TRAJ35	F	Ovis aries T cell receptor alpha joining 35	2	7	-	BK064708	-
Ovis aries	TRAJ35D	F	Ovis aries T cell receptor alpha joining 35D	1	7	-	BK064708	-
Ovis aries	TRAJ35N	P	Ovis aries T cell receptor alpha joining 35N	1	7	-	BK064708	-
Ovis aries	TRAJ36	F	Ovis aries T cell receptor alpha joining 36	1	7	-	BK064708	-
Ovis aries	TRAJ36D	F	Ovis aries T cell receptor alpha joining 36D	1	7	-	BK064708	-
Ovis aries	TRAJ36N	P	Ovis aries T cell receptor alpha joining 36N	1	7	-	BK064708	-
Ovis aries	TRAJ37	F	Ovis aries T cell receptor alpha joining 37	2	7	-	BK064708	-
Ovis aries	TRAJ37D	F	Ovis aries T cell receptor alpha joining 37D	1	7	-	BK064708	-
Ovis aries	TRAJ37N	P	Ovis aries T cell receptor alpha joining 37N	1	7	-	BK064708	-
Ovis aries	TRAJ38	F	Ovis aries T cell receptor alpha joining 38	1	7	-	BK064708	-
Ovis aries	TRAJ38D	P	Ovis aries T cell receptor alpha joining 38D	1	7	-	BK064708	-
Ovis aries	TRAJ39	F	Ovis aries T cell receptor alpha joining 39	1	7	-	BK064708	-
Ovis aries	TRAJ39D	P	Ovis aries T cell receptor alpha joining 39D	1	7	-	BK064708	-
Ovis aries	TRAJ4	ORF	Ovis aries T cell receptor alpha joining 4	1	7	-	BK064708	-
Ovis aries	TRAJ40	F	Ovis aries T cell receptor alpha joining 40	1	7	-	BK064708	-
Ovis aries	TRAJ41	F	Ovis aries T cell receptor alpha joining 41	1	7	-	BK064708	-
Ovis aries	TRAJ42	F	Ovis aries T cell receptor alpha joining 42	1	7	-	BK064708	-
Ovis aries	TRAJ43	F	Ovis aries T cell receptor alpha joining 43	1	7	-	BK064708	-
Ovis aries	TRAJ44	F	Ovis aries T cell receptor alpha joining 44	1	7	-	BK064708	-
Ovis aries	TRAJ44D	F	Ovis aries T cell receptor alpha joining 44D	1	7	-	OviAri_1_chr7	-
Ovis aries	TRAJ45	F	Ovis aries T cell receptor alpha joining 45	1	7	-	BK064708	-
Ovis aries	TRAJ46	F	Ovis aries T cell receptor alpha joining 46	1	7	-	BK064708	-
Ovis aries	TRAJ47	F	Ovis aries T cell receptor alpha joining 47	1	7	-	BK064708	-
Ovis aries	TRAJ48	F	Ovis aries T cell receptor alpha joining 48	1	7	-	BK064708	-
Ovis aries	TRAJ49	F	Ovis aries T cell receptor alpha joining 49	1	7	-	BK064708	-
Ovis aries	TRAJ5	F	Ovis aries T cell receptor alpha joining 5	2	7	-	BK064708	-
Ovis aries	TRAJ50	F	Ovis aries T cell receptor alpha joining 50	1	7	-	BK064708	-
Ovis aries	TRAJ52	F	Ovis aries T cell receptor alpha joining 52	1	7	-	BK064708	-
Ovis aries	TRAJ53	F	Ovis aries T cell receptor alpha joining 53	1	7	-	BK064708	-
Ovis aries	TRAJ54	F	Ovis aries T cell receptor alpha joining 54	1	7	-	BK064708	-
Ovis aries	TRAJ56	F	Ovis aries T cell receptor alpha joining 56	1	7	-	BK064708	-
Ovis aries	TRAJ57	F	Ovis aries T cell receptor alpha joining 57	1	7	-	BK064708	-
Ovis aries	TRAJ58	F	Ovis aries T cell receptor alpha joining 58	1	7	-	BK064708	-
Ovis aries	TRAJ59	F	Ovis aries T cell receptor alpha joining 59	1	7	-	BK064708	-
Ovis aries	TRAJ6	ORF	Ovis aries T cell receptor alpha joining 6	1	7	-	BK064708	-
Ovis aries	TRAJ60	F	Ovis aries T cell receptor alpha joining 60	1	7	-	BK064708	-
Ovis aries	TRAJ61	P	Ovis aries T cell receptor alpha joining 61	1	7	-	BK064708	-
Ovis aries	TRAJ7	F	Ovis aries T cell receptor alpha joining 7	1	7	-	BK064708	-
Ovis aries	TRAJ8-1	F	Ovis aries T cell receptor alpha joining 8-1	1	7	-	BK064708	-
Ovis aries	TRAJ8-2	F	Ovis aries T cell receptor alpha joining 8-2	1	7	-	BK064708	-
Ovis aries	TRAJ9	F	Ovis aries T cell receptor alpha joining 9	2	7	-	BK064708	-
Ovis aries	TRAV1	ORF	Ovis aries T cell receptor alpha variable 1	1	7	-	BK064708	-
Ovis aries	TRAV10-1	P	Ovis aries T cell receptor alpha variable 10-1	1	7	-	BK064708	-
Ovis aries	TRAV10-2	F	Ovis aries T cell receptor alpha variable 10-2	2	7	-	BK064708	-
Ovis aries	TRAV11-1	P	Ovis aries T cell receptor alpha variable 11-1	1	7	-	BK064708	-
Ovis aries	TRAV11-2	P	Ovis aries T cell receptor alpha variable 11-2	2	7	-	BK064708	-
Ovis aries	TRAV11-2D	P	Ovis aries T cell receptor alpha variable 11-2D	1	7	-	BK064708	-
Ovis aries	TRAV12-1	F	Ovis aries T cell receptor alpha variable 12-1	1	7	-	BK064708	-
Ovis aries	TRAV12-1D	F	Ovis aries T cell receptor alpha variable 12-1D	1	7	-	BK064708	-
Ovis aries	TRAV12-2	F	Ovis aries T cell receptor alpha variable 12-2	1	7	-	BK064708	-
Ovis aries	TRAV12-3	P	Ovis aries T cell receptor alpha variable 12-3	1	7	-	BK064708	-
Ovis aries	TRAV12-4	F	Ovis aries T cell receptor alpha variable 12-4	1	7	-	BK064708	-
Ovis aries	TRAV12-5	P	Ovis aries T cell receptor alpha variable 12-5	1	7	-	BK064708	-
Ovis aries	TRAV12-6	F	Ovis aries T cell receptor alpha variable 12-6	2	7	-	BK064708	-
Ovis aries	TRAV13-1	F	Ovis aries T cell receptor alpha variable 13-1	1	7	-	BK064708	-
Ovis aries	TRAV13-10	F	Ovis aries T cell receptor alpha variable 13-10	1	7	-	BK064708	-
Ovis aries	TRAV13-10D	F	Ovis aries T cell receptor alpha variable 13-10D	1	7	-	BK064708	-
Ovis aries	TRAV13-11	P	Ovis aries T cell receptor alpha variable 13-11	1	7	-	BK064708	-
Ovis aries	TRAV13-12	F	Ovis aries T cell receptor alpha variable 13-12	1	7	-	BK064708	-
Ovis aries	TRAV13-13	F	Ovis aries T cell receptor alpha variable 13-13	1	7	-	BK064708	-
Ovis aries	TRAV13-14	F	Ovis aries T cell receptor alpha variable 13-14	1	7	-	BK064708	-
Ovis aries	TRAV13-15	P	Ovis aries T cell receptor alpha variable 13-15	1	7	-	BK064708	-
Ovis aries	TRAV13-16	P	Ovis aries T cell receptor alpha variable 13-16	1	7	-	BK064708	-
Ovis aries	TRAV13-17	F	Ovis aries T cell receptor alpha variable 13-17	1	7	-	BK064708	-
Ovis aries	TRAV13-18	F	Ovis aries T cell receptor alpha variable 13-18	1	7	-	BK064708	-
Ovis aries	TRAV13-2	F	Ovis aries T cell receptor alpha variable 13-2	1	7	-	BK064708	-
Ovis aries	TRAV13-2D	F	Ovis aries T cell receptor alpha variable 13-2D	1	7	-	BK064708	-
Ovis aries	TRAV13-3	P	Ovis aries T cell receptor alpha variable 13-3	1	7	-	BK064708	-
Ovis aries	TRAV13-4	P	Ovis aries T cell receptor alpha variable 13-4	1	7	-	BK064708	-
Ovis aries	TRAV13-5	P	Ovis aries T cell receptor alpha variable 13-5	1	7	-	BK064708	-
Ovis aries	TRAV13-6	P	Ovis aries T cell receptor alpha variable 13-6	1	7	-	BK064708	-
Ovis aries	TRAV13-7	P	Ovis aries T cell receptor alpha variable 13-7	1	7	-	BK064708	-
Ovis aries	TRAV13-8	P	Ovis aries T cell receptor alpha variable 13-8	1	7	-	BK064708	-
Ovis aries	TRAV13-9	P	Ovis aries T cell receptor alpha variable 13-9	1	7	-	BK064708	-
Ovis aries	TRAV13S1	F	Ovis aries T cell receptor alpha variable 13S1	1	7	-	OviAri_3_chr7	-
Ovis aries	TRAV14-1	P	Ovis aries T cell receptor alpha variable 14-1	1	7	-	BK064708	-
Ovis aries	TRAV14-10	F	Ovis aries T cell receptor alpha variable 14-10	1	7	-	BK064708	-
Ovis aries	TRAV14-11	F	Ovis aries T cell receptor alpha variable 14-11	1	7	-	BK064708	-
Ovis aries	TRAV14-12	F	Ovis aries T cell receptor alpha variable 14-12	1	7	-	BK064708	-
Ovis aries	TRAV14-2	F	Ovis aries T cell receptor alpha variable 14-2	1	7	-	BK064708	-
Ovis aries	TRAV14-2D	F	Ovis aries T cell receptor alpha variable 14-2D	1	7	-	BK064708	-
Ovis aries	TRAV14-3	P	Ovis aries T cell receptor alpha variable 14-3	1	7	-	BK064708	-
Ovis aries	TRAV14-4	P	Ovis aries T cell receptor alpha variable 14-4	1	7	-	BK064708	-
Ovis aries	TRAV14-5	P	Ovis aries T cell receptor alpha variable 14-5	1	7	-	BK064708	-
Ovis aries	TRAV14-6	P	Ovis aries T cell receptor alpha variable 14-6	1	7	-	BK064708	-
Ovis aries	TRAV14-7	F	Ovis aries T cell receptor alpha variable 14-7	1	7	-	BK064708	-
Ovis aries	TRAV14-8	F	Ovis aries T cell receptor alpha variable 14-8	1	7	-	BK064708	-
Ovis aries	TRAV14-9	P	Ovis aries T cell receptor alpha variable 14-9	1	7	-	BK064708	-
Ovis aries	TRAV14S1	ORF	Ovis aries T cell receptor alpha variable 14S1	1	7	-	U78035	-
Ovis aries	TRAV16	F	Ovis aries T cell receptor alpha variable 16	2	7	-	BK064708	-
Ovis aries	TRAV17-1	P	Ovis aries T cell receptor alpha variable 17-1	1	7	-	BK064708	-
Ovis aries	TRAV17-2	F  P	Ovis aries T cell receptor alpha variable 17-2	2	7	-	BK064708	-
Ovis aries	TRAV18-1	P	Ovis aries T cell receptor alpha variable 18-1	1	7	-	BK064708	-
Ovis aries	TRAV18-2	F	Ovis aries T cell receptor alpha variable 18-2	1	7	-	BK064708	-
Ovis aries	TRAV18S1	F	Ovis aries T cell receptor alpha variable 18S1	1	7	-	NW_004080344	-
Ovis aries	TRAV18S2	F	Ovis aries T cell receptor alpha variable 18S2	1	7	-	NW_004081534	-
Ovis aries	TRAV19	P	Ovis aries T cell receptor alpha variable 19	1	7	-	BK064708	-
Ovis aries	TRAV2	ORF	Ovis aries T cell receptor alpha variable 2	2	7	-	BK064708	-
Ovis aries	TRAV20-1	F	Ovis aries T cell receptor alpha variable 20-1	1	7	-	BK064708	-
Ovis aries	TRAV20-2	P	Ovis aries T cell receptor alpha variable 20-2	1	7	-	BK064708	-
Ovis aries	TRAV20-3	P	Ovis aries T cell receptor alpha variable 20-3	1	7	-	BK064708	-
Ovis aries	TRAV20-4	F	Ovis aries T cell receptor alpha variable 20-4	1	7	-	BK064708	-
Ovis aries	TRAV21-1	P	Ovis aries T cell receptor alpha variable 21-1	1	7	-	BK064708	-
Ovis aries	TRAV21-2	F	Ovis aries T cell receptor alpha variable 21-2	1	7	-	BK064708	-
Ovis aries	TRAV21-3	F	Ovis aries T cell receptor alpha variable 21-3	2	7	-	BK064708	-
Ovis aries	TRAV21-4	P	Ovis aries T cell receptor alpha variable 21-4	1	7	-	BK064708	-
Ovis aries	TRAV21-5	P	Ovis aries T cell receptor alpha variable 21-5	1	7	-	BK064708	-
Ovis aries	TRAV22-1	P	Ovis aries T cell receptor alpha variable 22-1	1	7	-	BK064708	-
Ovis aries	TRAV22-10	F	Ovis aries T cell receptor alpha variable 22-10	1	7	-	BK064708	-
Ovis aries	TRAV22-11	F	Ovis aries T cell receptor alpha variable 22-11	2	7	-	BK064708	-
Ovis aries	TRAV22-12	P	Ovis aries T cell receptor alpha variable 22-12	1	7	-	BK064708	-
Ovis aries	TRAV22-13	F  P	Ovis aries T cell receptor alpha variable 22-13	2	7	-	BK064708	-
Ovis aries	TRAV22-14	P	Ovis aries T cell receptor alpha variable 22-14	1	7	-	BK064708	-
Ovis aries	TRAV22-15	P	Ovis aries T cell receptor alpha variable 22-15	1	7	-	BK064708	-
Ovis aries	TRAV22-16	F	Ovis aries T cell receptor alpha variable 22-16	1	7	-	BK064708	-
Ovis aries	TRAV22-17	P	Ovis aries T cell receptor alpha variable 22-17	1	7	-	BK064708	-
Ovis aries	TRAV22-18	P	Ovis aries T cell receptor alpha variable 22-18	1	7	-	BK064708	-
Ovis aries	TRAV22-19	F	Ovis aries T cell receptor alpha variable 22-19	1	7	-	BK064708	-
Ovis aries	TRAV22-1D	P	Ovis aries T cell receptor alpha variable 22-1D	1	7	-	BK064708	-
Ovis aries	TRAV22-2	P	Ovis aries T cell receptor alpha variable 22-2	1	7	-	BK064708	-
Ovis aries	TRAV22-20	F	Ovis aries T cell receptor alpha variable 22-20	1	7	-	BK064708	-
Ovis aries	TRAV22-21	F	Ovis aries T cell receptor alpha variable 22-21	1	7	-	BK064708	-
Ovis aries	TRAV22-22	F	Ovis aries T cell receptor alpha variable 22-22	1	7	-	BK064708	-
Ovis aries	TRAV22-23	P	Ovis aries T cell receptor alpha variable 22-23	1	7	-	BK064708	-
Ovis aries	TRAV22-24	P	Ovis aries T cell receptor alpha variable 22-24	1	7	-	BK064708	-
Ovis aries	TRAV22-25	P	Ovis aries T cell receptor alpha variable 22-25	1	7	-	BK064708	-
Ovis aries	TRAV22-26	F	Ovis aries T cell receptor alpha variable 22-26	1	7	-	BK064708	-
Ovis aries	TRAV22-27	P	Ovis aries T cell receptor alpha variable 22-27	2	7	-	BK064708	-
Ovis aries	TRAV22-28	F	Ovis aries T cell receptor alpha variable 22-28	1	7	-	BK064708	-
Ovis aries	TRAV22-29	P	Ovis aries T cell receptor alpha variable 22-29	2	7	-	BK064708	-
Ovis aries	TRAV22-3	F	Ovis aries T cell receptor alpha variable 22-3	1	7	-	BK064708	-
Ovis aries	TRAV22-30	P	Ovis aries T cell receptor alpha variable 22-30	1	7	-	BK064708	-
Ovis aries	TRAV22-31	F	Ovis aries T cell receptor alpha variable 22-31	1	7	-	BK064708	-
Ovis aries	TRAV22-32	P	Ovis aries T cell receptor alpha variable 22-32	1	7	-	BK064708	-
Ovis aries	TRAV22-33	F	Ovis aries T cell receptor alpha variable 22-33	1	7	-	BK064708	-
Ovis aries	TRAV22-34	P	Ovis aries T cell receptor alpha variable 22-34	1	7	-	BK064708	-
Ovis aries	TRAV22-35	P	Ovis aries T cell receptor alpha variable 22-35	1	7	-	BK064708	-
Ovis aries	TRAV22-36	P	Ovis aries T cell receptor alpha variable 22-36	1	7	-	BK064708	-
Ovis aries	TRAV22-37	F	Ovis aries T cell receptor alpha variable 22-37	1	7	-	BK064708	-
Ovis aries	TRAV22-38	P	Ovis aries T cell receptor alpha variable 22-38	1	7	-	BK064708	-
Ovis aries	TRAV22-39	F	Ovis aries T cell receptor alpha variable 22-39	1	7	-	BK064708	-
Ovis aries	TRAV22-4	P	Ovis aries T cell receptor alpha variable 22-4	1	7	-	BK064708	-
Ovis aries	TRAV22-40	F	Ovis aries T cell receptor alpha variable 22-40	1	7	-	BK064708	-
Ovis aries	TRAV22-41	P	Ovis aries T cell receptor alpha variable 22-41	1	7	-	BK064708	-
Ovis aries	TRAV22-5	F	Ovis aries T cell receptor alpha variable 22-5	1	7	-	BK064708	-
Ovis aries	TRAV22-6	F	Ovis aries T cell receptor alpha variable 22-6	2	7	-	BK064708	-
Ovis aries	TRAV22-7	F	Ovis aries T cell receptor alpha variable 22-7	1	7	-	BK064708	-
Ovis aries	TRAV22-8	P	Ovis aries T cell receptor alpha variable 22-8	1	7	-	BK064708	-
Ovis aries	TRAV22-9	F	Ovis aries T cell receptor alpha variable 22-9	1	7	-	BK064708	-
Ovis aries	TRAV22S1	F	Ovis aries T cell receptor alpha variable 22S1	1	7	-	NW_004081110	-
Ovis aries	TRAV23-1	F	Ovis aries T cell receptor alpha variable 23-1	1	7	-	BK064708	-
Ovis aries	TRAV23-10	P	Ovis aries T cell receptor alpha variable 23-10	1	7	-	BK064708	-
Ovis aries	TRAV23-11	F	Ovis aries T cell receptor alpha variable 23-11	1	7	-	BK064708	-
Ovis aries	TRAV23-12	P	Ovis aries T cell receptor alpha variable 23-12	1	7	-	BK064708	-
Ovis aries	TRAV23-13	P	Ovis aries T cell receptor alpha variable 23-13	1	7	-	BK064708	-
Ovis aries	TRAV23-14	P	Ovis aries T cell receptor alpha variable 23-14	1	7	-	BK064708	-
Ovis aries	TRAV23-15	P	Ovis aries T cell receptor alpha variable 23-15	1	7	-	BK064708	-
Ovis aries	TRAV23-15D	P	Ovis aries T cell receptor alpha variable 23-15D	1	7	-	BK064708	-
Ovis aries	TRAV23-16	P	Ovis aries T cell receptor alpha variable 23-16	1	7	-	BK064708	-
Ovis aries	TRAV23-17	P	Ovis aries T cell receptor alpha variable 23-17	1	7	-	BK064708	-
Ovis aries	TRAV23-18	P	Ovis aries T cell receptor alpha variable 23-18	2	7	-	BK064708	-
Ovis aries	TRAV23-19	P	Ovis aries T cell receptor alpha variable 23-19	1	7	-	BK064708	-
Ovis aries	TRAV23-2	P	Ovis aries T cell receptor alpha variable 23-2	1	7	-	BK064708	-
Ovis aries	TRAV23-20	P	Ovis aries T cell receptor alpha variable 23-20	1	7	-	BK064708	-
Ovis aries	TRAV23-21	ORF	Ovis aries T cell receptor alpha variable 23-21	1	7	-	BK064708	-
Ovis aries	TRAV23-22	P	Ovis aries T cell receptor alpha variable 23-22	1	7	-	BK064708	-
Ovis aries	TRAV23-23	ORF	Ovis aries T cell receptor alpha variable 23-23	1	7	-	BK064708	-
Ovis aries	TRAV23-24	P	Ovis aries T cell receptor alpha variable 23-24	1	7	-	BK064708	-
Ovis aries	TRAV23-25	P	Ovis aries T cell receptor alpha variable 23-25	1	7	-	BK064708	-
Ovis aries	TRAV23-26	P	Ovis aries T cell receptor alpha variable 23-26	1	7	-	BK064708	-
Ovis aries	TRAV23-27	P	Ovis aries T cell receptor alpha variable 23-27	2	7	-	BK064708	-
Ovis aries	TRAV23-28	P	Ovis aries T cell receptor alpha variable 23-28	2	7	-	BK064708	-
Ovis aries	TRAV23-29	P	Ovis aries T cell receptor alpha variable 23-29	1	7	-	BK064708	-
Ovis aries	TRAV23-3	F	Ovis aries T cell receptor alpha variable 23-3	1	7	-	BK064708	-
Ovis aries	TRAV23-30	P	Ovis aries T cell receptor alpha variable 23-30	1	7	-	BK064708	-
Ovis aries	TRAV23-31	P	Ovis aries T cell receptor alpha variable 23-31	2	7	-	BK064708	-
Ovis aries	TRAV23-32	P	Ovis aries T cell receptor alpha variable 23-32	1	7	-	BK064708	-
Ovis aries	TRAV23-33	P	Ovis aries T cell receptor alpha variable 23-33	1	7	-	BK064708	-
Ovis aries	TRAV23-34	P	Ovis aries T cell receptor alpha variable 23-34	1	7	-	BK064708	-
Ovis aries	TRAV23-35	P	Ovis aries T cell receptor alpha variable 23-35	1	7	-	BK064708	-
Ovis aries	TRAV23-36	P	Ovis aries T cell receptor alpha variable 23-36	2	7	-	BK064708	-
Ovis aries	TRAV23-37	P	Ovis aries T cell receptor alpha variable 23-37	1	7	-	BK064708	-
Ovis aries	TRAV23-4	P	Ovis aries T cell receptor alpha variable 23-4	1	7	-	BK064708	-
Ovis aries	TRAV23-5	P	Ovis aries T cell receptor alpha variable 23-5	1	7	-	BK064708	-
Ovis aries	TRAV23-6	F	Ovis aries T cell receptor alpha variable 23-6	1	7	-	BK064708	-
Ovis aries	TRAV23-7	P	Ovis aries T cell receptor alpha variable 23-7	1	7	-	BK064708	-
Ovis aries	TRAV23-8	F	Ovis aries T cell receptor alpha variable 23-8	1	7	-	BK064708	-
Ovis aries	TRAV23-9	P	Ovis aries T cell receptor alpha variable 23-9	1	7	-	BK064708	-
Ovis aries	TRAV23S1	P	Ovis aries T cell receptor alpha variable 23S1	1	7	-	NW_004082507	-
Ovis aries	TRAV24-1	P	Ovis aries T cell receptor alpha variable 24-1	1	7	-	BK064708	-
Ovis aries	TRAV24-2	P	Ovis aries T cell receptor alpha variable 24-2	1	7	-	BK064708	-
Ovis aries	TRAV24-3	ORF	Ovis aries T cell receptor alpha variable 24-3	1	7	-	BK064708	-
Ovis aries	TRAV24-4	P	Ovis aries T cell receptor alpha variable 24-4	1	7	-	BK064708	-
Ovis aries	TRAV24-5	P	Ovis aries T cell receptor alpha variable 24-5	1	7	-	BK064708	-
Ovis aries	TRAV24-6	ORF	Ovis aries T cell receptor alpha variable 24-6	1	7	-	BK064708	-
Ovis aries	TRAV24-7	P	Ovis aries T cell receptor alpha variable 24-7	1	7	-	BK064708	-
Ovis aries	TRAV24-8	F	Ovis aries T cell receptor alpha variable 24-8	1	7	-	BK064708	-
Ovis aries	TRAV25-1	F	Ovis aries T cell receptor alpha variable 25-1	1	7	-	BK064708	-
Ovis aries	TRAV25-10	P	Ovis aries T cell receptor alpha variable 25-10	1	7	-	BK064708	-
Ovis aries	TRAV25-11	P	Ovis aries T cell receptor alpha variable 25-11	1	7	-	BK064708	-
Ovis aries	TRAV25-12	P	Ovis aries T cell receptor alpha variable 25-12	1	7	-	BK064708	-
Ovis aries	TRAV25-13	F	Ovis aries T cell receptor alpha variable 25-13	1	7	-	BK064708	-
Ovis aries	TRAV25-14	P	Ovis aries T cell receptor alpha variable 25-14	1	7	-	BK064708	-
Ovis aries	TRAV25-15	P	Ovis aries T cell receptor alpha variable 25-15	1	7	-	BK064708	-
Ovis aries	TRAV25-16	P	Ovis aries T cell receptor alpha variable 25-16	1	7	-	BK064708	-
Ovis aries	TRAV25-17	F	Ovis aries T cell receptor alpha variable 25-17	1	7	-	BK064708	-
Ovis aries	TRAV25-18	P	Ovis aries T cell receptor alpha variable 25-18	1	7	-	BK064708	-
Ovis aries	TRAV25-19	F  P	Ovis aries T cell receptor alpha variable 25-19	2	7	-	BK064708	-
Ovis aries	TRAV25-2	F	Ovis aries T cell receptor alpha variable 25-2	1	7	-	BK064708	-
Ovis aries	TRAV25-20	P	Ovis aries T cell receptor alpha variable 25-20	1	7	-	BK064708	-
Ovis aries	TRAV25-21	F	Ovis aries T cell receptor alpha variable 25-21	1	7	-	BK064708	-
Ovis aries	TRAV25-22	F	Ovis aries T cell receptor alpha variable 25-22	1	7	-	BK064708	-
Ovis aries	TRAV25-23	P	Ovis aries T cell receptor alpha variable 25-23	1	7	-	BK064708	-
Ovis aries	TRAV25-24	P	Ovis aries T cell receptor alpha variable 25-24	1	7	-	BK064708	-
Ovis aries	TRAV25-25	P	Ovis aries T cell receptor alpha variable 25-25	1	7	-	BK064708	-
Ovis aries	TRAV25-26	F	Ovis aries T cell receptor alpha variable 25-26	2	7	-	BK064708	-
Ovis aries	TRAV25-3	F	Ovis aries T cell receptor alpha variable 25-3	1	7	-	BK064708	-
Ovis aries	TRAV25-4	ORF	Ovis aries T cell receptor alpha variable 25-4	1	7	-	BK064708	-
Ovis aries	TRAV25-5	P	Ovis aries T cell receptor alpha variable 25-5	1	7	-	BK064708	-
Ovis aries	TRAV25-6	F	Ovis aries T cell receptor alpha variable 25-6	1	7	-	BK064708	-
Ovis aries	TRAV25-7	ORF	Ovis aries T cell receptor alpha variable 25-7	1	7	-	BK064708	-
Ovis aries	TRAV25-8	F	Ovis aries T cell receptor alpha variable 25-8	1	7	-	BK064708	-
Ovis aries	TRAV25-9	P	Ovis aries T cell receptor alpha variable 25-9	1	7	-	BK064708	-
Ovis aries	TRAV26-1	F	Ovis aries T cell receptor alpha variable 26-1	1	7	-	BK064708	-
Ovis aries	TRAV26-2	F	Ovis aries T cell receptor alpha variable 26-2	2	7	-	BK064708	-
Ovis aries	TRAV27	F  P	Ovis aries T cell receptor alpha variable 27	2	7	-	BK064708	-
Ovis aries	TRAV28-1	F	Ovis aries T cell receptor alpha variable 28-1	2	7	-	BK064708	-
Ovis aries	TRAV28-2	F	Ovis aries T cell receptor alpha variable 28-2	2	7	-	BK064708	-
Ovis aries	TRAV29-1	F	Ovis aries T cell receptor alpha variable 29-1	2	7	-	BK064708	-
Ovis aries	TRAV29-2	F	Ovis aries T cell receptor alpha variable 29-2	1	7	-	BK064708	-
Ovis aries	TRAV3	F	Ovis aries T cell receptor alpha variable 3	2	7	-	BK064708	-
Ovis aries	TRAV33-1	P	Ovis aries T cell receptor alpha variable 33-1	2	7	-	BK064708	-
Ovis aries	TRAV33-2	F	Ovis aries T cell receptor alpha variable 33-2	1	7	-	BK064708	-
Ovis aries	TRAV34	P	Ovis aries T cell receptor alpha variable 34	1	7	-	BK064708	-
Ovis aries	TRAV35	P	Ovis aries T cell receptor alpha variable 35	2	7	-	BK064708	-
Ovis aries	TRAV36	F	Ovis aries T cell receptor alpha variable 36	2	7	-	BK064708	-
Ovis aries	TRAV37	P	Ovis aries T cell receptor alpha variable 37	1	7	-	BK064708	-
Ovis aries	TRAV38-1	F	Ovis aries T cell receptor alpha variable 38-1	2	7	-	BK064708	-
Ovis aries	TRAV38-2	F	Ovis aries T cell receptor alpha variable 38-2	1	7	-	BK064708	-
Ovis aries	TRAV39	ORF	Ovis aries T cell receptor alpha variable 39	2	7	-	BK064708	-
Ovis aries	TRAV4-1	F	Ovis aries T cell receptor alpha variable 4-1	2	7	-	BK064708	-
Ovis aries	TRAV4-2	F	Ovis aries T cell receptor alpha variable 4-2	1	7	-	BK064708	-
Ovis aries	TRAV41	F	Ovis aries T cell receptor alpha variable 41	2	7	-	BK064708	-
Ovis aries	TRAV43-1	F	Ovis aries T cell receptor alpha variable 43-1	2	7	-	BK064708	-
Ovis aries	TRAV43-10	F	Ovis aries T cell receptor alpha variable 43-10	2	7	-	BK064708	-
Ovis aries	TRAV43-11	F	Ovis aries T cell receptor alpha variable 43-11	1	7	-	BK064708	-
Ovis aries	TRAV43-2	F	Ovis aries T cell receptor alpha variable 43-2	1	7	-	BK064708	-
Ovis aries	TRAV43-2D	F	Ovis aries T cell receptor alpha variable 43-2D	1	7	-	BK064708	-
Ovis aries	TRAV43-3	F	Ovis aries T cell receptor alpha variable 43-3	1	7	-	BK064708	-
Ovis aries	TRAV43-4	F	Ovis aries T cell receptor alpha variable 43-4	1	7	-	BK064708	-
Ovis aries	TRAV43-4D	F	Ovis aries T cell receptor alpha variable 43-4D	1	7	-	BK064708	-
Ovis aries	TRAV43-5	F	Ovis aries T cell receptor alpha variable 43-5	1	7	-	BK064708	-
Ovis aries	TRAV43-6	F	Ovis aries T cell receptor alpha variable 43-6	1	7	-	BK064708	-
Ovis aries	TRAV43-6D	F	Ovis aries T cell receptor alpha variable 43-6D	1	7	-	BK064708	-
Ovis aries	TRAV43-7	P	Ovis aries T cell receptor alpha variable 43-7	1	7	-	BK064708	-
Ovis aries	TRAV43-8	F	Ovis aries T cell receptor alpha variable 43-8	1	7	-	BK064708	-
Ovis aries	TRAV43-9	P	Ovis aries T cell receptor alpha variable 43-9	2	7	-	BK064708	-
Ovis aries	TRAV43S1	F	Ovis aries T cell receptor alpha variable 43S1	1	7	-	OviAri_3_chr7	-
Ovis aries	TRAV44-1	P	Ovis aries T cell receptor alpha variable 44-1	1	7	-	BK064708	-
Ovis aries	TRAV44-10	P	Ovis aries T cell receptor alpha variable 44-10	1	7	-	BK064708	-
Ovis aries	TRAV44-11	F	Ovis aries T cell receptor alpha variable 44-11	1	7	-	BK064708	-
Ovis aries	TRAV44-12	P	Ovis aries T cell receptor alpha variable 44-12	1	7	-	BK064708	-
Ovis aries	TRAV44-13	P	Ovis aries T cell receptor alpha variable 44-13	1	7	-	BK064708	-
Ovis aries	TRAV44-14	P	Ovis aries T cell receptor alpha variable 44-14	1	7	-	BK064708	-
Ovis aries	TRAV44-15	P	Ovis aries T cell receptor alpha variable 44-15	1	7	-	BK064708	-
Ovis aries	TRAV44-16	F	Ovis aries T cell receptor alpha variable 44-16	1	7	-	BK064708	-
Ovis aries	TRAV44-17	P	Ovis aries T cell receptor alpha variable 44-17	1	7	-	BK064708	-
Ovis aries	TRAV44-18	F	Ovis aries T cell receptor alpha variable 44-18	1	7	-	BK064708	-
Ovis aries	TRAV44-19	P	Ovis aries T cell receptor alpha variable 44-19	1	7	-	BK064708	-
Ovis aries	TRAV44-2	F	Ovis aries T cell receptor alpha variable 44-2	1	7	-	BK064708	-
Ovis aries	TRAV44-20	P	Ovis aries T cell receptor alpha variable 44-20	2	7	-	BK064708	-
Ovis aries	TRAV44-21	F	Ovis aries T cell receptor alpha variable 44-21	2	7	-	BK064708	-
Ovis aries	TRAV44-3	F	Ovis aries T cell receptor alpha variable 44-3	1	7	-	BK064708	-
Ovis aries	TRAV44-4	F	Ovis aries T cell receptor alpha variable 44-4	1	7	-	BK064708	-
Ovis aries	TRAV44-5	P	Ovis aries T cell receptor alpha variable 44-5	1	7	-	BK064708	-
Ovis aries	TRAV44-6	F	Ovis aries T cell receptor alpha variable 44-6	1	7	-	BK064708	-
Ovis aries	TRAV44-7	ORF	Ovis aries T cell receptor alpha variable 44-7	1	7	-	BK064708	-
Ovis aries	TRAV44-8	F	Ovis aries T cell receptor alpha variable 44-8	1	7	-	BK064708	-
Ovis aries	TRAV44-9	F	Ovis aries T cell receptor alpha variable 44-9	1	7	-	BK064708	-
Ovis aries	TRAV44S1	F	Ovis aries T cell receptor alpha variable 44S1	1	7	-	OviAri_2_chr7	-
Ovis aries	TRAV44S2	F	Ovis aries T cell receptor alpha variable 44S2	1	7	-	NW_004080312	-
Ovis aries	TRAV44S3	P	Ovis aries T cell receptor alpha variable 44S3	1	7	-	NW_004082507	-
Ovis aries	TRAV44S4	F	Ovis aries T cell receptor alpha variable 44S4	1	7	-	NW_004082507	-
Ovis aries	TRAV45-1	P	Ovis aries T cell receptor alpha variable 45-1	1	7	-	BK064708	-
Ovis aries	TRAV45-2	F	Ovis aries T cell receptor alpha variable 45-2	1	7	-	BK064708	-
Ovis aries	TRAV45-3	ORF  P	Ovis aries T cell receptor alpha variable 45-3	2	7	-	BK064708	-
Ovis aries	TRAV45S1	F	Ovis aries T cell receptor alpha variable 45S1	1	7	-	NW_004080772	-
Ovis aries	TRAV45S2	F	Ovis aries T cell receptor alpha variable 45S2	2	7	-	NW_004081534	-
Ovis aries	TRAV45S3	F	Ovis aries T cell receptor alpha variable 45S3	1	7	-	NW_004081534	-
Ovis aries	TRAV46	P	Ovis aries T cell receptor alpha variable 46	2	7	-	BK064708	-
Ovis aries	TRAV5	F  P	Ovis aries T cell receptor alpha variable 5	2	7	-	BK064708	-
Ovis aries	TRAV6	P	Ovis aries T cell receptor alpha variable 6	2	7	-	BK064708	-
Ovis aries	TRAV8-1	F  ORF	Ovis aries T cell receptor alpha variable 8-1	2	7	-	BK064708	-
Ovis aries	TRAV8-10	F	Ovis aries T cell receptor alpha variable 8-10	1	7	-	BK064708	-
Ovis aries	TRAV8-11	P	Ovis aries T cell receptor alpha variable 8-11	1	7	-	BK064708	-
Ovis aries	TRAV8-12	P	Ovis aries T cell receptor alpha variable 8-12	1	7	-	BK064708	-
Ovis aries	TRAV8-13	P	Ovis aries T cell receptor alpha variable 8-13	1	7	-	BK064708	-
Ovis aries	TRAV8-14	F	Ovis aries T cell receptor alpha variable 8-14	1	7	-	BK064708	-
Ovis aries	TRAV8-15	P	Ovis aries T cell receptor alpha variable 8-15	1	7	-	BK064708	-
Ovis aries	TRAV8-16	P	Ovis aries T cell receptor alpha variable 8-16	1	7	-	BK064708	-
Ovis aries	TRAV8-17	P	Ovis aries T cell receptor alpha variable 8-17	1	7	-	BK064708	-
Ovis aries	TRAV8-18	P	Ovis aries T cell receptor alpha variable 8-18	1	7	-	BK064708	-
Ovis aries	TRAV8-19	P	Ovis aries T cell receptor alpha variable 8-19	1	7	-	BK064708	-
Ovis aries	TRAV8-2	P	Ovis aries T cell receptor alpha variable 8-2	1	7	-	BK064708	-
Ovis aries	TRAV8-20	P	Ovis aries T cell receptor alpha variable 8-20	2	7	-	BK064708	-
Ovis aries	TRAV8-21	P	Ovis aries T cell receptor alpha variable 8-21	1	7	-	BK064708	-
Ovis aries	TRAV8-22	P	Ovis aries T cell receptor alpha variable 8-22	2	7	-	BK064708	-
Ovis aries	TRAV8-23	P	Ovis aries T cell receptor alpha variable 8-23	1	7	-	BK064708	-
Ovis aries	TRAV8-24	F  P	Ovis aries T cell receptor alpha variable 8-24	2	7	-	BK064708	-
Ovis aries	TRAV8-25	P	Ovis aries T cell receptor alpha variable 8-25	1	7	-	BK064708	-
Ovis aries	TRAV8-26	F	Ovis aries T cell receptor alpha variable 8-26	1	7	-	BK064708	-
Ovis aries	TRAV8-27	P	Ovis aries T cell receptor alpha variable 8-27	1	7	-	BK064708	-
Ovis aries	TRAV8-28	P	Ovis aries T cell receptor alpha variable 8-28	1	7	-	BK064708	-
Ovis aries	TRAV8-29	P	Ovis aries T cell receptor alpha variable 8-29	1	7	-	BK064708	-
Ovis aries	TRAV8-3	P	Ovis aries T cell receptor alpha variable 8-3	1	7	-	BK064708	-
Ovis aries	TRAV8-4	P	Ovis aries T cell receptor alpha variable 8-4	1	7	-	BK064708	-
Ovis aries	TRAV8-5	F	Ovis aries T cell receptor alpha variable 8-5	1	7	-	BK064708	-
Ovis aries	TRAV8-6	F  P	Ovis aries T cell receptor alpha variable 8-6	2	7	-	BK064708	-
Ovis aries	TRAV8-7	P	Ovis aries T cell receptor alpha variable 8-7	1	7	-	BK064708	-
Ovis aries	TRAV8-8	F	Ovis aries T cell receptor alpha variable 8-8	2	7	-	BK064708	-
Ovis aries	TRAV8-9	P	Ovis aries T cell receptor alpha variable 8-9	1	7	-	BK064708	-
Ovis aries	TRAV8S1	P	Ovis aries T cell receptor alpha variable 8S1	1	7	-	OviAri_2_chr7	-
Ovis aries	TRAV9-1	F	Ovis aries T cell receptor alpha variable 9-1	2	7	-	BK064708	-
Ovis aries	TRAV9-1D	F	Ovis aries T cell receptor alpha variable 9-1D	1	7	-	BK064708	-
Ovis aries	TRAV9-1N	F	Ovis aries T cell receptor alpha variable 9-1N	1	7	-	BK064708	-
Ovis aries	TRAV9-2	P	Ovis aries T cell receptor alpha variable 9-2	1	7	-	BK064708	-
Ovis aries	TRAV9-3	P	Ovis aries T cell receptor alpha variable 9-3	2	7	-	BK064708	-
Ovis aries	TRAV9-4	F	Ovis aries T cell receptor alpha variable 9-4	1	7	-	BK064708	-
Ovis aries	TRAV9-5	P	Ovis aries T cell receptor alpha variable 9-5	1	7	-	BK064708	-
Ovis aries	TRAV9-6	F	Ovis aries T cell receptor alpha variable 9-6	1	7	-	BK064708	-
Ovis aries	TRAV9-6D	F	Ovis aries T cell receptor alpha variable 9-6D	1	7	-	BK064708	-
Ovis aries	TRAV9-7	P	Ovis aries T cell receptor alpha variable 9-7	2	7	-	BK064708	-
Ovis aries	TRAV9-8	P	Ovis aries T cell receptor alpha variable 9-8	1	7	-	BK064708	-
Ovis aries	TRAV9S1	F	Ovis aries T cell receptor alpha variable 9S1	1	7	-	OviAri_3_chr7	-
Ovis aries	TRBC1	F	Ovis aries T cell receptor beta constant 1	2	4	-	AM420900	-
Ovis aries	TRBC2	F	Ovis aries T cell receptor beta constant 2	2	4	-	AM420900	-
Ovis aries	TRBC3	F	Ovis aries T cell receptor beta constant 3	2	4	-	AM420900	-
Ovis aries	TRBD1	F	Ovis aries T cell receptor beta diversity 1	2	4	-	AM420900	-
Ovis aries	TRBD2	F	Ovis aries T cell receptor beta diversity 2	1	4	-	AM420900	-
Ovis aries	TRBD3	F	Ovis aries T cell receptor beta diversity 3	2	4	-	AM420900	-
Ovis aries	TRBJ1-1	F	Ovis aries T cell receptor beta joining 1-1	1	4	-	AM420900	-
Ovis aries	TRBJ1-2	F	Ovis aries T cell receptor beta joining 1-2	1	4	-	AM420900	-
Ovis aries	TRBJ1-3	ORF	Ovis aries T cell receptor beta joining 1-3	1	4	-	AM420900	-
Ovis aries	TRBJ1-4	F	Ovis aries T cell receptor beta joining 1-4	1	4	-	AM420900	-
Ovis aries	TRBJ1-5	F	Ovis aries T cell receptor beta joining 1-5	2	4	-	AM420900	-
Ovis aries	TRBJ1-6	F	Ovis aries T cell receptor beta joining 1-6	1	4	-	AM420900	-
Ovis aries	TRBJ2-1	F	Ovis aries T cell receptor beta joining 2-1	2	4	-	AM420900	-
Ovis aries	TRBJ2-2	F	Ovis aries T cell receptor beta joining 2-2	1	4	-	AM420900	-
Ovis aries	TRBJ2-3	F	Ovis aries T cell receptor beta joining 2-3	1	4	-	AM420900	-
Ovis aries	TRBJ2-4	F	Ovis aries T cell receptor beta joining 2-4	1	4	-	AM420900	-
Ovis aries	TRBJ2-5	F	Ovis aries T cell receptor beta joining 2-5	1	4	-	AM420900	-
Ovis aries	TRBJ2-6	F	Ovis aries T cell receptor beta joining 2-6	1	4	-	AM420900	-
Ovis aries	TRBJ2-7	F	Ovis aries T cell receptor beta joining 2-7	1	4	-	AM420900	-
Ovis aries	TRBJ3-1	F	Ovis aries T cell receptor beta joining 3-1	1	4	-	AM420900	-
Ovis aries	TRBJ3-2	F	Ovis aries T cell receptor beta joining 3-2	2	4	-	AM420900	-
Ovis aries	TRBJ3-3	F	Ovis aries T cell receptor beta joining 3-3	1	4	-	AM420900	-
Ovis aries	TRBJ3-4	F	Ovis aries T cell receptor beta joining 3-4	1	4	-	AM420900	-
Ovis aries	TRBJ3-5	F	Ovis aries T cell receptor beta joining 3-5	1	4	-	AM420900	-
Ovis aries	TRBJ3-6	P	Ovis aries T cell receptor beta joining 3-6	2	4	-	AM420900	-
Ovis aries	TRBV1	F	Ovis aries T cell receptor beta variable 1	1	4	-	IMGT000042	-
Ovis aries	TRBV10	P	Ovis aries T cell receptor beta variable 10	1	4	-	IMGT000042	-
Ovis aries	TRBV11	P	Ovis aries T cell receptor beta variable 11	1	4	-	IMGT000042	-
Ovis aries	TRBV12-1	ORF	Ovis aries T cell receptor beta variable 12-1	1	4	-	IMGT000042	-
Ovis aries	TRBV12-2	F	Ovis aries T cell receptor beta variable 12-2	1	4	-	IMGT000042	-
Ovis aries	TRBV14	F	Ovis aries T cell receptor beta variable 14	1	4	-	IMGT000042	-
Ovis aries	TRBV15	F	Ovis aries T cell receptor beta variable 15	1	4	-	IMGT000042	-
Ovis aries	TRBV16	F	Ovis aries T cell receptor beta variable 16	1	4	-	IMGT000042	-
Ovis aries	TRBV18	P	Ovis aries T cell receptor beta variable 18	1	4	-	IMGT000042	-
Ovis aries	TRBV19	ORF	Ovis aries T cell receptor beta variable 19	1	4	-	IMGT000042	-
Ovis aries	TRBV2	F	Ovis aries T cell receptor beta variable 2	1	4	-	IMGT000042	-
Ovis aries	TRBV20	F	Ovis aries T cell receptor beta variable 20	1	4	-	IMGT000042	-
Ovis aries	TRBV21-1	P	Ovis aries T cell receptor beta variable 21-1	1	4	-	IMGT000042	-
Ovis aries	TRBV21-2	F	Ovis aries T cell receptor beta variable 21-2	1	4	-	IMGT000042	-
Ovis aries	TRBV21-3	F	Ovis aries T cell receptor beta variable 21-3	1	4	-	IMGT000042	-
Ovis aries	TRBV21-4	F	Ovis aries T cell receptor beta variable 21-4	1	4	-	IMGT000042	-
Ovis aries	TRBV21-5	F	Ovis aries T cell receptor beta variable 21-5	1	4	-	IMGT000042	-
Ovis aries	TRBV21-6	F	Ovis aries T cell receptor beta variable 21-6	1	4	-	IMGT000042	-
Ovis aries	TRBV22	P	Ovis aries T cell receptor beta variable 22	1	4	-	IMGT000042	-
Ovis aries	TRBV24	F	Ovis aries T cell receptor beta variable 24	1	4	-	IMGT000042	-
Ovis aries	TRBV25	F	Ovis aries T cell receptor beta variable 25	1	4	-	IMGT000042	-
Ovis aries	TRBV26	F	Ovis aries T cell receptor beta variable 26	1	4	-	IMGT000042	-
Ovis aries	TRBV27	P	Ovis aries T cell receptor beta variable 27	1	4	-	IMGT000042	-
Ovis aries	TRBV28	F	Ovis aries T cell receptor beta variable 28	1	4	-	IMGT000042	-
Ovis aries	TRBV29	F	Ovis aries T cell receptor beta variable 29	1	4	-	IMGT000042	-
Ovis aries	TRBV3	F	Ovis aries T cell receptor beta variable 3	1	4	-	IMGT000042	-
Ovis aries	TRBV30	F	Ovis aries T cell receptor beta variable 30	1	4	-	AM420900	-
Ovis aries	TRBV4	F	Ovis aries T cell receptor beta variable 4	1	4	-	IMGT000042	-
Ovis aries	TRBV5-1	P	Ovis aries T cell receptor beta variable 5-1	1	4	-	IMGT000042	-
Ovis aries	TRBV5-10	P	Ovis aries T cell receptor beta variable 5-10	1	4	-	IMGT000042	-
Ovis aries	TRBV5-11	P	Ovis aries T cell receptor beta variable 5-11	1	4	-	IMGT000042	-
Ovis aries	TRBV5-12	P	Ovis aries T cell receptor beta variable 5-12	1	4	-	IMGT000042	-
Ovis aries	TRBV5-13	F	Ovis aries T cell receptor beta variable 5-13	1	4	-	IMGT000042	-
Ovis aries	TRBV5-14	P	Ovis aries T cell receptor beta variable 5-14	1	4	-	IMGT000042	-
Ovis aries	TRBV5-15	F	Ovis aries T cell receptor beta variable 5-15	1	4	-	IMGT000042	-
Ovis aries	TRBV5-16	P	Ovis aries T cell receptor beta variable 5-16	1	4	-	IMGT000042	-
Ovis aries	TRBV5-17	P	Ovis aries T cell receptor beta variable 5-17	1	4	-	IMGT000042	-
Ovis aries	TRBV5-18	F	Ovis aries T cell receptor beta variable 5-18	1	4	-	IMGT000042	-
Ovis aries	TRBV5-19	P	Ovis aries T cell receptor beta variable 5-19	1	4	-	IMGT000042	-
Ovis aries	TRBV5-2	F	Ovis aries T cell receptor beta variable 5-2	1	4	-	IMGT000042	-
Ovis aries	TRBV5-20	P	Ovis aries T cell receptor beta variable 5-20	1	4	-	IMGT000042	-
Ovis aries	TRBV5-21	F	Ovis aries T cell receptor beta variable 5-21	1	4	-	IMGT000042	-
Ovis aries	TRBV5-22	F	Ovis aries T cell receptor beta variable 5-22	1	4	-	IMGT000042	-
Ovis aries	TRBV5-23	F	Ovis aries T cell receptor beta variable 5-23	1	4	-	IMGT000042	-
Ovis aries	TRBV5-24	F	Ovis aries T cell receptor beta variable 5-24	1	4	-	IMGT000042	-
Ovis aries	TRBV5-25	ORF	Ovis aries T cell receptor beta variable 5-25	1	4	-	IMGT000042	-
Ovis aries	TRBV5-26	ORF	Ovis aries T cell receptor beta variable 5-26	1	4	-	IMGT000042	-
Ovis aries	TRBV5-27	P	Ovis aries T cell receptor beta variable 5-27	1	4	-	IMGT000042	-
Ovis aries	TRBV5-28	F	Ovis aries T cell receptor beta variable 5-28	1	4	-	IMGT000042	-
Ovis aries	TRBV5-29	F	Ovis aries T cell receptor beta variable 5-29	1	4	-	IMGT000042	-
Ovis aries	TRBV5-3	ORF	Ovis aries T cell receptor beta variable 5-3	1	4	-	IMGT000042	-
Ovis aries	TRBV5-30	ORF	Ovis aries T cell receptor beta variable 5-30	1	4	-	IMGT000042	-
Ovis aries	TRBV5-31	ORF	Ovis aries T cell receptor beta variable 5-31	1	4	-	IMGT000042	-
Ovis aries	TRBV5-32	F	Ovis aries T cell receptor beta variable 5-32	1	4	-	IMGT000042	-
Ovis aries	TRBV5-33	P	Ovis aries T cell receptor beta variable 5-33	1	4	-	IMGT000042	-
Ovis aries	TRBV5-4	P	Ovis aries T cell receptor beta variable 5-4	1	4	-	IMGT000042	-
Ovis aries	TRBV5-5	F	Ovis aries T cell receptor beta variable 5-5	1	4	-	IMGT000042	-
Ovis aries	TRBV5-6	F	Ovis aries T cell receptor beta variable 5-6	1	4	-	IMGT000042	-
Ovis aries	TRBV5-7	P	Ovis aries T cell receptor beta variable 5-7	1	4	-	IMGT000042	-
Ovis aries	TRBV5-8	F	Ovis aries T cell receptor beta variable 5-8	1	4	-	IMGT000042	-
Ovis aries	TRBV5-9	P	Ovis aries T cell receptor beta variable 5-9	1	4	-	IMGT000042	-
Ovis aries	TRBV6-1	ORF	Ovis aries T cell receptor beta variable 6-1	1	4	-	IMGT000042	-
Ovis aries	TRBV6-10	P	Ovis aries T cell receptor beta variable 6-10	1	4	-	IMGT000042	-
Ovis aries	TRBV6-11	P	Ovis aries T cell receptor beta variable 6-11	1	4	-	IMGT000042	-
Ovis aries	TRBV6-12	F	Ovis aries T cell receptor beta variable 6-12	1	4	-	IMGT000042	-
Ovis aries	TRBV6-13	P	Ovis aries T cell receptor beta variable 6-13	1	4	-	IMGT000042	-
Ovis aries	TRBV6-14	ORF	Ovis aries T cell receptor beta variable 6-14	1	4	-	IMGT000042	-
Ovis aries	TRBV6-15	F	Ovis aries T cell receptor beta variable 6-15	1	4	-	IMGT000042	-
Ovis aries	TRBV6-16	ORF	Ovis aries T cell receptor beta variable 6-16	1	4	-	IMGT000042	-
Ovis aries	TRBV6-17	F	Ovis aries T cell receptor beta variable 6-17	1	4	-	IMGT000042	-
Ovis aries	TRBV6-18	P	Ovis aries T cell receptor beta variable 6-18	1	4	-	IMGT000042	-
Ovis aries	TRBV6-19	P	Ovis aries T cell receptor beta variable 6-19	1	4	-	IMGT000042	-
Ovis aries	TRBV6-2	F	Ovis aries T cell receptor beta variable 6-2	1	4	-	IMGT000042	-
Ovis aries	TRBV6-20	P	Ovis aries T cell receptor beta variable 6-20	1	4	-	IMGT000042	-
Ovis aries	TRBV6-21	P	Ovis aries T cell receptor beta variable 6-21	1	4	-	IMGT000042	-
Ovis aries	TRBV6-22	F	Ovis aries T cell receptor beta variable 6-22	1	4	-	IMGT000042	-
Ovis aries	TRBV6-23	P	Ovis aries T cell receptor beta variable 6-23	1	4	-	IMGT000042	-
Ovis aries	TRBV6-24	P	Ovis aries T cell receptor beta variable 6-24	1	4	-	IMGT000042	-
Ovis aries	TRBV6-25	P	Ovis aries T cell receptor beta variable 6-25	1	4	-	IMGT000042	-
Ovis aries	TRBV6-26	P	Ovis aries T cell receptor beta variable 6-26	1	4	-	IMGT000042	-
Ovis aries	TRBV6-27	F	Ovis aries T cell receptor beta variable 6-27	1	4	-	IMGT000042	-
Ovis aries	TRBV6-28	ORF	Ovis aries T cell receptor beta variable 6-28	1	4	-	IMGT000042	-
Ovis aries	TRBV6-29	F	Ovis aries T cell receptor beta variable 6-29	1	4	-	IMGT000042	-
Ovis aries	TRBV6-3	P	Ovis aries T cell receptor beta variable 6-3	1	4	-	IMGT000042	-
Ovis aries	TRBV6-30	ORF	Ovis aries T cell receptor beta variable 6-30	1	4	-	IMGT000042	-
Ovis aries	TRBV6-4	P	Ovis aries T cell receptor beta variable 6-4	1	4	-	IMGT000042	-
Ovis aries	TRBV6-5	F	Ovis aries T cell receptor beta variable 6-5	1	4	-	IMGT000042	-
Ovis aries	TRBV6-6	F	Ovis aries T cell receptor beta variable 6-6	1	4	-	IMGT000042	-
Ovis aries	TRBV6-7	P	Ovis aries T cell receptor beta variable 6-7	1	4	-	IMGT000042	-
Ovis aries	TRBV6-8	P	Ovis aries T cell receptor beta variable 6-8	1	4	-	IMGT000042	-
Ovis aries	TRBV6-9	F	Ovis aries T cell receptor beta variable 6-9	1	4	-	IMGT000042	-
Ovis aries	TRBV7-1	F	Ovis aries T cell receptor beta variable 7-1	1	4	-	IMGT000042	-
Ovis aries	TRBV7-2	F	Ovis aries T cell receptor beta variable 7-2	1	4	-	IMGT000042	-
Ovis aries	TRBV8	P	Ovis aries T cell receptor beta variable 8	1	4	-	IMGT000042	-
Ovis aries	TRDC	F	Ovis aries T cell receptor delta constant	2	7	-	BK064708	-
Ovis aries	TRDD1	ORF	Ovis aries T cell receptor delta diversity 1	2	7	-	BK064708	-
Ovis aries	TRDD2	F	Ovis aries T cell receptor delta diversity 2	1	7	-	BK064708	-
Ovis aries	TRDD3	ORF	Ovis aries T cell receptor delta diversity 3	1	7	-	BK064708	-
Ovis aries	TRDD4	F	Ovis aries T cell receptor delta diversity 4	1	7	-	BK064708	-
Ovis aries	TRDD5	ORF	Ovis aries T cell receptor delta diversity 5	1	7	-	BK064708	-
Ovis aries	TRDD6	F	Ovis aries T cell receptor delta diversity 6	1	7	-	BK064708	-
Ovis aries	TRDD7	ORF	Ovis aries T cell receptor delta diversity 7	1	7	-	BK064708	-
Ovis aries	TRDD8	F	Ovis aries T cell receptor delta diversity 8	1	7	-	BK064708	-
Ovis aries	TRDD9	F	Ovis aries T cell receptor delta diversity 9	1	7	-	BK064708	-
Ovis aries	TRDJ1	F	Ovis aries T cell receptor delta joining 1	1	7	-	BK064708	-
Ovis aries	TRDJ2	ORF	Ovis aries T cell receptor delta joining 2	1	7	-	BK064708	-
Ovis aries	TRDJ3	F	Ovis aries T cell receptor delta joining 3	1	7	-	BK064708	-
Ovis aries	TRDJ4	F	Ovis aries T cell receptor delta joining 4	1	7	-	BK064708	-
Ovis aries	TRDV1-1	P	Ovis aries T cell receptor delta variable 1-1	1	7	-	BK064708	-
Ovis aries	TRDV1-10	P	Ovis aries T cell receptor delta variable 1-10	1	7	-	BK064708	-
Ovis aries	TRDV1-11	P	Ovis aries T cell receptor delta variable 1-11	1	7	-	BK064708	-
Ovis aries	TRDV1-12	F  P	Ovis aries T cell receptor delta variable 1-12	2	7	-	BK064708	-
Ovis aries	TRDV1-13	F	Ovis aries T cell receptor delta variable 1-13	1	7	-	BK064708	-
Ovis aries	TRDV1-14	ORF	Ovis aries T cell receptor delta variable 1-14	1	7	-	BK064708	-
Ovis aries	TRDV1-15	P	Ovis aries T cell receptor delta variable 1-15	1	7	-	BK064708	-
Ovis aries	TRDV1-16	P	Ovis aries T cell receptor delta variable 1-16	1	7	-	BK064708	-
Ovis aries	TRDV1-17	ORF  P	Ovis aries T cell receptor delta variable 1-17	2	7	-	BK064708	-
Ovis aries	TRDV1-18	F	Ovis aries T cell receptor delta variable 1-18	2	7	-	BK064708	-
Ovis aries	TRDV1-19	P	Ovis aries T cell receptor delta variable 1-19	1	7	-	BK064708	-
Ovis aries	TRDV1-2	F	Ovis aries T cell receptor delta variable 1-2	2	7	-	BK064708	-
Ovis aries	TRDV1-20	ORF	Ovis aries T cell receptor delta variable 1-20	1	7	-	BK064708	-
Ovis aries	TRDV1-21	F	Ovis aries T cell receptor delta variable 1-21	1	7	-	BK064708	-
Ovis aries	TRDV1-22	F	Ovis aries T cell receptor delta variable 1-22	1	7	-	BK064708	-
Ovis aries	TRDV1-23	ORF	Ovis aries T cell receptor delta variable 1-23	1	7	-	BK064708	-
Ovis aries	TRDV1-24	P	Ovis aries T cell receptor delta variable 1-24	1	7	-	BK064708	-
Ovis aries	TRDV1-25	F  P	Ovis aries T cell receptor delta variable 1-25	2	7	-	BK064708	-
Ovis aries	TRDV1-26	P	Ovis aries T cell receptor delta variable 1-26	2	7	-	BK064708	-
Ovis aries	TRDV1-27	F	Ovis aries T cell receptor delta variable 1-27	1	7	-	BK064708	-
Ovis aries	TRDV1-28	P	Ovis aries T cell receptor delta variable 1-28	1	7	-	BK064708	-
Ovis aries	TRDV1-29	P	Ovis aries T cell receptor delta variable 1-29	1	7	-	BK064708	-
Ovis aries	TRDV1-2D	F	Ovis aries T cell receptor delta variable 1-2D	1	7	-	BK064708	-
Ovis aries	TRDV1-3	F	Ovis aries T cell receptor delta variable 1-3	1	7	-	BK064708	-
Ovis aries	TRDV1-30	P	Ovis aries T cell receptor delta variable 1-30	1	7	-	BK064708	-
Ovis aries	TRDV1-31	F	Ovis aries T cell receptor delta variable 1-31	1	7	-	BK064708	-
Ovis aries	TRDV1-32	F	Ovis aries T cell receptor delta variable 1-32	1	7	-	BK064708	-
Ovis aries	TRDV1-33	F  P	Ovis aries T cell receptor delta variable 1-33	2	7	-	BK064708	-
Ovis aries	TRDV1-34	F  P	Ovis aries T cell receptor delta variable 1-34	2	7	-	BK064708	-
Ovis aries	TRDV1-35	F	Ovis aries T cell receptor delta variable 1-35	1	7	-	BK064708	-
Ovis aries	TRDV1-36	P	Ovis aries T cell receptor delta variable 1-36	1	7	-	BK064708	-
Ovis aries	TRDV1-37	P	Ovis aries T cell receptor delta variable 1-37	1	7	-	BK064708	-
Ovis aries	TRDV1-38	P	Ovis aries T cell receptor delta variable 1-38	1	7	-	BK064708	-
Ovis aries	TRDV1-39	F	Ovis aries T cell receptor delta variable 1-39	1	7	-	BK064708	-
Ovis aries	TRDV1-4	P	Ovis aries T cell receptor delta variable 1-4	1	7	-	BK064708	-
Ovis aries	TRDV1-40	F	Ovis aries T cell receptor delta variable 1-40	2	7	-	BK064708	-
Ovis aries	TRDV1-41	P	Ovis aries T cell receptor delta variable 1-41	1	7	-	BK064708	-
Ovis aries	TRDV1-42	F	Ovis aries T cell receptor delta variable 1-42	1	7	-	BK064708	-
Ovis aries	TRDV1-43	F  P	Ovis aries T cell receptor delta variable 1-43	3	7	-	BK064708	-
Ovis aries	TRDV1-44	ORF	Ovis aries T cell receptor delta variable 1-44	1	7	-	BK064708	-
Ovis aries	TRDV1-45	P	Ovis aries T cell receptor delta variable 1-45	1	7	-	BK064708	-
Ovis aries	TRDV1-46	F  ORF	Ovis aries T cell receptor delta variable 1-46	2	7	-	BK064708	-
Ovis aries	TRDV1-47	P	Ovis aries T cell receptor delta variable 1-47	1	7	-	BK064708	-
Ovis aries	TRDV1-48	F	Ovis aries T cell receptor delta variable 1-48	1	7	-	BK064708	-
Ovis aries	TRDV1-49	F	Ovis aries T cell receptor delta variable 1-49	1	7	-	BK064708	-
Ovis aries	TRDV1-5	F	Ovis aries T cell receptor delta variable 1-5	3	7	-	BK064708	-
Ovis aries	TRDV1-50	P	Ovis aries T cell receptor delta variable 1-50	1	7	-	BK064708	-
Ovis aries	TRDV1-51	P	Ovis aries T cell receptor delta variable 1-51	1	7	-	BK064708	-
Ovis aries	TRDV1-52	F	Ovis aries T cell receptor delta variable 1-52	1	7	-	BK064708	-
Ovis aries	TRDV1-53	F  ORF	Ovis aries T cell receptor delta variable 1-53	2	7	-	BK064708	-
Ovis aries	TRDV1-54	ORF  P	Ovis aries T cell receptor delta variable 1-54	3	7	-	BK064708	-
Ovis aries	TRDV1-55	P	Ovis aries T cell receptor delta variable 1-55	1	7	-	BK064708	-
Ovis aries	TRDV1-56	P	Ovis aries T cell receptor delta variable 1-56	1	7	-	BK064708	-
Ovis aries	TRDV1-57	F	Ovis aries T cell receptor delta variable 1-57	1	7	-	BK064708	-
Ovis aries	TRDV1-58	P	Ovis aries T cell receptor delta variable 1-58	1	7	-	BK064708	-
Ovis aries	TRDV1-59	P	Ovis aries T cell receptor delta variable 1-59	1	7	-	BK064708	-
Ovis aries	TRDV1-6	P	Ovis aries T cell receptor delta variable 1-6	1	7	-	BK064708	-
Ovis aries	TRDV1-60	F	Ovis aries T cell receptor delta variable 1-60	1	7	-	BK064708	-
Ovis aries	TRDV1-61	P	Ovis aries T cell receptor delta variable 1-61	1	7	-	BK064708	-
Ovis aries	TRDV1-62	F  P	Ovis aries T cell receptor delta variable 1-62	2	7	-	BK064708	-
Ovis aries	TRDV1-63	F	Ovis aries T cell receptor delta variable 1-63	2	7	-	BK064708	-
Ovis aries	TRDV1-64	P	Ovis aries T cell receptor delta variable 1-64	1	7	-	BK064708	-
Ovis aries	TRDV1-65	F	Ovis aries T cell receptor delta variable 1-65	1	7	-	BK064708	-
Ovis aries	TRDV1-7	P	Ovis aries T cell receptor delta variable 1-7	1	7	-	BK064708	-
Ovis aries	TRDV1-8	F  ORF	Ovis aries T cell receptor delta variable 1-8	3	7	-	BK064708	-
Ovis aries	TRDV1-9	F	Ovis aries T cell receptor delta variable 1-9	2	7	-	BK064708	-
Ovis aries	TRDV1S1	F	Ovis aries T cell receptor delta variable 1S1	3	7	-	OviAri_2_chr7	-
Ovis aries	TRDV1S10	F  ORF	Ovis aries T cell receptor delta variable 1S10	2	7	-	AJ786832	-
Ovis aries	TRDV1S11	F	Ovis aries T cell receptor delta variable 1S11	1	7	-	AJ786833	-
Ovis aries	TRDV1S12	F	Ovis aries T cell receptor delta variable 1S12	1	7	-	AJ786835	-
Ovis aries	TRDV1S13	ORF	Ovis aries T cell receptor delta variable 1S13	1	7	-	AJ786837	-
Ovis aries	TRDV1S14	F	Ovis aries T cell receptor delta variable 1S14	1	7	-	AJ786841	-
Ovis aries	TRDV1S15	ORF	Ovis aries T cell receptor delta variable 1S15	1	7	-	AJ809502	-
Ovis aries	TRDV1S16	ORF	Ovis aries T cell receptor delta variable 1S16	1	7	-	AJ809504	-
Ovis aries	TRDV1S17	ORF	Ovis aries T cell receptor delta variable 1S17	1	7	-	AJ809505	-
Ovis aries	TRDV1S18	ORF	Ovis aries T cell receptor delta variable 1S18	1	7	-	AJ809506	-
Ovis aries	TRDV1S2	ORF	Ovis aries T cell receptor delta variable 1S2	1	7	-	NW_004081954	-
Ovis aries	TRDV1S3	F	Ovis aries T cell receptor delta variable 1S3	1	7	-	NW_004082156	-
Ovis aries	TRDV1S4	F	Ovis aries T cell receptor delta variable 1S4	1	7	-	NW_004082507	-
Ovis aries	TRDV1S5	F	Ovis aries T cell receptor delta variable 1S5	1	7	-	NW_004082507	-
Ovis aries	TRDV1S6	ORF	Ovis aries T cell receptor delta variable 1S6	1	7	-	NW_004082507	-
Ovis aries	TRDV1S7	F	Ovis aries T cell receptor delta variable 1S7	1	7	-	NW_004083566	-
Ovis aries	TRDV1S8	F	Ovis aries T cell receptor delta variable 1S8	1	7	-	AJ786827	-
Ovis aries	TRDV1S9	F  ORF	Ovis aries T cell receptor delta variable 1S9	2	7	-	AJ786830	-
Ovis aries	TRDV2	ORF	Ovis aries T cell receptor delta variable 2	2	7	-	BK064708	-
Ovis aries	TRDV3	F	Ovis aries T cell receptor delta variable 3	2	7	-	BK064708	-
Ovis aries	TRDV4	P	Ovis aries T cell receptor delta variable 4	1	7	-	BK064708	-
Ovis aries	TRDV5	F	Ovis aries T cell receptor delta variable 5	2	7	-	BK064708	-
Pan troglodytes	TRAC	F	Pan troglodytes T cell receptor alpha constant	1	15		IMGT000279	-
Pan troglodytes	TRAJ1	ORF	Pan troglodytes T cell receptor alpha joining 1	1	15		IMGT000279	-
Pan troglodytes	TRAJ10	F	Pan troglodytes T cell receptor alpha joining 10	1	15		IMGT000279	-
Pan troglodytes	TRAJ11	F	Pan troglodytes T cell receptor alpha joining 11	1	15		IMGT000279	-
Pan troglodytes	TRAJ12	F	Pan troglodytes T cell receptor alpha joining 12	1	15		IMGT000279	-
Pan troglodytes	TRAJ13	ORF	Pan troglodytes T cell receptor alpha joining 13	1	15		IMGT000279	-
Pan troglodytes	TRAJ14	F	Pan troglodytes T cell receptor alpha joining 14	1	15		IMGT000279	-
Pan troglodytes	TRAJ15	F	Pan troglodytes T cell receptor alpha joining 15	1	15		IMGT000279	-
Pan troglodytes	TRAJ16	ORF	Pan troglodytes T cell receptor alpha joining 16	1	15		IMGT000279	-
Pan troglodytes	TRAJ17	F	Pan troglodytes T cell receptor alpha joining 17	1	15		IMGT000279	-
Pan troglodytes	TRAJ18	F	Pan troglodytes T cell receptor alpha joining 18	1	15		IMGT000279	-
Pan troglodytes	TRAJ19	ORF	Pan troglodytes T cell receptor alpha joining 19	1	15		IMGT000279	-
Pan troglodytes	TRAJ2	ORF	Pan troglodytes T cell receptor alpha joining 2	1	15		IMGT000279	-
Pan troglodytes	TRAJ20	F	Pan troglodytes T cell receptor alpha joining 20	1	15		IMGT000279	-
Pan troglodytes	TRAJ21	F	Pan troglodytes T cell receptor alpha joining 21	2	15		IMGT000279	-
Pan troglodytes	TRAJ22	F	Pan troglodytes T cell receptor alpha joining 22	1	15		IMGT000279	-
Pan troglodytes	TRAJ23	F	Pan troglodytes T cell receptor alpha joining 23	1	15		IMGT000279	-
Pan troglodytes	TRAJ24	F	Pan troglodytes T cell receptor alpha joining 24	1	15		IMGT000279	-
Pan troglodytes	TRAJ25	F	Pan troglodytes T cell receptor alpha joining 25	1	15		IMGT000279	-
Pan troglodytes	TRAJ26	F	Pan troglodytes T cell receptor alpha joining 26	1	15		IMGT000279	-
Pan troglodytes	TRAJ27	F	Pan troglodytes T cell receptor alpha joining 27	1	15		IMGT000279	-
Pan troglodytes	TRAJ28	F	Pan troglodytes T cell receptor alpha joining 28	1	15		IMGT000279	-
Pan troglodytes	TRAJ29	F	Pan troglodytes T cell receptor alpha joining 29	1	15		IMGT000279	-
Pan troglodytes	TRAJ3	F	Pan troglodytes T cell receptor alpha joining 3	1	15		IMGT000279	-
Pan troglodytes	TRAJ30	F	Pan troglodytes T cell receptor alpha joining 30	1	15		IMGT000279	-
Pan troglodytes	TRAJ31	F	Pan troglodytes T cell receptor alpha joining 31	1	15		IMGT000279	-
Pan troglodytes	TRAJ32	F	Pan troglodytes T cell receptor alpha joining 32	1	15		IMGT000279	-
Pan troglodytes	TRAJ33	F	Pan troglodytes T cell receptor alpha joining 33	2	15		IMGT000279	-
Pan troglodytes	TRAJ34	F	Pan troglodytes T cell receptor alpha joining 34	1	15		IMGT000279	-
Pan troglodytes	TRAJ35	ORF	Pan troglodytes T cell receptor alpha joining 35	1	15		IMGT000279	-
Pan troglodytes	TRAJ36	F	Pan troglodytes T cell receptor alpha joining 36	1	15		IMGT000279	-
Pan troglodytes	TRAJ37	F	Pan troglodytes T cell receptor alpha joining 37	1	15		IMGT000279	-
Pan troglodytes	TRAJ38	F	Pan troglodytes T cell receptor alpha joining 38	1	15		IMGT000279	-
Pan troglodytes	TRAJ39	F	Pan troglodytes T cell receptor alpha joining 39	1	15		IMGT000279	-
Pan troglodytes	TRAJ4	F	Pan troglodytes T cell receptor alpha joining 4	1	15		IMGT000279	-
Pan troglodytes	TRAJ40	F	Pan troglodytes T cell receptor alpha joining 40	1	15		IMGT000279	-
Pan troglodytes	TRAJ41	F	Pan troglodytes T cell receptor alpha joining 41	1	15		IMGT000279	-
Pan troglodytes	TRAJ42	F	Pan troglodytes T cell receptor alpha joining 42	1	15		IMGT000279	-
Pan troglodytes	TRAJ43	F	Pan troglodytes T cell receptor alpha joining 43	1	15		IMGT000279	-
Pan troglodytes	TRAJ44	F	Pan troglodytes T cell receptor alpha joining 44	1	15		IMGT000279	-
Pan troglodytes	TRAJ45	F	Pan troglodytes T cell receptor alpha joining 45	1	15		IMGT000279	-
Pan troglodytes	TRAJ46	F	Pan troglodytes T cell receptor alpha joining 46	1	15		IMGT000279	-
Pan troglodytes	TRAJ47	F	Pan troglodytes T cell receptor alpha joining 47	1	15		IMGT000279	-
Pan troglodytes	TRAJ48	F	Pan troglodytes T cell receptor alpha joining 48	1	15		IMGT000279	-
Pan troglodytes	TRAJ49	F	Pan troglodytes T cell receptor alpha joining 49	2	15		IMGT000279	-
Pan troglodytes	TRAJ5	F	Pan troglodytes T cell receptor alpha joining 5	1	15		IMGT000279	-
Pan troglodytes	TRAJ50	F	Pan troglodytes T cell receptor alpha joining 50	1	15		IMGT000279	-
Pan troglodytes	TRAJ51	P	Pan troglodytes T cell receptor alpha joining 51	1	15		IMGT000279	-
Pan troglodytes	TRAJ52	ORF	Pan troglodytes T cell receptor alpha joining 52	1	15		IMGT000279	-
Pan troglodytes	TRAJ53	F	Pan troglodytes T cell receptor alpha joining 53	1	15		IMGT000279	-
Pan troglodytes	TRAJ54	F	Pan troglodytes T cell receptor alpha joining 54	1	15		IMGT000279	-
Pan troglodytes	TRAJ55	P	Pan troglodytes T cell receptor alpha joining 55	1	15		IMGT000279	-
Pan troglodytes	TRAJ56	F	Pan troglodytes T cell receptor alpha joining 56	1	15		IMGT000279	-
Pan troglodytes	TRAJ57	F	Pan troglodytes T cell receptor alpha joining 57	1	15		IMGT000279	-
Pan troglodytes	TRAJ58	F	Pan troglodytes T cell receptor alpha joining 58	1	15		IMGT000279	-
Pan troglodytes	TRAJ59	ORF	Pan troglodytes T cell receptor alpha joining 59	1	15		IMGT000279	-
Pan troglodytes	TRAJ6	F	Pan troglodytes T cell receptor alpha joining 6	1	15		IMGT000279	-
Pan troglodytes	TRAJ60	P	Pan troglodytes T cell receptor alpha joining 60	1	15		IMGT000279	-
Pan troglodytes	TRAJ61	ORF	Pan troglodytes T cell receptor alpha joining 61	1	15		IMGT000279	-
Pan troglodytes	TRAJ7	F	Pan troglodytes T cell receptor alpha joining 7	1	15		IMGT000279	-
Pan troglodytes	TRAJ8	F	Pan troglodytes T cell receptor alpha joining 8	1	15		IMGT000279	-
Pan troglodytes	TRAJ9	F	Pan troglodytes T cell receptor alpha joining 9	1	15		IMGT000279	-
Pan troglodytes	TRAV1-1	F	Pan troglodytes T cell receptor alpha variable 1-1	1	15		IMGT000279	-
Pan troglodytes	TRAV1-2	F	Pan troglodytes T cell receptor alpha variable 1-2	3	15		IMGT000279	-
Pan troglodytes	TRAV10	F	Pan troglodytes T cell receptor alpha variable 10	1	15		IMGT000279	-
Pan troglodytes	TRAV11	P	Pan troglodytes T cell receptor alpha variable 11	2	15		IMGT000279	-
Pan troglodytes	TRAV11-1	P	Pan troglodytes T cell receptor alpha variable 11-1	1	15		IMGT000279	-
Pan troglodytes	TRAV12-1	F	Pan troglodytes T cell receptor alpha variable 12-1	1	15		IMGT000279	-
Pan troglodytes	TRAV12-2	F	Pan troglodytes T cell receptor alpha variable 12-2	1	15		IMGT000279	-
Pan troglodytes	TRAV12-3	F	Pan troglodytes T cell receptor alpha variable 12-3	1	15		IMGT000279	-
Pan troglodytes	TRAV13-1	F	Pan troglodytes T cell receptor alpha variable 13-1	2	15		IMGT000279	-
Pan troglodytes	TRAV13-2	F	Pan troglodytes T cell receptor alpha variable 13-2	2	15		IMGT000279	-
Pan troglodytes	TRAV14	F	Pan troglodytes T cell receptor alpha variable 14	2	15		IMGT000279	-
Pan troglodytes	TRAV14-1	P	Pan troglodytes T cell receptor alpha variable 14-1	2	15		IMGT000279	-
Pan troglodytes	TRAV15	P	Pan troglodytes T cell receptor alpha variable 15	1	15		IMGT000279	-
Pan troglodytes	TRAV16	F	Pan troglodytes T cell receptor alpha variable 16	1	15		IMGT000279	-
Pan troglodytes	TRAV17	F	Pan troglodytes T cell receptor alpha variable 17	1	15		IMGT000279	-
Pan troglodytes	TRAV18	F	Pan troglodytes T cell receptor alpha variable 18	1	15		IMGT000279	-
Pan troglodytes	TRAV19	P	Pan troglodytes T cell receptor alpha variable 19	1	15		IMGT000279	-
Pan troglodytes	TRAV2	F	Pan troglodytes T cell receptor alpha variable 2	2	15		IMGT000279	-
Pan troglodytes	TRAV20	F	Pan troglodytes T cell receptor alpha variable 20	1	15		IMGT000279	-
Pan troglodytes	TRAV21	F	Pan troglodytes T cell receptor alpha variable 21	1	15		IMGT000279	-
Pan troglodytes	TRAV22	F	Pan troglodytes T cell receptor alpha variable 22	1	15		IMGT000279	-
Pan troglodytes	TRAV23	F	Pan troglodytes T cell receptor alpha variable 23	1	15		IMGT000279	-
Pan troglodytes	TRAV24	F	Pan troglodytes T cell receptor alpha variable 24	2	15		IMGT000279	-
Pan troglodytes	TRAV25	F	Pan troglodytes T cell receptor alpha variable 25	1	15		IMGT000279	-
Pan troglodytes	TRAV26-1	F	Pan troglodytes T cell receptor alpha variable 26-1	1	15		IMGT000279	-
Pan troglodytes	TRAV26-2	F	Pan troglodytes T cell receptor alpha variable 26-2	1	15		IMGT000279	-
Pan troglodytes	TRAV27	F	Pan troglodytes T cell receptor alpha variable 27	1	15		IMGT000279	-
Pan troglodytes	TRAV28	P	Pan troglodytes T cell receptor alpha variable 28	2	15		IMGT000279	-
Pan troglodytes	TRAV29	F	Pan troglodytes T cell receptor alpha variable 29	2	15		IMGT000279	-
Pan troglodytes	TRAV3	F	Pan troglodytes T cell receptor alpha variable 3	1	15		IMGT000279	-
Pan troglodytes	TRAV30	F	Pan troglodytes T cell receptor alpha variable 30	1	15		IMGT000279	-
Pan troglodytes	TRAV31	P	Pan troglodytes T cell receptor alpha variable 31	2	15		IMGT000279	-
Pan troglodytes	TRAV32	P	Pan troglodytes T cell receptor alpha variable 32	1	15		IMGT000279	-
Pan troglodytes	TRAV33	P	Pan troglodytes T cell receptor alpha variable 33	1	15		IMGT000279	-
Pan troglodytes	TRAV34	F	Pan troglodytes T cell receptor alpha variable 34	1	15		IMGT000279	-
Pan troglodytes	TRAV35	F	Pan troglodytes T cell receptor alpha variable 35	1	15		IMGT000279	-
Pan troglodytes	TRAV36	F	Pan troglodytes T cell receptor alpha variable 36	2	15		IMGT000279	-
Pan troglodytes	TRAV37	P	Pan troglodytes T cell receptor alpha variable 37	1	15		IMGT000279	-
Pan troglodytes	TRAV38-1	F	Pan troglodytes T cell receptor alpha variable 38-1	1	15		IMGT000279	-
Pan troglodytes	TRAV38-2	F	Pan troglodytes T cell receptor alpha variable 38-2	1	15		IMGT000279	-
Pan troglodytes	TRAV39	F	Pan troglodytes T cell receptor alpha variable 39	1	15		IMGT000279	-
Pan troglodytes	TRAV4	F	Pan troglodytes T cell receptor alpha variable 4	2	15		IMGT000279	-
Pan troglodytes	TRAV40	F	Pan troglodytes T cell receptor alpha variable 40	1	15		IMGT000279	-
Pan troglodytes	TRAV41	F	Pan troglodytes T cell receptor alpha variable 41	1	15		IMGT000279	-
Pan troglodytes	TRAV46	P	Pan troglodytes T cell receptor alpha variable 46	1	15		IMGT000279	-
Pan troglodytes	TRAV5	F  P	Pan troglodytes T cell receptor alpha variable 5	2	15		IMGT000279	-
Pan troglodytes	TRAV6	F	Pan troglodytes T cell receptor alpha variable 6	1	15		IMGT000279	-
Pan troglodytes	TRAV7	F  P	Pan troglodytes T cell receptor alpha variable 7	2	15		IMGT000279	-
Pan troglodytes	TRAV8-1	F	Pan troglodytes T cell receptor alpha variable 8-1	2	15		IMGT000279	-
Pan troglodytes	TRAV8-2	P	Pan troglodytes T cell receptor alpha variable 8-2	1	15		IMGT000279	-
Pan troglodytes	TRAV8-3	F	Pan troglodytes T cell receptor alpha variable 8-3	1	15		IMGT000279	-
Pan troglodytes	TRAV8-4	F	Pan troglodytes T cell receptor alpha variable 8-4	2	15		IMGT000279	-
Pan troglodytes	TRAV8-5	P	Pan troglodytes T cell receptor alpha variable 8-5	1	15		IMGT000279	-
Pan troglodytes	TRAV8-6	F	Pan troglodytes T cell receptor alpha variable 8-6	1	15		IMGT000279	-
Pan troglodytes	TRAV8-6-1	P	Pan troglodytes T cell receptor alpha variable 8-6-1	2	15		IMGT000279	-
Pan troglodytes	TRAV8-7	F	Pan troglodytes T cell receptor alpha variable 8-7	1	15		IMGT000279	-
Pan troglodytes	TRAV9-1	F  ORF	Pan troglodytes T cell receptor alpha variable 9-1	2	15		IMGT000279	-
Pan troglodytes	TRAV9-2	F	Pan troglodytes T cell receptor alpha variable 9-2	2	15		IMGT000279	-
Pan troglodytes	TRAVA	P	Pan troglodytes T cell receptor alpha variable A	1	15		IMGT000279	-
Pan troglodytes	TRAVB	P	Pan troglodytes T cell receptor alpha variable B	1	15		IMGT000279	-
Pan troglodytes	TRAVC	P	Pan troglodytes T cell receptor alpha variable C	1	15		IMGT000279	-
Pan troglodytes	TRAVD	P	Pan troglodytes T cell receptor alpha variable D	1	15		IMGT000279	-
Pan troglodytes	TRAVE	P	Pan troglodytes T cell receptor alpha variable E	1	15		IMGT000279	-
Pan troglodytes	TRAVF	P	Pan troglodytes T cell receptor alpha variable F	1	15		IMGT000279	-
Pan troglodytes	TRAVG	P	Pan troglodytes T cell receptor alpha variable G	3	15		IMGT000279	-
Pan troglodytes	TRDC	F	Pan troglodytes T cell receptor delta constant	1	15		IMGT000279	-
Pan troglodytes	TRDD1	F	Pan troglodytes T cell receptor delta diversity 1	1	15		IMGT000279	-
Pan troglodytes	TRDD2	F	Pan troglodytes T cell receptor delta diversity 2	1	15		IMGT000279	-
Pan troglodytes	TRDD3	F	Pan troglodytes T cell receptor delta diversity 3	1	15		IMGT000279	-
Pan troglodytes	TRDJ1	F	Pan troglodytes T cell receptor delta joining 1	1	15		IMGT000279	-
Pan troglodytes	TRDJ2	F	Pan troglodytes T cell receptor delta joining 2	1	15		IMGT000279	-
Pan troglodytes	TRDJ3	ORF	Pan troglodytes T cell receptor delta joining 3	1	15		IMGT000279	-
Pan troglodytes	TRDJ4	F	Pan troglodytes T cell receptor delta joining 4	1	15		IMGT000279	-
Pan troglodytes	TRDV1	F	Pan troglodytes T cell receptor delta variable 1	2	15		IMGT000279	-
Pan troglodytes	TRDV2	F	Pan troglodytes T cell receptor delta variable 2	1	15		IMGT000279	-
Pan troglodytes	TRDV3	F	Pan troglodytes T cell receptor delta variable 3	2	15		IMGT000279	-
Pan troglodytes	TRGC1	F	Pan troglodytes T cell receptor gamma constant 1	2	6		IMGT000268	-
Pan troglodytes	TRGC2	F	Pan troglodytes T cell receptor gamma constant 2	2	6		IMGT000268	-
Pan troglodytes	TRGJ1	F	Pan troglodytes T cell receptor gamma joining 1	1	6		IMGT000268	-
Pan troglodytes	TRGJ2	F	Pan troglodytes T cell receptor gamma joining 2	1	6		IMGT000268	-
Pan troglodytes	TRGJP	ORF	Pan troglodytes T cell receptor gamma joining P	1	6		IMGT000268	-
Pan troglodytes	TRGJP1	ORF	Pan troglodytes T cell receptor gamma joining P1	1	6		IMGT000268	-
Pan troglodytes	TRGJP2	ORF	Pan troglodytes T cell receptor gamma joining P2	2	6		IMGT000268	-
Pan troglodytes	TRGV1	P	Pan troglodytes T cell receptor gamma variable 1	2	6		IMGT000268	-
Pan troglodytes	TRGV10	ORF	Pan troglodytes T cell receptor gamma variable 10	1	6		IMGT000268	-
Pan troglodytes	TRGV11	ORF	Pan troglodytes T cell receptor gamma variable 11	1	6		IMGT000268	-
Pan troglodytes	TRGV2	F	Pan troglodytes T cell receptor gamma variable 2	2	6		IMGT000268	-
Pan troglodytes	TRGV3	F	Pan troglodytes T cell receptor gamma variable 3	1	6		IMGT000268	-
Pan troglodytes	TRGV4	F	Pan troglodytes T cell receptor gamma variable 4	2	6		IMGT000268	-
Pan troglodytes	TRGV5	F	Pan troglodytes T cell receptor gamma variable 5	2	6		IMGT000268	-
Pan troglodytes	TRGV6	P	Pan troglodytes T cell receptor gamma variable 6	2	6		IMGT000268	-
Pan troglodytes	TRGV7	P	Pan troglodytes T cell receptor gamma variable 7	1	6		IMGT000268	-
Pan troglodytes	TRGV8	F	Pan troglodytes T cell receptor gamma variable 8	1	6		IMGT000268	-
Pan troglodytes	TRGV9	ORF	Pan troglodytes T cell receptor gamma variable 9	1	6		IMGT000268	-
Pan troglodytes	TRGVA	P	Pan troglodytes T cell receptor gamma variable A	2	6		IMGT000268	-
Pan troglodytes	TRGVB	P	Pan troglodytes T cell receptor gamma variable B	2	6		IMGT000268	-
Pongo abelii	TRAC	F	Pongo abelii T cell receptor alpha constant	2	15		IMGT000253	-
Pongo abelii	TRAJ1	P	Pongo abelii T cell receptor alpha joining 1	1	15		IMGT000253	-
Pongo abelii	TRAJ10	F	Pongo abelii T cell receptor alpha joining 10	1	15		IMGT000253	-
Pongo abelii	TRAJ11	F	Pongo abelii T cell receptor alpha joining 11	1	15		IMGT000253	-
Pongo abelii	TRAJ12	F	Pongo abelii T cell receptor alpha joining 12	1	15		IMGT000253	-
Pongo abelii	TRAJ13	F	Pongo abelii T cell receptor alpha joining 13	1	15		IMGT000253	-
Pongo abelii	TRAJ14	F	Pongo abelii T cell receptor alpha joining 14	1	15		IMGT000253	-
Pongo abelii	TRAJ15	F	Pongo abelii T cell receptor alpha joining 15	1	15		IMGT000253	-
Pongo abelii	TRAJ16	ORF	Pongo abelii T cell receptor alpha joining 16	1	15		IMGT000253	-
Pongo abelii	TRAJ17	F	Pongo abelii T cell receptor alpha joining 17	1	15		IMGT000253	-
Pongo abelii	TRAJ18	F	Pongo abelii T cell receptor alpha joining 18	1	15		IMGT000253	-
Pongo abelii	TRAJ19	ORF	Pongo abelii T cell receptor alpha joining 19	1	15		IMGT000253	-
Pongo abelii	TRAJ2	F	Pongo abelii T cell receptor alpha joining 2	1	15		IMGT000253	-
Pongo abelii	TRAJ20	F	Pongo abelii T cell receptor alpha joining 20	1	15		IMGT000253	-
Pongo abelii	TRAJ21	F	Pongo abelii T cell receptor alpha joining 21	1	15		IMGT000253	-
Pongo abelii	TRAJ22	F	Pongo abelii T cell receptor alpha joining 22	2	15		IMGT000253	-
Pongo abelii	TRAJ23	F  ORF	Pongo abelii T cell receptor alpha joining 23	2	15		IMGT000253	-
Pongo abelii	TRAJ24	F	Pongo abelii T cell receptor alpha joining 24	1	15		IMGT000253	-
Pongo abelii	TRAJ25	F	Pongo abelii T cell receptor alpha joining 25	1	15		IMGT000253	-
Pongo abelii	TRAJ26	F	Pongo abelii T cell receptor alpha joining 26	2	15		IMGT000253	-
Pongo abelii	TRAJ27	F	Pongo abelii T cell receptor alpha joining 27	2	15		IMGT000253	-
Pongo abelii	TRAJ28	F	Pongo abelii T cell receptor alpha joining 28	1	15		IMGT000253	-
Pongo abelii	TRAJ29	F	Pongo abelii T cell receptor alpha joining 29	1	15		IMGT000253	-
Pongo abelii	TRAJ3	F	Pongo abelii T cell receptor alpha joining 3	1	15		IMGT000253	-
Pongo abelii	TRAJ30	F	Pongo abelii T cell receptor alpha joining 30	1	15		IMGT000253	-
Pongo abelii	TRAJ31	F	Pongo abelii T cell receptor alpha joining 31	1	15		IMGT000253	-
Pongo abelii	TRAJ32	F	Pongo abelii T cell receptor alpha joining 32	1	15		IMGT000253	-
Pongo abelii	TRAJ33	F	Pongo abelii T cell receptor alpha joining 33	1	15		IMGT000253	-
Pongo abelii	TRAJ34	F	Pongo abelii T cell receptor alpha joining 34	1	15		IMGT000253	-
Pongo abelii	TRAJ35	F	Pongo abelii T cell receptor alpha joining 35	1	15		IMGT000253	-
Pongo abelii	TRAJ36	F	Pongo abelii T cell receptor alpha joining 36	1	15		IMGT000253	-
Pongo abelii	TRAJ37	F	Pongo abelii T cell receptor alpha joining 37	1	15		IMGT000253	-
Pongo abelii	TRAJ38	F	Pongo abelii T cell receptor alpha joining 38	1	15		IMGT000253	-
Pongo abelii	TRAJ39	F	Pongo abelii T cell receptor alpha joining 39	1	15		IMGT000253	-
Pongo abelii	TRAJ4	F	Pongo abelii T cell receptor alpha joining 4	1	15		IMGT000253	-
Pongo abelii	TRAJ40	F	Pongo abelii T cell receptor alpha joining 40	1	15		IMGT000253	-
Pongo abelii	TRAJ41	F	Pongo abelii T cell receptor alpha joining 41	1	15		IMGT000253	-
Pongo abelii	TRAJ42	F	Pongo abelii T cell receptor alpha joining 42	1	15		IMGT000253	-
Pongo abelii	TRAJ43	F	Pongo abelii T cell receptor alpha joining 43	2	15		IMGT000253	-
Pongo abelii	TRAJ44	F	Pongo abelii T cell receptor alpha joining 44	1	15		IMGT000253	-
Pongo abelii	TRAJ45	P	Pongo abelii T cell receptor alpha joining 45	1	15		IMGT000253	-
Pongo abelii	TRAJ46	F	Pongo abelii T cell receptor alpha joining 46	1	15		IMGT000253	-
Pongo abelii	TRAJ47	F	Pongo abelii T cell receptor alpha joining 47	1	15		IMGT000253	-
Pongo abelii	TRAJ48	F	Pongo abelii T cell receptor alpha joining 48	1	15		IMGT000253	-
Pongo abelii	TRAJ49	F	Pongo abelii T cell receptor alpha joining 49	1	15		IMGT000253	-
Pongo abelii	TRAJ5	F	Pongo abelii T cell receptor alpha joining 5	2	15		IMGT000253	-
Pongo abelii	TRAJ50	F	Pongo abelii T cell receptor alpha joining 50	1	15		IMGT000253	-
Pongo abelii	TRAJ51	P	Pongo abelii T cell receptor alpha joining 51	1	15		IMGT000253	-
Pongo abelii	TRAJ52	F	Pongo abelii T cell receptor alpha joining 52	1	15		IMGT000253	-
Pongo abelii	TRAJ53	F	Pongo abelii T cell receptor alpha joining 53	1	15		IMGT000253	-
Pongo abelii	TRAJ54	F	Pongo abelii T cell receptor alpha joining 54	1	15		IMGT000253	-
Pongo abelii	TRAJ55	P	Pongo abelii T cell receptor alpha joining 55	1	15		IMGT000253	-
Pongo abelii	TRAJ56	F	Pongo abelii T cell receptor alpha joining 56	1	15		IMGT000253	-
Pongo abelii	TRAJ57	ORF	Pongo abelii T cell receptor alpha joining 57	1	15		IMGT000253	-
Pongo abelii	TRAJ58	F	Pongo abelii T cell receptor alpha joining 58	1	15		IMGT000253	-
Pongo abelii	TRAJ59	ORF	Pongo abelii T cell receptor alpha joining 59	1	15		IMGT000253	-
Pongo abelii	TRAJ6	F	Pongo abelii T cell receptor alpha joining 6	1	15		IMGT000253	-
Pongo abelii	TRAJ60	P	Pongo abelii T cell receptor alpha joining 60	1	15		IMGT000253	-
Pongo abelii	TRAJ61	P	Pongo abelii T cell receptor alpha joining 61	1	15		IMGT000253	-
Pongo abelii	TRAJ7	F	Pongo abelii T cell receptor alpha joining 7	1	15		IMGT000253	-
Pongo abelii	TRAJ8	F	Pongo abelii T cell receptor alpha joining 8	1	15		IMGT000253	-
Pongo abelii	TRAJ9	F	Pongo abelii T cell receptor alpha joining 9	1	15		IMGT000253	-
Pongo abelii	TRAV1-1	F	Pongo abelii T cell receptor alpha variable 1-1	1	15		IMGT000253	-
Pongo abelii	TRAV1-2	F	Pongo abelii T cell receptor alpha variable 1-2	2	15		IMGT000253	-
Pongo abelii	TRAV10	F	Pongo abelii T cell receptor alpha variable 10	2	15		IMGT000253	-
Pongo abelii	TRAV11-1	ORF  P	Pongo abelii T cell receptor alpha variable 11-1	2	15		IMGT000253	-
Pongo abelii	TRAV11-2	P	Pongo abelii T cell receptor alpha variable 11-2	2	15		IMGT000253	-
Pongo abelii	TRAV12-1	F	Pongo abelii T cell receptor alpha variable 12-1	2	15		IMGT000253	-
Pongo abelii	TRAV12-2	F	Pongo abelii T cell receptor alpha variable 12-2	1	15		IMGT000253	-
Pongo abelii	TRAV12-3	F	Pongo abelii T cell receptor alpha variable 12-3	1	15		IMGT000253	-
Pongo abelii	TRAV13-1	F	Pongo abelii T cell receptor alpha variable 13-1	2	15		IMGT000253	-
Pongo abelii	TRAV13-2	F	Pongo abelii T cell receptor alpha variable 13-2	2	15		IMGT000253	-
Pongo abelii	TRAV14-1	P	Pongo abelii T cell receptor alpha variable 14-1	2	15		IMGT000253	-
Pongo abelii	TRAV14-2	F	Pongo abelii T cell receptor alpha variable 14-2	1	15		IMGT000253	-
Pongo abelii	TRAV15	P	Pongo abelii T cell receptor alpha variable 15	2	15		IMGT000253	-
Pongo abelii	TRAV16	F	Pongo abelii T cell receptor alpha variable 16	1	15		IMGT000253	-
Pongo abelii	TRAV17	F	Pongo abelii T cell receptor alpha variable 17	2	15		IMGT000253	-
Pongo abelii	TRAV18	F	Pongo abelii T cell receptor alpha variable 18	2	15		IMGT000253	-
Pongo abelii	TRAV19	F	Pongo abelii T cell receptor alpha variable 19	1	15		IMGT000253	-
Pongo abelii	TRAV2	ORF  P	Pongo abelii T cell receptor alpha variable 2	2	15		IMGT000253	-
Pongo abelii	TRAV20	P	Pongo abelii T cell receptor alpha variable 20	1	15		IMGT000253	-
Pongo abelii	TRAV21	F	Pongo abelii T cell receptor alpha variable 21	1	15		IMGT000253	-
Pongo abelii	TRAV22	F	Pongo abelii T cell receptor alpha variable 22	1	15		IMGT000253	-
Pongo abelii	TRAV23	F	Pongo abelii T cell receptor alpha variable 23	1	15		IMGT000253	-
Pongo abelii	TRAV24	P	Pongo abelii T cell receptor alpha variable 24	1	15		IMGT000253	-
Pongo abelii	TRAV25	F	Pongo abelii T cell receptor alpha variable 25	1	15		IMGT000253	-
Pongo abelii	TRAV26-1	F	Pongo abelii T cell receptor alpha variable 26-1	1	15		IMGT000253	-
Pongo abelii	TRAV26-2	F	Pongo abelii T cell receptor alpha variable 26-2	1	15		IMGT000253	-
Pongo abelii	TRAV27	F	Pongo abelii T cell receptor alpha variable 27	1	15		IMGT000253	-
Pongo abelii	TRAV28	P	Pongo abelii T cell receptor alpha variable 28	1	15		IMGT000253	-
Pongo abelii	TRAV29	F	Pongo abelii T cell receptor alpha variable 29	1	15		IMGT000253	-
Pongo abelii	TRAV3	F	Pongo abelii T cell receptor alpha variable 3	2	15		IMGT000253	-
Pongo abelii	TRAV30	F	Pongo abelii T cell receptor alpha variable 30	1	15		IMGT000253	-
Pongo abelii	TRAV31	P	Pongo abelii T cell receptor alpha variable 31	1	15		IMGT000253	-
Pongo abelii	TRAV32	P	Pongo abelii T cell receptor alpha variable 32	1	15		IMGT000253	-
Pongo abelii	TRAV33	P	Pongo abelii T cell receptor alpha variable 33	1	15		IMGT000253	-
Pongo abelii	TRAV34	F	Pongo abelii T cell receptor alpha variable 34	1	15		IMGT000253	-
Pongo abelii	TRAV35	F	Pongo abelii T cell receptor alpha variable 35	1	15		IMGT000253	-
Pongo abelii	TRAV36	F	Pongo abelii T cell receptor alpha variable 36	1	15		IMGT000253	-
Pongo abelii	TRAV37	P	Pongo abelii T cell receptor alpha variable 37	1	15		IMGT000253	-
Pongo abelii	TRAV38-1	F	Pongo abelii T cell receptor alpha variable 38-1	1	15		IMGT000253	-
Pongo abelii	TRAV38-2	F	Pongo abelii T cell receptor alpha variable 38-2	1	15		IMGT000253	-
Pongo abelii	TRAV39	F	Pongo abelii T cell receptor alpha variable 39	2	15		IMGT000253	-
Pongo abelii	TRAV4	ORF	Pongo abelii T cell receptor alpha variable 4	1	15		IMGT000253	-
Pongo abelii	TRAV40	F	Pongo abelii T cell receptor alpha variable 40	2	15		IMGT000253	-
Pongo abelii	TRAV41	F	Pongo abelii T cell receptor alpha variable 41	2	15		IMGT000253	-
Pongo abelii	TRAV46	P	Pongo abelii T cell receptor alpha variable 46	1	15		IMGT000253	-
Pongo abelii	TRAV5	F	Pongo abelii T cell receptor alpha variable 5	1	15		IMGT000253	-
Pongo abelii	TRAV6	F	Pongo abelii T cell receptor alpha variable 6	1	15		IMGT000253	-
Pongo abelii	TRAV7	F	Pongo abelii T cell receptor alpha variable 7	1	15		IMGT000253	-
Pongo abelii	TRAV8-1	P	Pongo abelii T cell receptor alpha variable 8-1	2	15		IMGT000253	-
Pongo abelii	TRAV8-2	F	Pongo abelii T cell receptor alpha variable 8-2	2	15		IMGT000253	-
Pongo abelii	TRAV8-3	F	Pongo abelii T cell receptor alpha variable 8-3	2	15		IMGT000253	-
Pongo abelii	TRAV8-4	P	Pongo abelii T cell receptor alpha variable 8-4	2	15		IMGT000253	-
Pongo abelii	TRAV8-5	F	Pongo abelii T cell receptor alpha variable 8-5	2	15		IMGT000253	-
Pongo abelii	TRAV8-6	P	Pongo abelii T cell receptor alpha variable 8-6	1	15		IMGT000253	-
Pongo abelii	TRAV8-7	F	Pongo abelii T cell receptor alpha variable 8-7	2	15		IMGT000253	-
Pongo abelii	TRAV8-8	P	Pongo abelii T cell receptor alpha variable 8-8	1	15		IMGT000253	-
Pongo abelii	TRAV8-9	F	Pongo abelii T cell receptor alpha variable 8-9	1	15		IMGT000253	-
Pongo abelii	TRAV9-1	F	Pongo abelii T cell receptor alpha variable 9-1	2	15		IMGT000253	-
Pongo abelii	TRAV9-2	F	Pongo abelii T cell receptor alpha variable 9-2	2	15		IMGT000253	-
Pongo abelii	TRAVA	P	Pongo abelii T cell receptor alpha variable A	2	15		IMGT000253	-
Pongo abelii	TRAVB	P	Pongo abelii T cell receptor alpha variable B	2	15		IMGT000253	-
Pongo abelii	TRAVC	P	Pongo abelii T cell receptor alpha variable C	1	15		IMGT000253	-
Pongo abelii	TRAVD	P	Pongo abelii T cell receptor alpha variable D	1	15		IMGT000253	-
Pongo abelii	TRBC1	F	Pongo abelii T cell receptor beta constant 1	3	6		BK075128	-
Pongo abelii	TRBC2	F	Pongo abelii T cell receptor beta constant 2	3	6		BK075128	-
Pongo abelii	TRBD1	F	Pongo abelii T cell receptor beta diversity 1	1	6		BK075128	-
Pongo abelii	TRBD2	F	Pongo abelii T cell receptor beta diversity 2	2	6		BK075128	-
Pongo abelii	TRBJ1-1	P	Pongo abelii T cell receptor beta joining 1-1	1	6		BK075128	-
Pongo abelii	TRBJ1-2	F	Pongo abelii T cell receptor beta joining 1-2	1	6		BK075128	-
Pongo abelii	TRBJ1-3	F	Pongo abelii T cell receptor beta joining 1-3	1	6		BK075128	-
Pongo abelii	TRBJ1-4	F	Pongo abelii T cell receptor beta joining 1-4	1	6		BK075128	-
Pongo abelii	TRBJ1-5	F	Pongo abelii T cell receptor beta joining 1-5	3	6		BK075128	-
Pongo abelii	TRBJ1-6	F	Pongo abelii T cell receptor beta joining 1-6	1	6		BK075128	-
Pongo abelii	TRBJ2-1	F  P	Pongo abelii T cell receptor beta joining 2-1	2	6		BK075128	-
Pongo abelii	TRBJ2-2	F	Pongo abelii T cell receptor beta joining 2-2	1	6		BK075128	-
Pongo abelii	TRBJ2-3	ORF	Pongo abelii T cell receptor beta joining 2-3	1	6		BK075128	-
Pongo abelii	TRBJ2-4	F	Pongo abelii T cell receptor beta joining 2-4	1	6		BK075128	-
Pongo abelii	TRBJ2-5	F	Pongo abelii T cell receptor beta joining 2-5	2	6		BK075128	-
Pongo abelii	TRBJ2-6	F	Pongo abelii T cell receptor beta joining 2-6	1	6		BK075128	-
Pongo abelii	TRBJ2-7	F	Pongo abelii T cell receptor beta joining 2-7	1	6		BK075128	-
Pongo abelii	TRBJ2-8	F	Pongo abelii T cell receptor beta joining 2-8	1	6		BK075128	-
Pongo abelii	TRBV1-1	P	Pongo abelii T cell receptor beta variable 1-1	2	6		BK075128	-
Pongo abelii	TRBV1-2	P	Pongo abelii T cell receptor beta variable 1-2	1	6		BK075128	-
Pongo abelii	TRBV1-2-1	P	Pongo abelii T cell receptor beta variable 1-2-1	1	6		BK075129	-
Pongo abelii	TRBV1-2-2	P	Pongo abelii T cell receptor beta variable 1-2-2	1	6		BK075129	-
Pongo abelii	TRBV1-3	P	Pongo abelii T cell receptor beta variable 1-3	3	6		BK075128	-
Pongo abelii	TRBV1-4	P	Pongo abelii T cell receptor beta variable 1-4	2	6		BK075128	-
Pongo abelii	TRBV10-1	F	Pongo abelii T cell receptor beta variable 10-1	1	6		BK075128	-
Pongo abelii	TRBV10-2	ORF	Pongo abelii T cell receptor beta variable 10-2	4	6		BK075128	-
Pongo abelii	TRBV10-3	ORF	Pongo abelii T cell receptor beta variable 10-3	2	6		BK075128	-
Pongo abelii	TRBV11-1	P	Pongo abelii T cell receptor beta variable 11-1	3	6		BK075128	-
Pongo abelii	TRBV11-2	ORF	Pongo abelii T cell receptor beta variable 11-2	1	6		BK075128	-
Pongo abelii	TRBV11-3	F	Pongo abelii T cell receptor beta variable 11-3	1	6		BK075128	-
Pongo abelii	TRBV12-1	P	Pongo abelii T cell receptor beta variable 12-1	3	6		BK075128	-
Pongo abelii	TRBV12-2	ORF	Pongo abelii T cell receptor beta variable 12-2	2	6		BK075128	-
Pongo abelii	TRBV12-3	F	Pongo abelii T cell receptor beta variable 12-3	3	6		BK075128	-
Pongo abelii	TRBV12-4	ORF	Pongo abelii T cell receptor beta variable 12-4	2	6		BK075128	-
Pongo abelii	TRBV12-5	F	Pongo abelii T cell receptor beta variable 12-5	2	6		BK075128	-
Pongo abelii	TRBV12-6	F	Pongo abelii T cell receptor beta variable 12-6	3	6		BK075128	-
Pongo abelii	TRBV12-7	F	Pongo abelii T cell receptor beta variable 12-7	1	6		BK075128	-
Pongo abelii	TRBV13	F	Pongo abelii T cell receptor beta variable 13	2	6		BK075128	-
Pongo abelii	TRBV14	F	Pongo abelii T cell receptor beta variable 14	3	6		BK075128	-
Pongo abelii	TRBV15	F	Pongo abelii T cell receptor beta variable 15	1	6		BK075128	-
Pongo abelii	TRBV16	F	Pongo abelii T cell receptor beta variable 16	1	6		BK075128	-
Pongo abelii	TRBV17	P	Pongo abelii T cell receptor beta variable 17	2	6		BK075128	-
Pongo abelii	TRBV18	F	Pongo abelii T cell receptor beta variable 18	2	6		BK075128	-
Pongo abelii	TRBV19	F	Pongo abelii T cell receptor beta variable 19	2	6		BK075128	-
Pongo abelii	TRBV2-1	F	Pongo abelii T cell receptor beta variable 2-1	2	6		BK075128	-
Pongo abelii	TRBV2-2	F	Pongo abelii T cell receptor beta variable 2-2	2	6		BK075128	-
Pongo abelii	TRBV2-2-1	F	Pongo abelii T cell receptor beta variable 2-2-1	1	6		BK075129	-
Pongo abelii	TRBV2-2-2	F	Pongo abelii T cell receptor beta variable 2-2-2	1	6		BK075129	-
Pongo abelii	TRBV2-3	F	Pongo abelii T cell receptor beta variable 2-3	3	6		BK075128	-
Pongo abelii	TRBV2-4	F	Pongo abelii T cell receptor beta variable 2-4	4	6		BK075128	-
Pongo abelii	TRBV20	F	Pongo abelii T cell receptor beta variable 20	3	6		BK075128	-
Pongo abelii	TRBV21	P	Pongo abelii T cell receptor beta variable 21	2	6		BK075128	-
Pongo abelii	TRBV22	P	Pongo abelii T cell receptor beta variable 22	3	6		BK075128	-
Pongo abelii	TRBV23	ORF  P	Pongo abelii T cell receptor beta variable 23	2	6		BK075128	-
Pongo abelii	TRBV24	F	Pongo abelii T cell receptor beta variable 24	2	6		BK075128	-
Pongo abelii	TRBV25	F	Pongo abelii T cell receptor beta variable 25	2	6		BK075128	-
Pongo abelii	TRBV26	P	Pongo abelii T cell receptor beta variable 26	2	6		BK075128	-
Pongo abelii	TRBV27	F	Pongo abelii T cell receptor beta variable 27	4	6		BK075128	-
Pongo abelii	TRBV28	F	Pongo abelii T cell receptor beta variable 28	3	6		BK075128	-
Pongo abelii	TRBV29	F	Pongo abelii T cell receptor beta variable 29	1	6		BK075128	-
Pongo abelii	TRBV3-1	F	Pongo abelii T cell receptor beta variable 3-1	1	6		BK075128	-
Pongo abelii	TRBV3-1-1	F	Pongo abelii T cell receptor beta variable 3-1-1	1	6		BK075129	-
Pongo abelii	TRBV3-1-2	F	Pongo abelii T cell receptor beta variable 3-1-2	1	6		BK075129	-
Pongo abelii	TRBV3-2	F	Pongo abelii T cell receptor beta variable 3-2	3	6		BK075128	-
Pongo abelii	TRBV3-3	P	Pongo abelii T cell receptor beta variable 3-3	2	6		BK075128	-
Pongo abelii	TRBV3-4	F	Pongo abelii T cell receptor beta variable 3-4	2	6		BK075128	-
Pongo abelii	TRBV30	F	Pongo abelii T cell receptor beta variable 30	2	6		BK075128	-
Pongo abelii	TRBV4-1	F	Pongo abelii T cell receptor beta variable 4-1	2	6		BK075128	-
Pongo abelii	TRBV4-1-1	F	Pongo abelii T cell receptor beta variable 4-1-1	1	6		BK075129	-
Pongo abelii	TRBV4-1-2	F	Pongo abelii T cell receptor beta variable 4-1-2	1	6		BK075129	-
Pongo abelii	TRBV4-2	P	Pongo abelii T cell receptor beta variable 4-2	4	6		BK075128	-
Pongo abelii	TRBV4-3	F	Pongo abelii T cell receptor beta variable 4-3	1	6		BK075128	-
Pongo abelii	TRBV4-4	F	Pongo abelii T cell receptor beta variable 4-4	3	6		BK075128	-
Pongo abelii	TRBV4-5	F	Pongo abelii T cell receptor beta variable 4-5	1	6		BK075128	-
Pongo abelii	TRBV5-1	F	Pongo abelii T cell receptor beta variable 5-1	3	6		BK075128	-
Pongo abelii	TRBV5-2	P	Pongo abelii T cell receptor beta variable 5-2	2	6		BK075128	-
Pongo abelii	TRBV5-3	ORF	Pongo abelii T cell receptor beta variable 5-3	2	6		BK075128	-
Pongo abelii	TRBV5-4	P	Pongo abelii T cell receptor beta variable 5-4	2	6		BK075128	-
Pongo abelii	TRBV5-5	F	Pongo abelii T cell receptor beta variable 5-5	3	6		BK075128	-
Pongo abelii	TRBV5-6	F	Pongo abelii T cell receptor beta variable 5-6	2	6		BK075128	-
Pongo abelii	TRBV5-7	F	Pongo abelii T cell receptor beta variable 5-7	2	6		BK075128	-
Pongo abelii	TRBV6-1	ORF	Pongo abelii T cell receptor beta variable 6-1	2	6		BK075128	-
Pongo abelii	TRBV6-2	F	Pongo abelii T cell receptor beta variable 6-2	2	6		BK075128	-
Pongo abelii	TRBV6-3	F	Pongo abelii T cell receptor beta variable 6-3	3	6		BK075128	-
Pongo abelii	TRBV6-4	F	Pongo abelii T cell receptor beta variable 6-4	3	6		BK075128	-
Pongo abelii	TRBV6-5	F	Pongo abelii T cell receptor beta variable 6-5	3	6		BK075128	-
Pongo abelii	TRBV6-6	F  P	Pongo abelii T cell receptor beta variable 6-6	3	6		BK075128	-
Pongo abelii	TRBV6-7	P	Pongo abelii T cell receptor beta variable 6-7	4	6		BK075128	-
Pongo abelii	TRBV6-8	F	Pongo abelii T cell receptor beta variable 6-8	2	6		BK075128	-
Pongo abelii	TRBV6-9	ORF	Pongo abelii T cell receptor beta variable 6-9	2	6		BK075128	-
Pongo abelii	TRBV7-1	ORF  P	Pongo abelii T cell receptor beta variable 7-1	3	6		BK075128	-
Pongo abelii	TRBV7-2	F	Pongo abelii T cell receptor beta variable 7-2	3	6		BK075128	-
Pongo abelii	TRBV7-3	F  ORF	Pongo abelii T cell receptor beta variable 7-3	3	6		BK075128	-
Pongo abelii	TRBV7-4	F	Pongo abelii T cell receptor beta variable 7-4	2	6		BK075128	-
Pongo abelii	TRBV7-5	F	Pongo abelii T cell receptor beta variable 7-5	2	6		BK075128	-
Pongo abelii	TRBV7-6	P	Pongo abelii T cell receptor beta variable 7-6	3	6		BK075128	-
Pongo abelii	TRBV7-7	ORF	Pongo abelii T cell receptor beta variable 7-7	3	6		BK075128	-
Pongo abelii	TRBV7-8	F	Pongo abelii T cell receptor beta variable 7-8	4	6		BK075128	-
Pongo abelii	TRBV8-1	P	Pongo abelii T cell receptor beta variable 8-1	3	6		BK075128	-
Pongo abelii	TRBV8-2	P	Pongo abelii T cell receptor beta variable 8-2	3	6		BK075128	-
Pongo abelii	TRBV9	F	Pongo abelii T cell receptor beta variable 9	2	6		BK075128	-
Pongo abelii	TRBVA	P	Pongo abelii T cell receptor beta variable A	2	6		BK075128	-
Pongo abelii	TRBVB	P	Pongo abelii T cell receptor beta variable B	3	6		BK075128	-
Pongo abelii	TRBVC	P	Pongo abelii T cell receptor beta variable C	3	6		BK075128	-
Pongo abelii	TRDC	P	Pongo abelii T cell receptor delta constant	1	15		IMGT000253	-
Pongo abelii	TRDD1	ORF	Pongo abelii T cell receptor delta diversity 1	1	15		IMGT000253	-
Pongo abelii	TRDD2	F	Pongo abelii T cell receptor delta diversity 2	1	15		IMGT000253	-
Pongo abelii	TRDD3	F	Pongo abelii T cell receptor delta diversity 3	1	15		IMGT000253	-
Pongo abelii	TRDJ1	F	Pongo abelii T cell receptor delta joining 1	1	15		IMGT000253	-
Pongo abelii	TRDJ2	F	Pongo abelii T cell receptor delta joining 2	1	15		IMGT000253	-
Pongo abelii	TRDJ3	F	Pongo abelii T cell receptor delta joining 3	1	15		IMGT000253	-
Pongo abelii	TRDJ4	F	Pongo abelii T cell receptor delta joining 4	2	15		IMGT000253	-
Pongo abelii	TRDV1	F	Pongo abelii T cell receptor delta variable 1	1	15		IMGT000253	-
Pongo abelii	TRDV2	ORF	Pongo abelii T cell receptor delta variable 2	1	15		IMGT000253	-
Pongo abelii	TRDV3	F	Pongo abelii T cell receptor delta variable 3	1	15		IMGT000253	-
Pongo abelii	TRGC1	F	Pongo abelii T cell receptor gamma constant 1	3	6		BK075459	-
Pongo abelii	TRGC2	F	Pongo abelii T cell receptor gamma constant 2	3	6		BK075459	-
Pongo abelii	TRGJ1	F	Pongo abelii T cell receptor gamma joining 1	1	6		BK075459	-
Pongo abelii	TRGJ2	F	Pongo abelii T cell receptor gamma joining 2	1	6		BK075459	-
Pongo abelii	TRGJP	F	Pongo abelii T cell receptor gamma joining P	1	6		BK075459	-
Pongo abelii	TRGJP1	ORF	Pongo abelii T cell receptor gamma joining P1	1	6		BK075459	-
Pongo abelii	TRGJP2	ORF	Pongo abelii T cell receptor gamma joining P2	1	6		BK075459	-
Pongo abelii	TRGV1	F	Pongo abelii T cell receptor gamma variable 1	2	6		BK075459	-
Pongo abelii	TRGV10	ORF	Pongo abelii T cell receptor gamma variable 10	2	6		BK075459	-
Pongo abelii	TRGV11	ORF	Pongo abelii T cell receptor gamma variable 11	2	6		BK075459	-
Pongo abelii	TRGV2	F	Pongo abelii T cell receptor gamma variable 2	2	6		BK075459	-
Pongo abelii	TRGV2-1	F	Pongo abelii T cell receptor gamma variable 2-1	1	6		IMGT000297	-
Pongo abelii	TRGV3	F	Pongo abelii T cell receptor gamma variable 3	3	6		BK075459	-
Pongo abelii	TRGV4	F	Pongo abelii T cell receptor gamma variable 4	1	6		BK075459	-
Pongo abelii	TRGV5	F	Pongo abelii T cell receptor gamma variable 5	3	6		BK075459	-
Pongo abelii	TRGV5D	F	Pongo abelii T cell receptor gamma variable 5D	1	6		BK075460	-
Pongo abelii	TRGV5N	F	Pongo abelii T cell receptor gamma variable 5N	1	6		BK075460	-
Pongo abelii	TRGV6	P	Pongo abelii T cell receptor gamma variable 6	2	6		BK075459	-
Pongo abelii	TRGV7	P	Pongo abelii T cell receptor gamma variable 7	1	6		BK075459	-
Pongo abelii	TRGV8	F	Pongo abelii T cell receptor gamma variable 8	2	6		BK075459	-
Pongo abelii	TRGV9	F	Pongo abelii T cell receptor gamma variable 9	2	6		BK075459	-
Pongo abelii	TRGVA	P	Pongo abelii T cell receptor gamma variable A	2	6		BK075459	-
Pongo abelii	TRGVB	P	Pongo abelii T cell receptor gamma variable B	1	6		BK075459	-
Pongo abelii	TRGVC	P	Pongo abelii T cell receptor gamma variable C	2	6		BK075459	-
Pongo abelii	TRGVD	P	Pongo abelii T cell receptor gamma variable D	2	6		BK075459	-
Pongo pygmaeus	TRAC	F	Pongo pygmaeus T cell receptor alpha constant	1			IMGT000301	-
Pongo pygmaeus	TRAJ1	P	Pongo pygmaeus T cell receptor alpha joining 1	1			IMGT000301	-
Pongo pygmaeus	TRAJ10	F	Pongo pygmaeus T cell receptor alpha joining 10	1			IMGT000301	-
Pongo pygmaeus	TRAJ11	F	Pongo pygmaeus T cell receptor alpha joining 11	1			IMGT000301	-
Pongo pygmaeus	TRAJ12	F	Pongo pygmaeus T cell receptor alpha joining 12	1			IMGT000301	-
Pongo pygmaeus	TRAJ13	F	Pongo pygmaeus T cell receptor alpha joining 13	1			IMGT000301	-
Pongo pygmaeus	TRAJ14	F	Pongo pygmaeus T cell receptor alpha joining 14	1			IMGT000301	-
Pongo pygmaeus	TRAJ15	F	Pongo pygmaeus T cell receptor alpha joining 15	1			IMGT000301	-
Pongo pygmaeus	TRAJ16	ORF	Pongo pygmaeus T cell receptor alpha joining 16	1			IMGT000301	-
Pongo pygmaeus	TRAJ17	F	Pongo pygmaeus T cell receptor alpha joining 17	1			IMGT000301	-
Pongo pygmaeus	TRAJ18	F	Pongo pygmaeus T cell receptor alpha joining 18	1			IMGT000301	-
Pongo pygmaeus	TRAJ19	ORF	Pongo pygmaeus T cell receptor alpha joining 19	1			IMGT000301	-
Pongo pygmaeus	TRAJ2	F	Pongo pygmaeus T cell receptor alpha joining 2	1			IMGT000301	-
Pongo pygmaeus	TRAJ20	F	Pongo pygmaeus T cell receptor alpha joining 20	1			IMGT000301	-
Pongo pygmaeus	TRAJ21	F	Pongo pygmaeus T cell receptor alpha joining 21	1			IMGT000301	-
Pongo pygmaeus	TRAJ22	F	Pongo pygmaeus T cell receptor alpha joining 22	1			IMGT000301	-
Pongo pygmaeus	TRAJ23	F	Pongo pygmaeus T cell receptor alpha joining 23	1			IMGT000301	-
Pongo pygmaeus	TRAJ24	F	Pongo pygmaeus T cell receptor alpha joining 24	1			IMGT000301	-
Pongo pygmaeus	TRAJ25	F	Pongo pygmaeus T cell receptor alpha joining 25	1			IMGT000301	-
Pongo pygmaeus	TRAJ26	F	Pongo pygmaeus T cell receptor alpha joining 26	1			IMGT000301	-
Pongo pygmaeus	TRAJ27	F	Pongo pygmaeus T cell receptor alpha joining 27	1			IMGT000301	-
Pongo pygmaeus	TRAJ28	F	Pongo pygmaeus T cell receptor alpha joining 28	1			IMGT000301	-
Pongo pygmaeus	TRAJ29	F	Pongo pygmaeus T cell receptor alpha joining 29	1			IMGT000301	-
Pongo pygmaeus	TRAJ3	F	Pongo pygmaeus T cell receptor alpha joining 3	1			IMGT000301	-
Pongo pygmaeus	TRAJ30	F	Pongo pygmaeus T cell receptor alpha joining 30	1			IMGT000301	-
Pongo pygmaeus	TRAJ31	F	Pongo pygmaeus T cell receptor alpha joining 31	1			IMGT000301	-
Pongo pygmaeus	TRAJ32	F	Pongo pygmaeus T cell receptor alpha joining 32	1			IMGT000301	-
Pongo pygmaeus	TRAJ33	F	Pongo pygmaeus T cell receptor alpha joining 33	1			IMGT000301	-
Pongo pygmaeus	TRAJ34	F	Pongo pygmaeus T cell receptor alpha joining 34	1			IMGT000301	-
Pongo pygmaeus	TRAJ35	F	Pongo pygmaeus T cell receptor alpha joining 35	1			IMGT000301	-
Pongo pygmaeus	TRAJ36	F	Pongo pygmaeus T cell receptor alpha joining 36	1			IMGT000301	-
Pongo pygmaeus	TRAJ37	F	Pongo pygmaeus T cell receptor alpha joining 37	1			IMGT000301	-
Pongo pygmaeus	TRAJ38	P	Pongo pygmaeus T cell receptor alpha joining 38	1			IMGT000301	-
Pongo pygmaeus	TRAJ39	F	Pongo pygmaeus T cell receptor alpha joining 39	1			IMGT000301	-
Pongo pygmaeus	TRAJ4	F	Pongo pygmaeus T cell receptor alpha joining 4	1			IMGT000301	-
Pongo pygmaeus	TRAJ40	F	Pongo pygmaeus T cell receptor alpha joining 40	1			IMGT000301	-
Pongo pygmaeus	TRAJ41	F	Pongo pygmaeus T cell receptor alpha joining 41	1			IMGT000301	-
Pongo pygmaeus	TRAJ42	F	Pongo pygmaeus T cell receptor alpha joining 42	1			IMGT000301	-
Pongo pygmaeus	TRAJ43	F	Pongo pygmaeus T cell receptor alpha joining 43	1			IMGT000301	-
Pongo pygmaeus	TRAJ44	F	Pongo pygmaeus T cell receptor alpha joining 44	1			IMGT000301	-
Pongo pygmaeus	TRAJ45	P	Pongo pygmaeus T cell receptor alpha joining 45	1			IMGT000301	-
Pongo pygmaeus	TRAJ46	F	Pongo pygmaeus T cell receptor alpha joining 46	1			IMGT000301	-
Pongo pygmaeus	TRAJ47	F	Pongo pygmaeus T cell receptor alpha joining 47	1			IMGT000301	-
Pongo pygmaeus	TRAJ48	F	Pongo pygmaeus T cell receptor alpha joining 48	1			IMGT000301	-
Pongo pygmaeus	TRAJ49	F	Pongo pygmaeus T cell receptor alpha joining 49	1			IMGT000301	-
Pongo pygmaeus	TRAJ5	F	Pongo pygmaeus T cell receptor alpha joining 5	1			IMGT000301	-
Pongo pygmaeus	TRAJ50	F	Pongo pygmaeus T cell receptor alpha joining 50	1			IMGT000301	-
Pongo pygmaeus	TRAJ51	ORF	Pongo pygmaeus T cell receptor alpha joining 51	1			IMGT000301	-
Pongo pygmaeus	TRAJ52	F	Pongo pygmaeus T cell receptor alpha joining 52	1			IMGT000301	-
Pongo pygmaeus	TRAJ53	F	Pongo pygmaeus T cell receptor alpha joining 53	1			IMGT000301	-
Pongo pygmaeus	TRAJ54	F	Pongo pygmaeus T cell receptor alpha joining 54	1			IMGT000301	-
Pongo pygmaeus	TRAJ55	P	Pongo pygmaeus T cell receptor alpha joining 55	1			IMGT000301	-
Pongo pygmaeus	TRAJ56	ORF	Pongo pygmaeus T cell receptor alpha joining 56	1			IMGT000301	-
Pongo pygmaeus	TRAJ57	F	Pongo pygmaeus T cell receptor alpha joining 57	1			IMGT000301	-
Pongo pygmaeus	TRAJ58	F	Pongo pygmaeus T cell receptor alpha joining 58	1			IMGT000301	-
Pongo pygmaeus	TRAJ59	ORF	Pongo pygmaeus T cell receptor alpha joining 59	1			IMGT000301	-
Pongo pygmaeus	TRAJ6	F	Pongo pygmaeus T cell receptor alpha joining 6	1			IMGT000301	-
Pongo pygmaeus	TRAJ60	P	Pongo pygmaeus T cell receptor alpha joining 60	1			IMGT000301	-
Pongo pygmaeus	TRAJ61	P	Pongo pygmaeus T cell receptor alpha joining 61	1			IMGT000301	-
Pongo pygmaeus	TRAJ7	F	Pongo pygmaeus T cell receptor alpha joining 7	1			IMGT000301	-
Pongo pygmaeus	TRAJ8	F	Pongo pygmaeus T cell receptor alpha joining 8	1			IMGT000301	-
Pongo pygmaeus	TRAJ9	F	Pongo pygmaeus T cell receptor alpha joining 9	1			IMGT000301	-
Pongo pygmaeus	TRAV1-1	F	Pongo pygmaeus T cell receptor alpha variable 1-1	1			IMGT000301	-
Pongo pygmaeus	TRAV1-2	F	Pongo pygmaeus T cell receptor alpha variable 1-2	1			IMGT000301	-
Pongo pygmaeus	TRAV10	F	Pongo pygmaeus T cell receptor alpha variable 10	1			IMGT000301	-
Pongo pygmaeus	TRAV11-1	ORF	Pongo pygmaeus T cell receptor alpha variable 11-1	1			IMGT000301	-
Pongo pygmaeus	TRAV11-2	P	Pongo pygmaeus T cell receptor alpha variable 11-2	1			IMGT000301	-
Pongo pygmaeus	TRAV12-1	F	Pongo pygmaeus T cell receptor alpha variable 12-1	1			IMGT000301	-
Pongo pygmaeus	TRAV12-2	F	Pongo pygmaeus T cell receptor alpha variable 12-2	1			IMGT000301	-
Pongo pygmaeus	TRAV12-3	F	Pongo pygmaeus T cell receptor alpha variable 12-3	1			IMGT000301	-
Pongo pygmaeus	TRAV13-1	F	Pongo pygmaeus T cell receptor alpha variable 13-1	1			IMGT000301	-
Pongo pygmaeus	TRAV13-2	F	Pongo pygmaeus T cell receptor alpha variable 13-2	1			IMGT000301	-
Pongo pygmaeus	TRAV14-1	P	Pongo pygmaeus T cell receptor alpha variable 14-1	1			IMGT000301	-
Pongo pygmaeus	TRAV14-2	F	Pongo pygmaeus T cell receptor alpha variable 14-2	1			IMGT000301	-
Pongo pygmaeus	TRAV15	P	Pongo pygmaeus T cell receptor alpha variable 15	1			IMGT000301	-
Pongo pygmaeus	TRAV16	F	Pongo pygmaeus T cell receptor alpha variable 16	1			IMGT000301	-
Pongo pygmaeus	TRAV17	F	Pongo pygmaeus T cell receptor alpha variable 17	1			IMGT000301	-
Pongo pygmaeus	TRAV18	F	Pongo pygmaeus T cell receptor alpha variable 18	1			IMGT000301	-
Pongo pygmaeus	TRAV19	F	Pongo pygmaeus T cell receptor alpha variable 19	1			IMGT000301	-
Pongo pygmaeus	TRAV2	ORF	Pongo pygmaeus T cell receptor alpha variable 2	1			IMGT000301	-
Pongo pygmaeus	TRAV20	P	Pongo pygmaeus T cell receptor alpha variable 20	1			IMGT000301	-
Pongo pygmaeus	TRAV21	F	Pongo pygmaeus T cell receptor alpha variable 21	1			IMGT000301	-
Pongo pygmaeus	TRAV22	F	Pongo pygmaeus T cell receptor alpha variable 22	1			IMGT000301	-
Pongo pygmaeus	TRAV23	F	Pongo pygmaeus T cell receptor alpha variable 23	1			IMGT000301	-
Pongo pygmaeus	TRAV24	P	Pongo pygmaeus T cell receptor alpha variable 24	1			IMGT000301	-
Pongo pygmaeus	TRAV25	F	Pongo pygmaeus T cell receptor alpha variable 25	1			IMGT000301	-
Pongo pygmaeus	TRAV26-1	F	Pongo pygmaeus T cell receptor alpha variable 26-1	1			IMGT000301	-
Pongo pygmaeus	TRAV26-2	F	Pongo pygmaeus T cell receptor alpha variable 26-2	1			IMGT000301	-
Pongo pygmaeus	TRAV27	F	Pongo pygmaeus T cell receptor alpha variable 27	1			IMGT000301	-
Pongo pygmaeus	TRAV28	P	Pongo pygmaeus T cell receptor alpha variable 28	1			IMGT000301	-
Pongo pygmaeus	TRAV29	F	Pongo pygmaeus T cell receptor alpha variable 29	1			IMGT000301	-
Pongo pygmaeus	TRAV3	F	Pongo pygmaeus T cell receptor alpha variable 3	1			IMGT000301	-
Pongo pygmaeus	TRAV30	F	Pongo pygmaeus T cell receptor alpha variable 30	1			IMGT000301	-
Pongo pygmaeus	TRAV31	P	Pongo pygmaeus T cell receptor alpha variable 31	1			IMGT000301	-
Pongo pygmaeus	TRAV32	P	Pongo pygmaeus T cell receptor alpha variable 32	1			IMGT000301	-
Pongo pygmaeus	TRAV33	P	Pongo pygmaeus T cell receptor alpha variable 33	1			IMGT000301	-
Pongo pygmaeus	TRAV34	ORF	Pongo pygmaeus T cell receptor alpha variable 34	1			IMGT000301	-
Pongo pygmaeus	TRAV35	F	Pongo pygmaeus T cell receptor alpha variable 35	1			IMGT000301	-
Pongo pygmaeus	TRAV36	F	Pongo pygmaeus T cell receptor alpha variable 36	1			IMGT000301	-
Pongo pygmaeus	TRAV37	P	Pongo pygmaeus T cell receptor alpha variable 37	1			IMGT000301	-
Pongo pygmaeus	TRAV38-1	F	Pongo pygmaeus T cell receptor alpha variable 38-1	1			IMGT000301	-
Pongo pygmaeus	TRAV38-2	F	Pongo pygmaeus T cell receptor alpha variable 38-2	1			IMGT000301	-
Pongo pygmaeus	TRAV39	F	Pongo pygmaeus T cell receptor alpha variable 39	1			IMGT000301	-
Pongo pygmaeus	TRAV4	ORF	Pongo pygmaeus T cell receptor alpha variable 4	1			IMGT000301	-
Pongo pygmaeus	TRAV40	F	Pongo pygmaeus T cell receptor alpha variable 40	1			IMGT000301	-
Pongo pygmaeus	TRAV41	F	Pongo pygmaeus T cell receptor alpha variable 41	1			IMGT000301	-
Pongo pygmaeus	TRAV46	P	Pongo pygmaeus T cell receptor alpha variable 46	1			IMGT000301	-
Pongo pygmaeus	TRAV5	F	Pongo pygmaeus T cell receptor alpha variable 5	1			IMGT000301	-
Pongo pygmaeus	TRAV6	F	Pongo pygmaeus T cell receptor alpha variable 6	1			IMGT000301	-
Pongo pygmaeus	TRAV7	F	Pongo pygmaeus T cell receptor alpha variable 7	1			IMGT000301	-
Pongo pygmaeus	TRAV8-1	P	Pongo pygmaeus T cell receptor alpha variable 8-1	1			IMGT000301	-
Pongo pygmaeus	TRAV8-2	F	Pongo pygmaeus T cell receptor alpha variable 8-2	1			IMGT000301	-
Pongo pygmaeus	TRAV8-3	F	Pongo pygmaeus T cell receptor alpha variable 8-3	1			IMGT000301	-
Pongo pygmaeus	TRAV8-4	P	Pongo pygmaeus T cell receptor alpha variable 8-4	1			IMGT000301	-
Pongo pygmaeus	TRAV8-5	F	Pongo pygmaeus T cell receptor alpha variable 8-5	1			IMGT000301	-
Pongo pygmaeus	TRAV8-6	P	Pongo pygmaeus T cell receptor alpha variable 8-6	1			IMGT000301	-
Pongo pygmaeus	TRAV8-7	F	Pongo pygmaeus T cell receptor alpha variable 8-7	1			IMGT000301	-
Pongo pygmaeus	TRAV8-8	P	Pongo pygmaeus T cell receptor alpha variable 8-8	1			IMGT000301	-
Pongo pygmaeus	TRAV8-9	F	Pongo pygmaeus T cell receptor alpha variable 8-9	1			IMGT000301	-
Pongo pygmaeus	TRAV9-1	F	Pongo pygmaeus T cell receptor alpha variable 9-1	1			IMGT000301	-
Pongo pygmaeus	TRAV9-2	F	Pongo pygmaeus T cell receptor alpha variable 9-2	1			IMGT000301	-
Pongo pygmaeus	TRAVA	P	Pongo pygmaeus T cell receptor alpha variable A	1			IMGT000301	-
Pongo pygmaeus	TRAVB	P	Pongo pygmaeus T cell receptor alpha variable B	1			IMGT000301	-
Pongo pygmaeus	TRAVC	P	Pongo pygmaeus T cell receptor alpha variable C	1			IMGT000301	-
Pongo pygmaeus	TRAVD	P	Pongo pygmaeus T cell receptor alpha variable D	1			IMGT000301	-
Pongo pygmaeus	TRBC1	F	Pongo pygmaeus T cell receptor beta constant 1	2	6		BK075126	-
Pongo pygmaeus	TRBC2	F	Pongo pygmaeus T cell receptor beta constant 2	2	6		BK075126	-
Pongo pygmaeus	TRBD1	F	Pongo pygmaeus T cell receptor beta diversity 1	1	6		BK075126	-
Pongo pygmaeus	TRBD2	F	Pongo pygmaeus T cell receptor beta diversity 2	1	6		BK075126	-
Pongo pygmaeus	TRBJ1-1	P	Pongo pygmaeus T cell receptor beta joining 1-1	1	6		BK075126	-
Pongo pygmaeus	TRBJ1-2	F	Pongo pygmaeus T cell receptor beta joining 1-2	1	6		BK075126	-
Pongo pygmaeus	TRBJ1-3	F	Pongo pygmaeus T cell receptor beta joining 1-3	1	6		BK075126	-
Pongo pygmaeus	TRBJ1-4	F	Pongo pygmaeus T cell receptor beta joining 1-4	1	6		BK075126	-
Pongo pygmaeus	TRBJ1-5	F	Pongo pygmaeus T cell receptor beta joining 1-5	1	6		BK075126	-
Pongo pygmaeus	TRBJ1-6	F	Pongo pygmaeus T cell receptor beta joining 1-6	1	6		BK075126	-
Pongo pygmaeus	TRBJ2-1	F	Pongo pygmaeus T cell receptor beta joining 2-1	1	6		BK075126	-
Pongo pygmaeus	TRBJ2-2	F	Pongo pygmaeus T cell receptor beta joining 2-2	1	6		BK075126	-
Pongo pygmaeus	TRBJ2-3	ORF	Pongo pygmaeus T cell receptor beta joining 2-3	1	6		BK075126	-
Pongo pygmaeus	TRBJ2-4	F	Pongo pygmaeus T cell receptor beta joining 2-4	1	6		BK075126	-
Pongo pygmaeus	TRBJ2-5	F	Pongo pygmaeus T cell receptor beta joining 2-5	2	6		BK075126	-
Pongo pygmaeus	TRBJ2-6	F	Pongo pygmaeus T cell receptor beta joining 2-6	1	6		BK075126	-
Pongo pygmaeus	TRBJ2-7	F	Pongo pygmaeus T cell receptor beta joining 2-7	1	6		BK075126	-
Pongo pygmaeus	TRBJ2-8	F	Pongo pygmaeus T cell receptor beta joining 2-8	1	6		BK075126	-
Pongo pygmaeus	TRBV1-1	P	Pongo pygmaeus T cell receptor beta variable 1-1	1	6		BK075126	-
Pongo pygmaeus	TRBV1-2	P	Pongo pygmaeus T cell receptor beta variable 1-2	1	6		BK075126	-
Pongo pygmaeus	TRBV1-3	P	Pongo pygmaeus T cell receptor beta variable 1-3	1	6		BK075126	-
Pongo pygmaeus	TRBV1-4	P	Pongo pygmaeus T cell receptor beta variable 1-4	1	6		BK075126	-
Pongo pygmaeus	TRBV10-1	F	Pongo pygmaeus T cell receptor beta variable 10-1	2	6		BK075126	-
Pongo pygmaeus	TRBV10-2	ORF	Pongo pygmaeus T cell receptor beta variable 10-2	1	6		BK075126	-
Pongo pygmaeus	TRBV10-3	ORF	Pongo pygmaeus T cell receptor beta variable 10-3	2	6		BK075126	-
Pongo pygmaeus	TRBV11-1	P	Pongo pygmaeus T cell receptor beta variable 11-1	2	6		BK075126	-
Pongo pygmaeus	TRBV11-2	ORF	Pongo pygmaeus T cell receptor beta variable 11-2	1	6		BK075126	-
Pongo pygmaeus	TRBV11-3	F	Pongo pygmaeus T cell receptor beta variable 11-3	1	6		BK075126	-
Pongo pygmaeus	TRBV12-1	P	Pongo pygmaeus T cell receptor beta variable 12-1	2	6		BK075126	-
Pongo pygmaeus	TRBV12-2	ORF	Pongo pygmaeus T cell receptor beta variable 12-2	2	6		BK075126	-
Pongo pygmaeus	TRBV12-3	F	Pongo pygmaeus T cell receptor beta variable 12-3	1	6		BK075126	-
Pongo pygmaeus	TRBV12-4	ORF	Pongo pygmaeus T cell receptor beta variable 12-4	1	6		BK075126	-
Pongo pygmaeus	TRBV12-5	F	Pongo pygmaeus T cell receptor beta variable 12-5	1	6		BK075126	-
Pongo pygmaeus	TRBV12-6	F	Pongo pygmaeus T cell receptor beta variable 12-6	1	6		BK075126	-
Pongo pygmaeus	TRBV12-7	F	Pongo pygmaeus T cell receptor beta variable 12-7	1	6		BK075126	-
Pongo pygmaeus	TRBV13	F	Pongo pygmaeus T cell receptor beta variable 13	1	6		BK075126	-
Pongo pygmaeus	TRBV14	F	Pongo pygmaeus T cell receptor beta variable 14	1	6		BK075126	-
Pongo pygmaeus	TRBV15	F	Pongo pygmaeus T cell receptor beta variable 15	1	6		BK075126	-
Pongo pygmaeus	TRBV16	F  ORF	Pongo pygmaeus T cell receptor beta variable 16	2	6		BK075126	-
Pongo pygmaeus	TRBV17	P	Pongo pygmaeus T cell receptor beta variable 17	1	6		BK075126	-
Pongo pygmaeus	TRBV18	F	Pongo pygmaeus T cell receptor beta variable 18	2	6		BK075126	-
Pongo pygmaeus	TRBV19	F	Pongo pygmaeus T cell receptor beta variable 19	2	6		BK075126	-
Pongo pygmaeus	TRBV2-1	F	Pongo pygmaeus T cell receptor beta variable 2-1	1	6		BK075126	-
Pongo pygmaeus	TRBV2-2	F	Pongo pygmaeus T cell receptor beta variable 2-2	1	6		BK075126	-
Pongo pygmaeus	TRBV2-3	F	Pongo pygmaeus T cell receptor beta variable 2-3	1	6		BK075126	-
Pongo pygmaeus	TRBV2-4	F	Pongo pygmaeus T cell receptor beta variable 2-4	2	6		BK075126	-
Pongo pygmaeus	TRBV20	F	Pongo pygmaeus T cell receptor beta variable 20	2	6		BK075126	-
Pongo pygmaeus	TRBV21	P	Pongo pygmaeus T cell receptor beta variable 21	1	6		BK075126	-
Pongo pygmaeus	TRBV22	P	Pongo pygmaeus T cell receptor beta variable 22	1	6		BK075126	-
Pongo pygmaeus	TRBV23	P	Pongo pygmaeus T cell receptor beta variable 23	1	6		BK075126	-
Pongo pygmaeus	TRBV24	F	Pongo pygmaeus T cell receptor beta variable 24	1	6		BK075126	-
Pongo pygmaeus	TRBV25	F  ORF	Pongo pygmaeus T cell receptor beta variable 25	2	6		BK075126	-
Pongo pygmaeus	TRBV26	P	Pongo pygmaeus T cell receptor beta variable 26	2	6		BK075126	-
Pongo pygmaeus	TRBV27	F	Pongo pygmaeus T cell receptor beta variable 27	2	6		BK075126	-
Pongo pygmaeus	TRBV28	F	Pongo pygmaeus T cell receptor beta variable 28	1	6		BK075126	-
Pongo pygmaeus	TRBV29	F	Pongo pygmaeus T cell receptor beta variable 29	2	6		BK075126	-
Pongo pygmaeus	TRBV3-1	F	Pongo pygmaeus T cell receptor beta variable 3-1	2	6		BK075126	-
Pongo pygmaeus	TRBV3-2	F	Pongo pygmaeus T cell receptor beta variable 3-2	2	6		BK075126	-
Pongo pygmaeus	TRBV3-3	P	Pongo pygmaeus T cell receptor beta variable 3-3	2	6		BK075126	-
Pongo pygmaeus	TRBV30	F	Pongo pygmaeus T cell receptor beta variable 30	1	6		BK075126	-
Pongo pygmaeus	TRBV4-1	F	Pongo pygmaeus T cell receptor beta variable 4-1	2	6		BK075126	-
Pongo pygmaeus	TRBV4-2	P	Pongo pygmaeus T cell receptor beta variable 4-2	2	6		BK075126	-
Pongo pygmaeus	TRBV4-3	F	Pongo pygmaeus T cell receptor beta variable 4-3	2	6		BK075126	-
Pongo pygmaeus	TRBV4-4	F	Pongo pygmaeus T cell receptor beta variable 4-4	1	6		BK075126	-
Pongo pygmaeus	TRBV5-1	F  P	Pongo pygmaeus T cell receptor beta variable 5-1	2	6		BK075126	-
Pongo pygmaeus	TRBV5-2	P	Pongo pygmaeus T cell receptor beta variable 5-2	2	6		BK075126	-
Pongo pygmaeus	TRBV5-3	ORF	Pongo pygmaeus T cell receptor beta variable 5-3	2	6		BK075126	-
Pongo pygmaeus	TRBV5-4	F	Pongo pygmaeus T cell receptor beta variable 5-4	1	6		BK075126	-
Pongo pygmaeus	TRBV5-5	F	Pongo pygmaeus T cell receptor beta variable 5-5	2	6		BK075126	-
Pongo pygmaeus	TRBV5-5-1	F	Pongo pygmaeus T cell receptor beta variable 5-5-1	2	6		BK075126	-
Pongo pygmaeus	TRBV5-5-2	F  P	Pongo pygmaeus T cell receptor beta variable 5-5-2	2	6		BK075126	-
Pongo pygmaeus	TRBV5-6	F	Pongo pygmaeus T cell receptor beta variable 5-6	2	6		BK075126	-
Pongo pygmaeus	TRBV5-7	F	Pongo pygmaeus T cell receptor beta variable 5-7	2	6		BK075126	-
Pongo pygmaeus	TRBV6-1	ORF	Pongo pygmaeus T cell receptor beta variable 6-1	1	6		BK075126	-
Pongo pygmaeus	TRBV6-4	F	Pongo pygmaeus T cell receptor beta variable 6-4	2	6		BK075126	-
Pongo pygmaeus	TRBV6-5	F	Pongo pygmaeus T cell receptor beta variable 6-5	1	6		BK075126	-
Pongo pygmaeus	TRBV6-6	ORF  P	Pongo pygmaeus T cell receptor beta variable 6-6	2	6		BK075126	-
Pongo pygmaeus	TRBV6-7	P	Pongo pygmaeus T cell receptor beta variable 6-7	2	6		BK075126	-
Pongo pygmaeus	TRBV6-8	F	Pongo pygmaeus T cell receptor beta variable 6-8	1	6		BK075126	-
Pongo pygmaeus	TRBV6-8-1	F	Pongo pygmaeus T cell receptor beta variable 6-8-1	1	6		BK075126	-
Pongo pygmaeus	TRBV6-8-2	F  P	Pongo pygmaeus T cell receptor beta variable 6-8-2	2	6		BK075126	-
Pongo pygmaeus	TRBV6-9	ORF	Pongo pygmaeus T cell receptor beta variable 6-9	1	6		BK075126	-
Pongo pygmaeus	TRBV7-1	P	Pongo pygmaeus T cell receptor beta variable 7-1	2	6		BK075126	-
Pongo pygmaeus	TRBV7-2	F	Pongo pygmaeus T cell receptor beta variable 7-2	1	6		BK075126	-
Pongo pygmaeus	TRBV7-3	F	Pongo pygmaeus T cell receptor beta variable 7-3	2	6		BK075126	-
Pongo pygmaeus	TRBV7-4	F	Pongo pygmaeus T cell receptor beta variable 7-4	1	6		BK075126	-
Pongo pygmaeus	TRBV7-5	F	Pongo pygmaeus T cell receptor beta variable 7-5	1	6		BK075126	-
Pongo pygmaeus	TRBV7-6	P	Pongo pygmaeus T cell receptor beta variable 7-6	2	6		BK075126	-
Pongo pygmaeus	TRBV7-6-1	F	Pongo pygmaeus T cell receptor beta variable 7-6-1	2	6		BK075126	-
Pongo pygmaeus	TRBV7-6-2	F	Pongo pygmaeus T cell receptor beta variable 7-6-2	2	6		BK075126	-
Pongo pygmaeus	TRBV7-7	ORF	Pongo pygmaeus T cell receptor beta variable 7-7	2	6		BK075126	-
Pongo pygmaeus	TRBV7-8	F	Pongo pygmaeus T cell receptor beta variable 7-8	2	6		BK075126	-
Pongo pygmaeus	TRBV8-1	P	Pongo pygmaeus T cell receptor beta variable 8-1	2	6		BK075126	-
Pongo pygmaeus	TRBV8-2	P	Pongo pygmaeus T cell receptor beta variable 8-2	1	6		BK075126	-
Pongo pygmaeus	TRBV9	F	Pongo pygmaeus T cell receptor beta variable 9	2	6		BK075126	-
Pongo pygmaeus	TRBVA	P	Pongo pygmaeus T cell receptor beta variable A	1	6		BK075126	-
Pongo pygmaeus	TRBVB	P	Pongo pygmaeus T cell receptor beta variable B	2	6		BK075126	-
Pongo pygmaeus	TRBVC	P	Pongo pygmaeus T cell receptor beta variable C	1	6		BK075126	-
Pongo pygmaeus	TRDC	P	Pongo pygmaeus T cell receptor delta constant	1			IMGT000301	-
Pongo pygmaeus	TRDD1	F	Pongo pygmaeus T cell receptor delta diversity 1	1			IMGT000301	-
Pongo pygmaeus	TRDD2	F	Pongo pygmaeus T cell receptor delta diversity 2	1			IMGT000301	-
Pongo pygmaeus	TRDD3	F	Pongo pygmaeus T cell receptor delta diversity 3	1			IMGT000301	-
Pongo pygmaeus	TRDJ1	F	Pongo pygmaeus T cell receptor delta joining 1	1			IMGT000301	-
Pongo pygmaeus	TRDJ2	F	Pongo pygmaeus T cell receptor delta joining 2	1			IMGT000301	-
Pongo pygmaeus	TRDJ3	F	Pongo pygmaeus T cell receptor delta joining 3	1			IMGT000301	-
Pongo pygmaeus	TRDJ4	F	Pongo pygmaeus T cell receptor delta joining 4	1			IMGT000301	-
Pongo pygmaeus	TRDV1	F	Pongo pygmaeus T cell receptor delta variable 1	1			IMGT000301	-
Pongo pygmaeus	TRDV2	ORF	Pongo pygmaeus T cell receptor delta variable 2	1			IMGT000301	-
Pongo pygmaeus	TRDV3	F	Pongo pygmaeus T cell receptor delta variable 3	1			IMGT000301	-
Pongo pygmaeus	TRGC1	F	Pongo pygmaeus T cell receptor gamma constant 1	1	6		BK075461	-
Pongo pygmaeus	TRGC2	F	Pongo pygmaeus T cell receptor gamma constant 2	1	6		BK075461	-
Pongo pygmaeus	TRGJ1	F	Pongo pygmaeus T cell receptor gamma joining 1	1	6		BK075461	-
Pongo pygmaeus	TRGJ2	F	Pongo pygmaeus T cell receptor gamma joining 2	1	6		BK075461	-
Pongo pygmaeus	TRGJP	F	Pongo pygmaeus T cell receptor gamma joining P	1	6		BK075461	-
Pongo pygmaeus	TRGJP1	ORF	Pongo pygmaeus T cell receptor gamma joining P1	1	6		BK075461	-
Pongo pygmaeus	TRGJP2	ORF	Pongo pygmaeus T cell receptor gamma joining P2	1	6		BK075461	-
Pongo pygmaeus	TRGV1	F	Pongo pygmaeus T cell receptor gamma variable 1	2	6		BK075461	-
Pongo pygmaeus	TRGV10	ORF	Pongo pygmaeus T cell receptor gamma variable 10	1	6		BK075461	-
Pongo pygmaeus	TRGV11	ORF	Pongo pygmaeus T cell receptor gamma variable 11	1	6		BK075461	-
Pongo pygmaeus	TRGV2	F	Pongo pygmaeus T cell receptor gamma variable 2	1	6		BK075461	-
Pongo pygmaeus	TRGV3	F	Pongo pygmaeus T cell receptor gamma variable 3	1	6		BK075461	-
Pongo pygmaeus	TRGV4	F	Pongo pygmaeus T cell receptor gamma variable 4	1	6		BK075461	-
Pongo pygmaeus	TRGV5	F	Pongo pygmaeus T cell receptor gamma variable 5	1	6		BK075461	-
Pongo pygmaeus	TRGV6	P	Pongo pygmaeus T cell receptor gamma variable 6	1	6		BK075461	-
Pongo pygmaeus	TRGV7	P	Pongo pygmaeus T cell receptor gamma variable 7	1	6		BK075461	-
Pongo pygmaeus	TRGV8	F	Pongo pygmaeus T cell receptor gamma variable 8	2	6		BK075461	-
Pongo pygmaeus	TRGV9	F	Pongo pygmaeus T cell receptor gamma variable 9	1	6		BK075461	-
Pongo pygmaeus	TRGVA	P	Pongo pygmaeus T cell receptor gamma variable A	2	6		BK075461	-
Pongo pygmaeus	TRGVB	P	Pongo pygmaeus T cell receptor gamma variable B	2	6		BK075461	-
Pongo pygmaeus	TRGVC	P	Pongo pygmaeus T cell receptor gamma variable C	1	6		BK075461	-
Pongo pygmaeus	TRGVD	P	Pongo pygmaeus T cell receptor gamma variable D	1	6		BK075461	-
Sus scrofa	TRBC1	F	Sus scrofa T cell receptor beta constant 1	1	18		IMGT000039	-
Sus scrofa	TRBC2	F	Sus scrofa T cell receptor beta constant 2	1	18		IMGT000039	-
Sus scrofa	TRBC3	F	Sus scrofa T cell receptor beta constant 3	1	18		IMGT000039	-
Sus scrofa	TRBD1	F	Sus scrofa T cell receptor beta diversity 1	1	18		IMGT000039	-
Sus scrofa	TRBD2	F	Sus scrofa T cell receptor beta diversity 2	1	18		IMGT000039	-
Sus scrofa	TRBD3	F	Sus scrofa T cell receptor beta diversity 3	1	18		IMGT000039	-
Sus scrofa	TRBJ1-1	F	Sus scrofa T cell receptor beta joining 1-1	1	18		IMGT000039	-
Sus scrofa	TRBJ1-2	F	Sus scrofa T cell receptor beta joining 1-2	1	18		IMGT000039	-
Sus scrofa	TRBJ1-3	F	Sus scrofa T cell receptor beta joining 1-3	1	18		IMGT000039	-
Sus scrofa	TRBJ1-4	P	Sus scrofa T cell receptor beta joining 1-4	1	18		IMGT000039	-
Sus scrofa	TRBJ1-5	F	Sus scrofa T cell receptor beta joining 1-5	1	18		IMGT000039	-
Sus scrofa	TRBJ1-6	F	Sus scrofa T cell receptor beta joining 1-6	1	18		IMGT000039	-
Sus scrofa	TRBJ1-7	F	Sus scrofa T cell receptor beta joining 1-7	1	18		IMGT000039	-
Sus scrofa	TRBJ2-1	F	Sus scrofa T cell receptor beta joining 2-1	1	18		IMGT000039	-
Sus scrofa	TRBJ2-2	F	Sus scrofa T cell receptor beta joining 2-2	1	18		IMGT000039	-
Sus scrofa	TRBJ2-3	F	Sus scrofa T cell receptor beta joining 2-3	1	18		IMGT000039	-
Sus scrofa	TRBJ2-4	F	Sus scrofa T cell receptor beta joining 2-4	1	18		IMGT000039	-
Sus scrofa	TRBJ2-5	F	Sus scrofa T cell receptor beta joining 2-5	1	18		IMGT000039	-
Sus scrofa	TRBJ2-6	F	Sus scrofa T cell receptor beta joining 2-6	1	18		IMGT000039	-
Sus scrofa	TRBJ3-1	F	Sus scrofa T cell receptor beta joining 3-1	1	18		IMGT000039	-
Sus scrofa	TRBJ3-2	F	Sus scrofa T cell receptor beta joining 3-2	1	18		IMGT000039	-
Sus scrofa	TRBJ3-3	F	Sus scrofa T cell receptor beta joining 3-3	1	18		IMGT000039	-
Sus scrofa	TRBJ3-4	F	Sus scrofa T cell receptor beta joining 3-4	1	18		IMGT000039	-
Sus scrofa	TRBJ3-5	F	Sus scrofa T cell receptor beta joining 3-5	1	18		IMGT000039	-
Sus scrofa	TRBJ3-6	P	Sus scrofa T cell receptor beta joining 3-6	1	18		IMGT000039	-
Sus scrofa	TRBJ3-7	F	Sus scrofa T cell receptor beta joining 3-7	1	18		IMGT000039	-
Sus scrofa	TRBV1	F	Sus scrofa T cell receptor beta variable 1	1	18		IMGT000039	-
Sus scrofa	TRBV10	F	Sus scrofa T cell receptor beta variable 10	1	18		IMGT000039	-
Sus scrofa	TRBV11	F	Sus scrofa T cell receptor beta variable 11	1	18		IMGT000039	-
Sus scrofa	TRBV12-1	F	Sus scrofa T cell receptor beta variable 12-1	1	18		IMGT000039	-
Sus scrofa	TRBV12-2	P	Sus scrofa T cell receptor beta variable 12-2	1	18		IMGT000039	-
Sus scrofa	TRBV14	F	Sus scrofa T cell receptor beta variable 14	1	18		IMGT000039	-
Sus scrofa	TRBV15	F	Sus scrofa T cell receptor beta variable 15	1	18		IMGT000039	-
Sus scrofa	TRBV19	F	Sus scrofa T cell receptor beta variable 19	1	18		IMGT000039	-
Sus scrofa	TRBV2-1	P	Sus scrofa T cell receptor beta variable 2-1	1	18		IMGT000039	-
Sus scrofa	TRBV2-2	P	Sus scrofa T cell receptor beta variable 2-2	1	18		IMGT000039	-
Sus scrofa	TRBV2-3	P	Sus scrofa T cell receptor beta variable 2-3	1	18		IMGT000039	-
Sus scrofa	TRBV2-4	F	Sus scrofa T cell receptor beta variable 2-4	1	18		IMGT000039	-
Sus scrofa	TRBV2-5	P	Sus scrofa T cell receptor beta variable 2-5	1	18		IMGT000039	-
Sus scrofa	TRBV20-1	F	Sus scrofa T cell receptor beta variable 20-1	1	18		IMGT000039	-
Sus scrofa	TRBV20-2	F	Sus scrofa T cell receptor beta variable 20-2	1	18		IMGT000039	-
Sus scrofa	TRBV20-3	F	Sus scrofa T cell receptor beta variable 20-3	1	18		IMGT000039	-
Sus scrofa	TRBV21	F	Sus scrofa T cell receptor beta variable 21	1	18		IMGT000039	-
Sus scrofa	TRBV22	P	Sus scrofa T cell receptor beta variable 22	1	18		IMGT000039	-
Sus scrofa	TRBV23	P	Sus scrofa T cell receptor beta variable 23	1	18		IMGT000039	-
Sus scrofa	TRBV24	F	Sus scrofa T cell receptor beta variable 24	1	18		IMGT000039	-
Sus scrofa	TRBV25	F	Sus scrofa T cell receptor beta variable 25	1	18		IMGT000039	-
Sus scrofa	TRBV27	F	Sus scrofa T cell receptor beta variable 27	1	18		IMGT000039	-
Sus scrofa	TRBV28	F	Sus scrofa T cell receptor beta variable 28	1	18		IMGT000039	-
Sus scrofa	TRBV29	F	Sus scrofa T cell receptor beta variable 29	1	18		IMGT000039	-
Sus scrofa	TRBV3	F	Sus scrofa T cell receptor beta variable 3	1	18		IMGT000039	-
Sus scrofa	TRBV30	F	Sus scrofa T cell receptor beta variable 30	1	18		IMGT000039	-
Sus scrofa	TRBV4-1	F	Sus scrofa T cell receptor beta variable 4-1	1	18		IMGT000039	-
Sus scrofa	TRBV4-2	P	Sus scrofa T cell receptor beta variable 4-2	1	18		IMGT000039	-
Sus scrofa	TRBV4-3	F	Sus scrofa T cell receptor beta variable 4-3	1	18		IMGT000039	-
Sus scrofa	TRBV4-4	F	Sus scrofa T cell receptor beta variable 4-4	1	18		IMGT000039	-
Sus scrofa	TRBV4-5	F	Sus scrofa T cell receptor beta variable 4-5	1	18		IMGT000039	-
Sus scrofa	TRBV5-1	F	Sus scrofa T cell receptor beta variable 5-1	1	18		IMGT000039	-
Sus scrofa	TRBV5-2	P	Sus scrofa T cell receptor beta variable 5-2	1	18		IMGT000039	-
Sus scrofa	TRBV5-3	F	Sus scrofa T cell receptor beta variable 5-3	1	18		IMGT000039	-
Sus scrofa	TRBV6	P	Sus scrofa T cell receptor beta variable 6	1	18		IMGT000039	-
Sus scrofa	TRBV7-1	F	Sus scrofa T cell receptor beta variable 7-1	1	18		IMGT000039	-
Sus scrofa	TRBV7-2	F	Sus scrofa T cell receptor beta variable 7-2	1	18		IMGT000039	-
Sus scrofa	TRBV8	P	Sus scrofa T cell receptor beta variable 8	1	18		IMGT000039	-
Sus scrofa	TRGC3	F	Sus scrofa T cell receptor gamma constant 3	1	9		BK074882	-
Sus scrofa	TRGC4	F	Sus scrofa T cell receptor gamma constant 4	1	9		BK074882	-
Sus scrofa	TRGC5	F	Sus scrofa T cell receptor gamma constant 5	2	9		BK074883	-
Sus scrofa	TRGC6	F	Sus scrofa T cell receptor gamma constant 6	1	9		BK074883	-
Sus scrofa	TRGJ3-1	ORF	Sus scrofa T cell receptor gamma joining 3-1	1	9		BK074883	-
Sus scrofa	TRGJ4-1	ORF	Sus scrofa T cell receptor gamma joining 4-1	1	9		BK074883	-
Sus scrofa	TRGJ5-1	F	Sus scrofa T cell receptor gamma joining 5-1	1	9		BK074883	-
Sus scrofa	TRGJ5-2	F	Sus scrofa T cell receptor gamma joining 5-2	1	9		BK074883	-
Sus scrofa	TRGJ6-1	ORF	Sus scrofa T cell receptor gamma joining 6-1	1	9		BK074883	-
Sus scrofa	TRGJ6-2	F	Sus scrofa T cell receptor gamma joining 6-2	1	9		BK074883	-
Sus scrofa	TRGV10	F  ORF	Sus scrofa T cell receptor gamma variable 10	2	9		BK074883	-
Sus scrofa	TRGV11	P	Sus scrofa T cell receptor gamma variable 11	2	9		BK074883	-
Sus scrofa	TRGV12-1	F  ORF	Sus scrofa T cell receptor gamma variable 12-1	2	9		BK074883	-
Sus scrofa	TRGV12-2	ORF  P	Sus scrofa T cell receptor gamma variable 12-2	2	9		BK074883	-
Sus scrofa	TRGV3	F	Sus scrofa T cell receptor gamma variable 3	2	9		BK074883	-
Sus scrofa	TRGV4	P	Sus scrofa T cell receptor gamma variable 4	2	9		BK074883	-
Sus scrofa	TRGV6	F	Sus scrofa T cell receptor gamma variable 6	1	9		BK074882	-
Sus scrofa	TRGV7	F	Sus scrofa T cell receptor gamma variable 7	1	9		BK074883	-
Tursiops truncatus	TRAC	F	Tursiops truncatus T cell receptor alpha constant	1			IMGT000020	-
Tursiops truncatus	TRAJ1	ORF	Tursiops truncatus T cell receptor alpha joining 1	1			IMGT000020	-
Tursiops truncatus	TRAJ10	F	Tursiops truncatus T cell receptor alpha joining 10	1			IMGT000020	-
Tursiops truncatus	TRAJ11	F	Tursiops truncatus T cell receptor alpha joining 11	1			IMGT000020	-
Tursiops truncatus	TRAJ12	F	Tursiops truncatus T cell receptor alpha joining 12	1			IMGT000020	-
Tursiops truncatus	TRAJ13	F	Tursiops truncatus T cell receptor alpha joining 13	1			IMGT000020	-
Tursiops truncatus	TRAJ14	ORF	Tursiops truncatus T cell receptor alpha joining 14	1			IMGT000020	-
Tursiops truncatus	TRAJ15	F	Tursiops truncatus T cell receptor alpha joining 15	1			IMGT000020	-
Tursiops truncatus	TRAJ16	F	Tursiops truncatus T cell receptor alpha joining 16	1			IMGT000020	-
Tursiops truncatus	TRAJ17	F	Tursiops truncatus T cell receptor alpha joining 17	1			IMGT000020	-
Tursiops truncatus	TRAJ18	F	Tursiops truncatus T cell receptor alpha joining 18	1			IMGT000020	-
Tursiops truncatus	TRAJ19	ORF	Tursiops truncatus T cell receptor alpha joining 19	1			IMGT000020	-
Tursiops truncatus	TRAJ2	F	Tursiops truncatus T cell receptor alpha joining 2	1			IMGT000020	-
Tursiops truncatus	TRAJ20	F	Tursiops truncatus T cell receptor alpha joining 20	1			IMGT000020	-
Tursiops truncatus	TRAJ21	F	Tursiops truncatus T cell receptor alpha joining 21	1			IMGT000020	-
Tursiops truncatus	TRAJ22	F	Tursiops truncatus T cell receptor alpha joining 22	1			IMGT000020	-
Tursiops truncatus	TRAJ23	ORF	Tursiops truncatus T cell receptor alpha joining 23	1			IMGT000020	-
Tursiops truncatus	TRAJ24	F	Tursiops truncatus T cell receptor alpha joining 24	1			IMGT000020	-
Tursiops truncatus	TRAJ25	ORF	Tursiops truncatus T cell receptor alpha joining 25	1			IMGT000020	-
Tursiops truncatus	TRAJ26	F	Tursiops truncatus T cell receptor alpha joining 26	1			IMGT000020	-
Tursiops truncatus	TRAJ27	F	Tursiops truncatus T cell receptor alpha joining 27	1			IMGT000020	-
Tursiops truncatus	TRAJ28	F	Tursiops truncatus T cell receptor alpha joining 28	1			IMGT000020	-
Tursiops truncatus	TRAJ29	F	Tursiops truncatus T cell receptor alpha joining 29	1			IMGT000020	-
Tursiops truncatus	TRAJ3	F	Tursiops truncatus T cell receptor alpha joining 3	1			IMGT000020	-
Tursiops truncatus	TRAJ30	F	Tursiops truncatus T cell receptor alpha joining 30	1			IMGT000020	-
Tursiops truncatus	TRAJ31	F	Tursiops truncatus T cell receptor alpha joining 31	1			IMGT000020	-
Tursiops truncatus	TRAJ32	ORF	Tursiops truncatus T cell receptor alpha joining 32	1			IMGT000020	-
Tursiops truncatus	TRAJ33	F	Tursiops truncatus T cell receptor alpha joining 33	1			IMGT000020	-
Tursiops truncatus	TRAJ34	F	Tursiops truncatus T cell receptor alpha joining 34	1			IMGT000020	-
Tursiops truncatus	TRAJ35	ORF	Tursiops truncatus T cell receptor alpha joining 35	1			IMGT000020	-
Tursiops truncatus	TRAJ36	ORF	Tursiops truncatus T cell receptor alpha joining 36	1			IMGT000020	-
Tursiops truncatus	TRAJ37	F	Tursiops truncatus T cell receptor alpha joining 37	1			IMGT000020	-
Tursiops truncatus	TRAJ38	F	Tursiops truncatus T cell receptor alpha joining 38	1			IMGT000020	-
Tursiops truncatus	TRAJ39	F	Tursiops truncatus T cell receptor alpha joining 39	1			IMGT000020	-
Tursiops truncatus	TRAJ4	F	Tursiops truncatus T cell receptor alpha joining 4	1			IMGT000020	-
Tursiops truncatus	TRAJ40	F	Tursiops truncatus T cell receptor alpha joining 40	1			IMGT000020	-
Tursiops truncatus	TRAJ41	ORF	Tursiops truncatus T cell receptor alpha joining 41	1			IMGT000020	-
Tursiops truncatus	TRAJ42	F	Tursiops truncatus T cell receptor alpha joining 42	1			IMGT000020	-
Tursiops truncatus	TRAJ43	F	Tursiops truncatus T cell receptor alpha joining 43	1			IMGT000020	-
Tursiops truncatus	TRAJ44	F	Tursiops truncatus T cell receptor alpha joining 44	1			IMGT000020	-
Tursiops truncatus	TRAJ45	ORF	Tursiops truncatus T cell receptor alpha joining 45	1			IMGT000020	-
Tursiops truncatus	TRAJ46	F	Tursiops truncatus T cell receptor alpha joining 46	1			IMGT000020	-
Tursiops truncatus	TRAJ47	F	Tursiops truncatus T cell receptor alpha joining 47	1			IMGT000020	-
Tursiops truncatus	TRAJ48	F	Tursiops truncatus T cell receptor alpha joining 48	1			IMGT000020	-
Tursiops truncatus	TRAJ49	F	Tursiops truncatus T cell receptor alpha joining 49	1			IMGT000020	-
Tursiops truncatus	TRAJ5	F	Tursiops truncatus T cell receptor alpha joining 5	1			IMGT000020	-
Tursiops truncatus	TRAJ50	F	Tursiops truncatus T cell receptor alpha joining 50	1			IMGT000020	-
Tursiops truncatus	TRAJ52	F	Tursiops truncatus T cell receptor alpha joining 52	1			IMGT000020	-
Tursiops truncatus	TRAJ53	F	Tursiops truncatus T cell receptor alpha joining 53	1			IMGT000020	-
Tursiops truncatus	TRAJ54	F	Tursiops truncatus T cell receptor alpha joining 54	1			IMGT000020	-
Tursiops truncatus	TRAJ55	P	Tursiops truncatus T cell receptor alpha joining 55	1			IMGT000020	-
Tursiops truncatus	TRAJ56	P	Tursiops truncatus T cell receptor alpha joining 56	1			IMGT000020	-
Tursiops truncatus	TRAJ57	P	Tursiops truncatus T cell receptor alpha joining 57	1			IMGT000020	-
Tursiops truncatus	TRAJ58	F	Tursiops truncatus T cell receptor alpha joining 58	1			IMGT000020	-
Tursiops truncatus	TRAJ59	ORF	Tursiops truncatus T cell receptor alpha joining 59	1			IMGT000020	-
Tursiops truncatus	TRAJ6	F	Tursiops truncatus T cell receptor alpha joining 6	1			IMGT000020	-
Tursiops truncatus	TRAJ60	F	Tursiops truncatus T cell receptor alpha joining 60	1			IMGT000020	-
Tursiops truncatus	TRAJ61	ORF	Tursiops truncatus T cell receptor alpha joining 61	1			IMGT000020	-
Tursiops truncatus	TRAJ7	F	Tursiops truncatus T cell receptor alpha joining 7	1			IMGT000020	-
Tursiops truncatus	TRAJ8	F	Tursiops truncatus T cell receptor alpha joining 8	1			IMGT000020	-
Tursiops truncatus	TRAJ9	F	Tursiops truncatus T cell receptor alpha joining 9	1			IMGT000020	-
Tursiops truncatus	TRAV14	F	Tursiops truncatus T cell receptor alpha variable 14	2			IMGT000017	-
Tursiops truncatus	TRAV16	F	Tursiops truncatus T cell receptor alpha variable 16	2			IMGT000017	-
Tursiops truncatus	TRAV17	F	Tursiops truncatus T cell receptor alpha variable 17	2			IMGT000017	-
Tursiops truncatus	TRAV18-1	F	Tursiops truncatus T cell receptor alpha variable 18-1	1			IMGT000019	-
Tursiops truncatus	TRAV19	P	Tursiops truncatus T cell receptor alpha variable 19	1			IMGT000019	-
Tursiops truncatus	TRAV20-1	F	Tursiops truncatus T cell receptor alpha variable 20-1	1			IMGT000017	-
Tursiops truncatus	TRAV20-1D	F	Tursiops truncatus T cell receptor alpha variable 20-1D	1			IMGT000018	-
Tursiops truncatus	TRAV24	P	Tursiops truncatus T cell receptor alpha variable 24	1			IMGT000017	-
Tursiops truncatus	TRAV24D	P	Tursiops truncatus T cell receptor alpha variable 24D	1			IMGT000018	-
Tursiops truncatus	TRAV37	ORF	Tursiops truncatus T cell receptor alpha variable 37	2			JH484271	-
Tursiops truncatus	TRAV38-1	F	Tursiops truncatus T cell receptor alpha variable 38-1	1			JH484271	-
Tursiops truncatus	TRAV38-2	P	Tursiops truncatus T cell receptor alpha variable 38-2	1			JH484271	-
Tursiops truncatus	TRAV39	P	Tursiops truncatus T cell receptor alpha variable 39	1			JH484271	-
Tursiops truncatus	TRAV40	P	Tursiops truncatus T cell receptor alpha variable 40	1			JH484271	-
Tursiops truncatus	TRAV41	F	Tursiops truncatus T cell receptor alpha variable 41	1			JH484271	-
Tursiops truncatus	TRAV46	P	Tursiops truncatus T cell receptor alpha variable 46	1			JH481615	-
Tursiops truncatus	TRAV8-1	F	Tursiops truncatus T cell receptor alpha variable 8-1	1			IMGT000017	-
Tursiops truncatus	TRAV8-1D	F	Tursiops truncatus T cell receptor alpha variable 8-1D	1			IMGT000018	-
Tursiops truncatus	TRAV9	F	Tursiops truncatus T cell receptor alpha variable 9	2			IMGT000017	-
Tursiops truncatus	TRDC	F	Tursiops truncatus T cell receptor delta constant	1			JH481615	-
Tursiops truncatus	TRDD1S1	F	Tursiops truncatus T cell receptor delta diversity 1S1	1			JH481615	-
Tursiops truncatus	TRDD2S1	F	Tursiops truncatus T cell receptor delta diversity 2S1	1			JH481615	-
Tursiops truncatus	TRDJ1	ORF	Tursiops truncatus T cell receptor delta joining 1	1			JH481615	-
Tursiops truncatus	TRDJ2	ORF	Tursiops truncatus T cell receptor delta joining 2	1			JH481615	-
Tursiops truncatus	TRDJ3	P	Tursiops truncatus T cell receptor delta joining 3	1			JH481615	-
Tursiops truncatus	TRDJ4	F	Tursiops truncatus T cell receptor delta joining 4	1			JH481615	-
Tursiops truncatus	TRDV1-1	F	Tursiops truncatus T cell receptor delta variable 1-1	1			IMGT000016	-
Tursiops truncatus	TRDV1-1D	F	Tursiops truncatus T cell receptor delta variable 1-1D	1			IMGT000017	-
Tursiops truncatus	TRDV1-1N	F	Tursiops truncatus T cell receptor delta variable 1-1N	1			IMGT000018	-
Tursiops truncatus	TRDV2	F	Tursiops truncatus T cell receptor delta variable 2	1			JH481615	-
Tursiops truncatus	TRDV3	P	Tursiops truncatus T cell receptor delta variable 3	1			JH481615	-
Tursiops truncatus	TRDV4	P	Tursiops truncatus T cell receptor delta variable 4	1			JH481615	-
Tursiops truncatus	TRGC	F	Tursiops truncatus T cell receptor gamma constant	1			JH473572	-
Tursiops truncatus	TRGJ1	F	Tursiops truncatus T cell receptor gamma joining 1	1			JH473572	-
Tursiops truncatus	TRGJ2	F	Tursiops truncatus T cell receptor gamma joining 2	1			JH473572	-
Tursiops truncatus	TRGJ3	F	Tursiops truncatus T cell receptor gamma joining 3	2			JH473572	-
Tursiops truncatus	TRGV1	F	Tursiops truncatus T cell receptor gamma variable 1	1			JH473572	-
Tursiops truncatus	TRGV2	F	Tursiops truncatus T cell receptor gamma variable 2	2			JH473572	-
